,SECUCODE,SECURITY_CODE,SECURITY_NAME_ABBR,REPORT_DATE,REPORT_TYPE,REPORT,STD_ITEM_CODE,AMOUNT,ITEM_NAME
0,TSLA.O,TSLA,特斯拉,2024-12-31 00:00:00,年报,2024/FY,004001001,97690000000.0,主营收入
1,TSLA.O,TSLA,特斯拉,2023-12-31 00:00:00,年报,2023/FY,004001001,96773000000.0,主营收入
2,TSLA.O,TSLA,特斯拉,2022-12-31 00:00:00,年报,2022/FY,004001001,81462000000.0,主营收入
3,TSLA.O,TSLA,特斯拉,2021-12-31 00:00:00,年报,2021/FY,004001001,53823000000.0,主营收入
4,TSLA.O,TSLA,特斯拉,2020-12-31 00:00:00,年报,2020/FY,004001001,31536000000.0,主营收入
5,TSLA.O,TSLA,特斯拉,2019-12-31 00:00:00,年报,2019/FY,004001001,24578000000.0,主营收入
6,TSLA.O,TSLA,特斯拉,2018-12-31 00:00:00,年报,2018/FY,004001001,21461000000.0,主营收入
7,TSLA.O,TSLA,特斯拉,2017-12-31 00:00:00,年报,2017/FY,004001001,11759000000.0,主营收入
8,TSLA.O,TSLA,特斯拉,2016-12-31 00:00:00,年报,2016/FY,004001001,7000132000.0,主营收入
9,TSLA.O,TSLA,特斯拉,2015-12-31 00:00:00,年报,2015/FY,004001001,4046025000.0,主营收入
10,TSLA.O,TSLA,特斯拉,2014-12-31 00:00:00,年报,2014/FY,004001001,3198356000.0,主营收入
11,TSLA.O,TSLA,特斯拉,2013-12-31 00:00:00,年报,2013/FY,004001001,2013496000.0,主营收入
12,TSLA.O,TSLA,特斯拉,2012-12-31 00:00:00,年报,2012/FY,004001001,413256000.0,主营收入
13,TSLA.O,TSLA,特斯拉,2011-12-31 00:00:00,年报,2011/FY,004001001,204242000.0,主营收入
14,TSLA.O,TSLA,特斯拉,2010-12-31 00:00:00,年报,2010/FY,004001001,116744000.0,主营收入
15,TSLA.O,TSLA,特斯拉,2009-12-31 00:00:00,年报,2009/FY,004001001,111943000.0,主营收入
16,TSLA.O,TSLA,特斯拉,2008-12-31 00:00:00,年报,2008/FY,004001001,14742000.0,主营收入
17,TSLA.O,TSLA,特斯拉,2007-12-31 00:00:00,年报,2007/FY,004001001,73000.0,主营收入
18,TSLA.O,TSLA,特斯拉,2024-12-31 00:00:00,年报,2024/FY,004001999,97690000000.0,营业收入
19,TSLA.O,TSLA,特斯拉,2023-12-31 00:00:00,年报,2023/FY,004001999,96773000000.0,营业收入
20,TSLA.O,TSLA,特斯拉,2022-12-31 00:00:00,年报,2022/FY,004001999,81462000000.0,营业收入
21,TSLA.O,TSLA,特斯拉,2021-12-31 00:00:00,年报,2021/FY,004001999,53823000000.0,营业收入
22,TSLA.O,TSLA,特斯拉,2020-12-31 00:00:00,年报,2020/FY,004001999,31536000000.0,营业收入
23,TSLA.O,TSLA,特斯拉,2019-12-31 00:00:00,年报,2019/FY,004001999,24578000000.0,营业收入
24,TSLA.O,TSLA,特斯拉,2018-12-31 00:00:00,年报,2018/FY,004001999,21461000000.0,营业收入
25,TSLA.O,TSLA,特斯拉,2017-12-31 00:00:00,年报,2017/FY,004001999,11759000000.0,营业收入
26,TSLA.O,TSLA,特斯拉,2016-12-31 00:00:00,年报,2016/FY,004001999,7000132000.0,营业收入
27,TSLA.O,TSLA,特斯拉,2015-12-31 00:00:00,年报,2015/FY,004001999,4046025000.0,营业收入
28,TSLA.O,TSLA,特斯拉,2014-12-31 00:00:00,年报,2014/FY,004001999,3198356000.0,营业收入
29,TSLA.O,TSLA,特斯拉,2013-12-31 00:00:00,年报,2013/FY,004001999,2013496000.0,营业收入
30,TSLA.O,TSLA,特斯拉,2012-12-31 00:00:00,年报,2012/FY,004001999,413256000.0,营业收入
31,TSLA.O,TSLA,特斯拉,2011-12-31 00:00:00,年报,2011/FY,004001999,204242000.0,营业收入
32,TSLA.O,TSLA,特斯拉,2010-12-31 00:00:00,年报,2010/FY,004001999,116744000.0,营业收入
33,TSLA.O,TSLA,特斯拉,2009-12-31 00:00:00,年报,2009/FY,004001999,111943000.0,营业收入
34,TSLA.O,TSLA,特斯拉,2008-12-31 00:00:00,年报,2008/FY,004001999,14742000.0,营业收入
35,TSLA.O,TSLA,特斯拉,2007-12-31 00:00:00,年报,2007/FY,004001999,73000.0,营业收入
36,TSLA.O,TSLA,特斯拉,2024-12-31 00:00:00,年报,2024/FY,004003001,80240000000.0,主营成本
37,TSLA.O,TSLA,特斯拉,2023-12-31 00:00:00,年报,2023/FY,004003001,79113000000.0,主营成本
38,TSLA.O,TSLA,特斯拉,2022-12-31 00:00:00,年报,2022/FY,004003001,60609000000.0,主营成本
39,TSLA.O,TSLA,特斯拉,2021-12-31 00:00:00,年报,2021/FY,004003001,40217000000.0,主营成本
40,TSLA.O,TSLA,特斯拉,2020-12-31 00:00:00,年报,2020/FY,004003001,24906000000.0,主营成本
41,TSLA.O,TSLA,特斯拉,2019-12-31 00:00:00,年报,2019/FY,004003001,20509000000.0,主营成本
42,TSLA.O,TSLA,特斯拉,2018-12-31 00:00:00,年报,2018/FY,004003001,17419000000.0,主营成本
43,TSLA.O,TSLA,特斯拉,2017-12-31 00:00:00,年报,2017/FY,004003001,9536000000.0,主营成本
44,TSLA.O,TSLA,特斯拉,2016-12-31 00:00:00,年报,2016/FY,004003001,5400875000.0,主营成本
45,TSLA.O,TSLA,特斯拉,2015-12-31 00:00:00,年报,2015/FY,004003001,3122522000.0,主营成本
46,TSLA.O,TSLA,特斯拉,2014-12-31 00:00:00,年报,2014/FY,004003001,2316685000.0,主营成本
47,TSLA.O,TSLA,特斯拉,2013-12-31 00:00:00,年报,2013/FY,004003001,1557234000.0,主营成本
48,TSLA.O,TSLA,特斯拉,2012-12-31 00:00:00,年报,2012/FY,004003001,383189000.0,主营成本
49,TSLA.O,TSLA,特斯拉,2011-12-31 00:00:00,年报,2011/FY,004003001,142647000.0,主营成本
50,TSLA.O,TSLA,特斯拉,2009-12-31 00:00:00,年报,2009/FY,004003001,102408000.0,主营成本
51,TSLA.O,TSLA,特斯拉,2008-12-31 00:00:00,年报,2008/FY,004003001,15883000.0,主营成本
52,TSLA.O,TSLA,特斯拉,2007-12-31 00:00:00,年报,2007/FY,004003001,9000.0,主营成本
53,TSLA.O,TSLA,特斯拉,2024-12-31 00:00:00,年报,2024/FY,004003999,80240000000.0,营业成本
54,TSLA.O,TSLA,特斯拉,2023-12-31 00:00:00,年报,2023/FY,004003999,79113000000.0,营业成本
55,TSLA.O,TSLA,特斯拉,2022-12-31 00:00:00,年报,2022/FY,004003999,60609000000.0,营业成本
56,TSLA.O,TSLA,特斯拉,2021-12-31 00:00:00,年报,2021/FY,004003999,40217000000.0,营业成本
57,TSLA.O,TSLA,特斯拉,2020-12-31 00:00:00,年报,2020/FY,004003999,24906000000.0,营业成本
58,TSLA.O,TSLA,特斯拉,2019-12-31 00:00:00,年报,2019/FY,004003999,20509000000.0,营业成本
59,TSLA.O,TSLA,特斯拉,2018-12-31 00:00:00,年报,2018/FY,004003999,17419000000.0,营业成本
60,TSLA.O,TSLA,特斯拉,2017-12-31 00:00:00,年报,2017/FY,004003999,9536000000.0,营业成本
61,TSLA.O,TSLA,特斯拉,2016-12-31 00:00:00,年报,2016/FY,004003999,5400875000.0,营业成本
62,TSLA.O,TSLA,特斯拉,2015-12-31 00:00:00,年报,2015/FY,004003999,3122522000.0,营业成本
63,TSLA.O,TSLA,特斯拉,2014-12-31 00:00:00,年报,2014/FY,004003999,2316685000.0,营业成本
64,TSLA.O,TSLA,特斯拉,2013-12-31 00:00:00,年报,2013/FY,004003999,1557234000.0,营业成本
65,TSLA.O,TSLA,特斯拉,2012-12-31 00:00:00,年报,2012/FY,004003999,383189000.0,营业成本
66,TSLA.O,TSLA,特斯拉,2011-12-31 00:00:00,年报,2011/FY,004003999,142647000.0,营业成本
67,TSLA.O,TSLA,特斯拉,2010-12-31 00:00:00,年报,2010/FY,004003999,86013000.0,营业成本
68,TSLA.O,TSLA,特斯拉,2009-12-31 00:00:00,年报,2009/FY,004003999,102408000.0,营业成本
69,TSLA.O,TSLA,特斯拉,2008-12-31 00:00:00,年报,2008/FY,004003999,15883000.0,营业成本
70,TSLA.O,TSLA,特斯拉,2007-12-31 00:00:00,年报,2007/FY,004003999,9000.0,营业成本
71,TSLA.O,TSLA,特斯拉,2024-12-31 00:00:00,年报,2024/FY,004005999,17450000000.0,毛利
72,TSLA.O,TSLA,特斯拉,2023-12-31 00:00:00,年报,2023/FY,004005999,17660000000.0,毛利
73,TSLA.O,TSLA,特斯拉,2022-12-31 00:00:00,年报,2022/FY,004005999,20853000000.0,毛利
74,TSLA.O,TSLA,特斯拉,2021-12-31 00:00:00,年报,2021/FY,004005999,13606000000.0,毛利
75,TSLA.O,TSLA,特斯拉,2020-12-31 00:00:00,年报,2020/FY,004005999,6630000000.0,毛利
76,TSLA.O,TSLA,特斯拉,2019-12-31 00:00:00,年报,2019/FY,004005999,4069000000.0,毛利
77,TSLA.O,TSLA,特斯拉,2018-12-31 00:00:00,年报,2018/FY,004005999,4042000000.0,毛利
78,TSLA.O,TSLA,特斯拉,2017-12-31 00:00:00,年报,2017/FY,004005999,2223000000.0,毛利
79,TSLA.O,TSLA,特斯拉,2016-12-31 00:00:00,年报,2016/FY,004005999,1599257000.0,毛利
80,TSLA.O,TSLA,特斯拉,2015-12-31 00:00:00,年报,2015/FY,004005999,923503000.0,毛利
81,TSLA.O,TSLA,特斯拉,2014-12-31 00:00:00,年报,2014/FY,004005999,881671000.0,毛利
82,TSLA.O,TSLA,特斯拉,2013-12-31 00:00:00,年报,2013/FY,004005999,456262000.0,毛利
83,TSLA.O,TSLA,特斯拉,2012-12-31 00:00:00,年报,2012/FY,004005999,30067000.0,毛利
84,TSLA.O,TSLA,特斯拉,2011-12-31 00:00:00,年报,2011/FY,004005999,61595000.0,毛利
85,TSLA.O,TSLA,特斯拉,2010-12-31 00:00:00,年报,2010/FY,004005999,30731000.0,毛利
86,TSLA.O,TSLA,特斯拉,2009-12-31 00:00:00,年报,2009/FY,004005999,9535000.0,毛利
87,TSLA.O,TSLA,特斯拉,2008-12-31 00:00:00,年报,2008/FY,004005999,-1141000.0,毛利
88,TSLA.O,TSLA,特斯拉,2007-12-31 00:00:00,年报,2007/FY,004005999,64000.0,毛利
89,TSLA.O,TSLA,特斯拉,2024-12-31 00:00:00,年报,2024/FY,004007001,4540000000.0,研发费用
90,TSLA.O,TSLA,特斯拉,2023-12-31 00:00:00,年报,2023/FY,004007001,3969000000.0,研发费用
91,TSLA.O,TSLA,特斯拉,2022-12-31 00:00:00,年报,2022/FY,004007001,3075000000.0,研发费用
92,TSLA.O,TSLA,特斯拉,2021-12-31 00:00:00,年报,2021/FY,004007001,2593000000.0,研发费用
93,TSLA.O,TSLA,特斯拉,2020-12-31 00:00:00,年报,2020/FY,004007001,1491000000.0,研发费用
94,TSLA.O,TSLA,特斯拉,2019-12-31 00:00:00,年报,2019/FY,004007001,1343000000.0,研发费用
95,TSLA.O,TSLA,特斯拉,2018-12-31 00:00:00,年报,2018/FY,004007001,1460000000.0,研发费用
96,TSLA.O,TSLA,特斯拉,2017-12-31 00:00:00,年报,2017/FY,004007001,1378000000.0,研发费用
97,TSLA.O,TSLA,特斯拉,2016-12-31 00:00:00,年报,2016/FY,004007001,834408000.0,研发费用
98,TSLA.O,TSLA,特斯拉,2015-12-31 00:00:00,年报,2015/FY,004007001,717900000.0,研发费用
99,TSLA.O,TSLA,特斯拉,2014-12-31 00:00:00,年报,2014/FY,004007001,464700000.0,研发费用
100,TSLA.O,TSLA,特斯拉,2013-12-31 00:00:00,年报,2013/FY,004007001,231976000.0,研发费用
101,TSLA.O,TSLA,特斯拉,2012-12-31 00:00:00,年报,2012/FY,004007001,273978000.0,研发费用
102,TSLA.O,TSLA,特斯拉,2011-12-31 00:00:00,年报,2011/FY,004007001,208981000.0,研发费用
103,TSLA.O,TSLA,特斯拉,2010-12-31 00:00:00,年报,2010/FY,004007001,92996000.0,研发费用
104,TSLA.O,TSLA,特斯拉,2009-12-31 00:00:00,年报,2009/FY,004007001,19282000.0,研发费用
105,TSLA.O,TSLA,特斯拉,2008-12-31 00:00:00,年报,2008/FY,004007001,53714000.0,研发费用
106,TSLA.O,TSLA,特斯拉,2007-12-31 00:00:00,年报,2007/FY,004007001,62753000.0,研发费用
107,TSLA.O,TSLA,特斯拉,2006-12-31 00:00:00,年报,2006/FY,004007001,24995000.0,研发费用
108,TSLA.O,TSLA,特斯拉,2024-12-31 00:00:00,年报,2024/FY,004007002,5150000000.0,营销费用
109,TSLA.O,TSLA,特斯拉,2023-12-31 00:00:00,年报,2023/FY,004007002,4800000000.0,营销费用
110,TSLA.O,TSLA,特斯拉,2022-12-31 00:00:00,年报,2022/FY,004007002,3946000000.0,营销费用
111,TSLA.O,TSLA,特斯拉,2021-12-31 00:00:00,年报,2021/FY,004007002,4517000000.0,营销费用
112,TSLA.O,TSLA,特斯拉,2020-12-31 00:00:00,年报,2020/FY,004007002,3145000000.0,营销费用
113,TSLA.O,TSLA,特斯拉,2019-12-31 00:00:00,年报,2019/FY,004007002,2646000000.0,营销费用
114,TSLA.O,TSLA,特斯拉,2018-12-31 00:00:00,年报,2018/FY,004007002,2835000000.0,营销费用
115,TSLA.O,TSLA,特斯拉,2017-12-31 00:00:00,年报,2017/FY,004007002,2477000000.0,营销费用
116,TSLA.O,TSLA,特斯拉,2016-12-31 00:00:00,年报,2016/FY,004007002,1432189000.0,营销费用
117,TSLA.O,TSLA,特斯拉,2015-12-31 00:00:00,年报,2015/FY,004007002,922232000.0,营销费用
118,TSLA.O,TSLA,特斯拉,2014-12-31 00:00:00,年报,2014/FY,004007002,603660000.0,营销费用
119,TSLA.O,TSLA,特斯拉,2013-12-31 00:00:00,年报,2013/FY,004007002,285569000.0,营销费用
120,TSLA.O,TSLA,特斯拉,2012-12-31 00:00:00,年报,2012/FY,004007002,150372000.0,营销费用
121,TSLA.O,TSLA,特斯拉,2011-12-31 00:00:00,年报,2011/FY,004007002,104102000.0,营销费用
122,TSLA.O,TSLA,特斯拉,2010-12-31 00:00:00,年报,2010/FY,004007002,84573000.0,营销费用
123,TSLA.O,TSLA,特斯拉,2009-12-31 00:00:00,年报,2009/FY,004007002,42150000.0,营销费用
124,TSLA.O,TSLA,特斯拉,2008-12-31 00:00:00,年报,2008/FY,004007002,23649000.0,营销费用
125,TSLA.O,TSLA,特斯拉,2007-12-31 00:00:00,年报,2007/FY,004007002,17244000.0,营销费用
126,TSLA.O,TSLA,特斯拉,2006-12-31 00:00:00,年报,2006/FY,004007002,5436000.0,营销费用
127,TSLA.O,TSLA,特斯拉,2010-12-31 00:00:00,年报,2010/FY,004007006,0.0,其他营业费用
128,TSLA.O,TSLA,特斯拉,2024-12-31 00:00:00,年报,2024/FY,004007007,684000000.0,重组费用
129,TSLA.O,TSLA,特斯拉,2022-12-31 00:00:00,年报,2022/FY,004007007,176000000.0,重组费用
130,TSLA.O,TSLA,特斯拉,2021-12-31 00:00:00,年报,2021/FY,004007007,-27000000.0,重组费用
131,TSLA.O,TSLA,特斯拉,2019-12-31 00:00:00,年报,2019/FY,004007007,149000000.0,重组费用
132,TSLA.O,TSLA,特斯拉,2018-12-31 00:00:00,年报,2018/FY,004007007,135000000.0,重组费用
133,TSLA.O,TSLA,特斯拉,2024-12-31 00:00:00,年报,2024/FY,004007999,10374000000.0,营业费用
134,TSLA.O,TSLA,特斯拉,2023-12-31 00:00:00,年报,2023/FY,004007999,8769000000.0,营业费用
135,TSLA.O,TSLA,特斯拉,2022-12-31 00:00:00,年报,2022/FY,004007999,7197000000.0,营业费用
136,TSLA.O,TSLA,特斯拉,2021-12-31 00:00:00,年报,2021/FY,004007999,7083000000.0,营业费用
137,TSLA.O,TSLA,特斯拉,2020-12-31 00:00:00,年报,2020/FY,004007999,4636000000.0,营业费用
138,TSLA.O,TSLA,特斯拉,2019-12-31 00:00:00,年报,2019/FY,004007999,4138000000.0,营业费用
139,TSLA.O,TSLA,特斯拉,2018-12-31 00:00:00,年报,2018/FY,004007999,4430000000.0,营业费用
140,TSLA.O,TSLA,特斯拉,2017-12-31 00:00:00,年报,2017/FY,004007999,3855000000.0,营业费用
141,TSLA.O,TSLA,特斯拉,2016-12-31 00:00:00,年报,2016/FY,004007999,2266597000.0,营业费用
142,TSLA.O,TSLA,特斯拉,2015-12-31 00:00:00,年报,2015/FY,004007999,1640132000.0,营业费用
143,TSLA.O,TSLA,特斯拉,2014-12-31 00:00:00,年报,2014/FY,004007999,1068360000.0,营业费用
144,TSLA.O,TSLA,特斯拉,2013-12-31 00:00:00,年报,2013/FY,004007999,517545000.0,营业费用
145,TSLA.O,TSLA,特斯拉,2012-12-31 00:00:00,年报,2012/FY,004007999,424350000.0,营业费用
146,TSLA.O,TSLA,特斯拉,2011-12-31 00:00:00,年报,2011/FY,004007999,313083000.0,营业费用
147,TSLA.O,TSLA,特斯拉,2010-12-31 00:00:00,年报,2010/FY,004007999,177569000.0,营业费用
148,TSLA.O,TSLA,特斯拉,2009-12-31 00:00:00,年报,2009/FY,004007999,61432000.0,营业费用
149,TSLA.O,TSLA,特斯拉,2008-12-31 00:00:00,年报,2008/FY,004007999,77363000.0,营业费用
150,TSLA.O,TSLA,特斯拉,2007-12-31 00:00:00,年报,2007/FY,004007999,79997000.0,营业费用
151,TSLA.O,TSLA,特斯拉,2006-12-31 00:00:00,年报,2006/FY,004007999,30431000.0,营业费用
152,TSLA.O,TSLA,特斯拉,2024-12-31 00:00:00,年报,2024/FY,004009999,7076000000.0,营业利润
153,TSLA.O,TSLA,特斯拉,2023-12-31 00:00:00,年报,2023/FY,004009999,8891000000.0,营业利润
154,TSLA.O,TSLA,特斯拉,2022-12-31 00:00:00,年报,2022/FY,004009999,13656000000.0,营业利润
155,TSLA.O,TSLA,特斯拉,2021-12-31 00:00:00,年报,2021/FY,004009999,6523000000.0,营业利润
156,TSLA.O,TSLA,特斯拉,2020-12-31 00:00:00,年报,2020/FY,004009999,1994000000.0,营业利润
157,TSLA.O,TSLA,特斯拉,2019-12-31 00:00:00,年报,2019/FY,004009999,-69000000.0,营业利润
158,TSLA.O,TSLA,特斯拉,2018-12-31 00:00:00,年报,2018/FY,004009999,-388000000.0,营业利润
159,TSLA.O,TSLA,特斯拉,2017-12-31 00:00:00,年报,2017/FY,004009999,-1632000000.0,营业利润
160,TSLA.O,TSLA,特斯拉,2016-12-31 00:00:00,年报,2016/FY,004009999,-667340000.0,营业利润
161,TSLA.O,TSLA,特斯拉,2015-12-31 00:00:00,年报,2015/FY,004009999,-716629000.0,营业利润
162,TSLA.O,TSLA,特斯拉,2014-12-31 00:00:00,年报,2014/FY,004009999,-186689000.0,营业利润
163,TSLA.O,TSLA,特斯拉,2013-12-31 00:00:00,年报,2013/FY,004009999,-61283000.0,营业利润
164,TSLA.O,TSLA,特斯拉,2012-12-31 00:00:00,年报,2012/FY,004009999,-394283000.0,营业利润
165,TSLA.O,TSLA,特斯拉,2011-12-31 00:00:00,年报,2011/FY,004009999,-251488000.0,营业利润
166,TSLA.O,TSLA,特斯拉,2010-12-31 00:00:00,年报,2010/FY,004009999,-146838000.0,营业利润
167,TSLA.O,TSLA,特斯拉,2009-12-31 00:00:00,年报,2009/FY,004009999,-51897000.0,营业利润
168,TSLA.O,TSLA,特斯拉,2008-12-31 00:00:00,年报,2008/FY,004009999,-78504000.0,营业利润
169,TSLA.O,TSLA,特斯拉,2007-12-31 00:00:00,年报,2007/FY,004009999,-79933000.0,营业利润
170,TSLA.O,TSLA,特斯拉,2006-12-31 00:00:00,年报,2006/FY,004009999,-30431000.0,营业利润
171,TSLA.O,TSLA,特斯拉,2024-12-31 00:00:00,年报,2024/FY,004011001,1569000000.0,利息收入
172,TSLA.O,TSLA,特斯拉,2023-12-31 00:00:00,年报,2023/FY,004011001,1066000000.0,利息收入
173,TSLA.O,TSLA,特斯拉,2022-12-31 00:00:00,年报,2022/FY,004011001,297000000.0,利息收入
174,TSLA.O,TSLA,特斯拉,2021-12-31 00:00:00,年报,2021/FY,004011001,56000000.0,利息收入
175,TSLA.O,TSLA,特斯拉,2020-12-31 00:00:00,年报,2020/FY,004011001,30000000.0,利息收入
176,TSLA.O,TSLA,特斯拉,2019-12-31 00:00:00,年报,2019/FY,004011001,44000000.0,利息收入
177,TSLA.O,TSLA,特斯拉,2018-12-31 00:00:00,年报,2018/FY,004011001,24000000.0,利息收入
178,TSLA.O,TSLA,特斯拉,2017-12-31 00:00:00,年报,2017/FY,004011001,19000000.0,利息收入
179,TSLA.O,TSLA,特斯拉,2016-12-31 00:00:00,年报,2016/FY,004011001,8530000.0,利息收入
180,TSLA.O,TSLA,特斯拉,2015-12-31 00:00:00,年报,2015/FY,004011001,1508000.0,利息收入
181,TSLA.O,TSLA,特斯拉,2014-12-31 00:00:00,年报,2014/FY,004011001,1126000.0,利息收入
182,TSLA.O,TSLA,特斯拉,2013-12-31 00:00:00,年报,2013/FY,004011001,189000.0,利息收入
183,TSLA.O,TSLA,特斯拉,2012-12-31 00:00:00,年报,2012/FY,004011001,288000.0,利息收入
184,TSLA.O,TSLA,特斯拉,2011-12-31 00:00:00,年报,2011/FY,004011001,255000.0,利息收入
185,TSLA.O,TSLA,特斯拉,2010-12-31 00:00:00,年报,2010/FY,004011001,258000.0,利息收入
186,TSLA.O,TSLA,特斯拉,2009-12-31 00:00:00,年报,2009/FY,004011001,159000.0,利息收入
187,TSLA.O,TSLA,特斯拉,2008-12-31 00:00:00,年报,2008/FY,004011001,529000.0,利息收入
188,TSLA.O,TSLA,特斯拉,2007-12-31 00:00:00,年报,2007/FY,004011001,1749000.0,利息收入
189,TSLA.O,TSLA,特斯拉,2006-12-31 00:00:00,年报,2006/FY,004011001,938000.0,利息收入
190,TSLA.O,TSLA,特斯拉,2024-12-31 00:00:00,年报,2024/FY,004011002,-350000000.0,利息支出
191,TSLA.O,TSLA,特斯拉,2023-12-31 00:00:00,年报,2023/FY,004011002,-156000000.0,利息支出
192,TSLA.O,TSLA,特斯拉,2022-12-31 00:00:00,年报,2022/FY,004011002,-191000000.0,利息支出
193,TSLA.O,TSLA,特斯拉,2021-12-31 00:00:00,年报,2021/FY,004011002,-371000000.0,利息支出
194,TSLA.O,TSLA,特斯拉,2020-12-31 00:00:00,年报,2020/FY,004011002,-748000000.0,利息支出
195,TSLA.O,TSLA,特斯拉,2019-12-31 00:00:00,年报,2019/FY,004011002,-685000000.0,利息支出
196,TSLA.O,TSLA,特斯拉,2018-12-31 00:00:00,年报,2018/FY,004011002,-663000000.0,利息支出
197,TSLA.O,TSLA,特斯拉,2017-12-31 00:00:00,年报,2017/FY,004011002,-471000000.0,利息支出
198,TSLA.O,TSLA,特斯拉,2016-12-31 00:00:00,年报,2016/FY,004011002,-198810000.0,利息支出
199,TSLA.O,TSLA,特斯拉,2015-12-31 00:00:00,年报,2015/FY,004011002,-118851000.0,利息支出
200,TSLA.O,TSLA,特斯拉,2014-12-31 00:00:00,年报,2014/FY,004011002,-100886000.0,利息支出
201,TSLA.O,TSLA,特斯拉,2013-12-31 00:00:00,年报,2013/FY,004011002,-32934000.0,利息支出
202,TSLA.O,TSLA,特斯拉,2012-12-31 00:00:00,年报,2012/FY,004011002,-254000.0,利息支出
203,TSLA.O,TSLA,特斯拉,2011-12-31 00:00:00,年报,2011/FY,004011002,-43000.0,利息支出
204,TSLA.O,TSLA,特斯拉,2010-12-31 00:00:00,年报,2010/FY,004011002,-992000.0,利息支出
205,TSLA.O,TSLA,特斯拉,2009-12-31 00:00:00,年报,2009/FY,004011002,-2531000.0,利息支出
206,TSLA.O,TSLA,特斯拉,2008-12-31 00:00:00,年报,2008/FY,004011002,-3747000.0,利息支出
207,TSLA.O,TSLA,特斯拉,2006-12-31 00:00:00,年报,2006/FY,004011002,-423000.0,利息支出
208,TSLA.O,TSLA,特斯拉,2024-12-31 00:00:00,年报,2024/FY,004011005,695000000.0,其他收入(支出)
209,TSLA.O,TSLA,特斯拉,2023-12-31 00:00:00,年报,2023/FY,004011005,172000000.0,其他收入(支出)
210,TSLA.O,TSLA,特斯拉,2022-12-31 00:00:00,年报,2022/FY,004011005,-43000000.0,其他收入(支出)
211,TSLA.O,TSLA,特斯拉,2021-12-31 00:00:00,年报,2021/FY,004011005,135000000.0,其他收入(支出)
212,TSLA.O,TSLA,特斯拉,2020-12-31 00:00:00,年报,2020/FY,004011005,-122000000.0,其他收入(支出)
213,TSLA.O,TSLA,特斯拉,2019-12-31 00:00:00,年报,2019/FY,004011005,45000000.0,其他收入(支出)
214,TSLA.O,TSLA,特斯拉,2018-12-31 00:00:00,年报,2018/FY,004011005,22000000.0,其他收入(支出)
215,TSLA.O,TSLA,特斯拉,2017-12-31 00:00:00,年报,2017/FY,004011005,-125000000.0,其他收入(支出)
216,TSLA.O,TSLA,特斯拉,2016-12-31 00:00:00,年报,2016/FY,004011005,111272000.0,其他收入(支出)
217,TSLA.O,TSLA,特斯拉,2015-12-31 00:00:00,年报,2015/FY,004011005,-41652000.0,其他收入(支出)
218,TSLA.O,TSLA,特斯拉,2014-12-31 00:00:00,年报,2014/FY,004011005,1813000.0,其他收入(支出)
219,TSLA.O,TSLA,特斯拉,2013-12-31 00:00:00,年报,2013/FY,004011005,22602000.0,其他收入(支出)
220,TSLA.O,TSLA,特斯拉,2012-12-31 00:00:00,年报,2012/FY,004011005,-1828000.0,其他收入(支出)
221,TSLA.O,TSLA,特斯拉,2011-12-31 00:00:00,年报,2011/FY,004011005,-2646000.0,其他收入(支出)
222,TSLA.O,TSLA,特斯拉,2010-12-31 00:00:00,年报,2010/FY,004011005,-6583000.0,其他收入(支出)
223,TSLA.O,TSLA,特斯拉,2009-12-31 00:00:00,年报,2009/FY,004011005,-1445000.0,其他收入(支出)
224,TSLA.O,TSLA,特斯拉,2008-12-31 00:00:00,年报,2008/FY,004011005,-963000.0,其他收入(支出)
225,TSLA.O,TSLA,特斯拉,2007-12-31 00:00:00,年报,2007/FY,004011005,137000.0,其他收入(支出)
226,TSLA.O,TSLA,特斯拉,2006-12-31 00:00:00,年报,2006/FY,004011005,59000.0,其他收入(支出)
227,TSLA.O,TSLA,特斯拉,2024-12-31 00:00:00,年报,2024/FY,004011999,8990000000.0,持续经营税前利润
228,TSLA.O,TSLA,特斯拉,2023-12-31 00:00:00,年报,2023/FY,004011999,9973000000.0,持续经营税前利润
229,TSLA.O,TSLA,特斯拉,2022-12-31 00:00:00,年报,2022/FY,004011999,13719000000.0,持续经营税前利润
230,TSLA.O,TSLA,特斯拉,2021-12-31 00:00:00,年报,2021/FY,004011999,6343000000.0,持续经营税前利润
231,TSLA.O,TSLA,特斯拉,2020-12-31 00:00:00,年报,2020/FY,004011999,1154000000.0,持续经营税前利润
232,TSLA.O,TSLA,特斯拉,2019-12-31 00:00:00,年报,2019/FY,004011999,-665000000.0,持续经营税前利润
233,TSLA.O,TSLA,特斯拉,2018-12-31 00:00:00,年报,2018/FY,004011999,-1005000000.0,持续经营税前利润
234,TSLA.O,TSLA,特斯拉,2017-12-31 00:00:00,年报,2017/FY,004011999,-2209000000.0,持续经营税前利润
235,TSLA.O,TSLA,特斯拉,2016-12-31 00:00:00,年报,2016/FY,004011999,-746348000.0,持续经营税前利润
236,TSLA.O,TSLA,特斯拉,2015-12-31 00:00:00,年报,2015/FY,004011999,-875624000.0,持续经营税前利润
237,TSLA.O,TSLA,特斯拉,2014-12-31 00:00:00,年报,2014/FY,004011999,-284636000.0,持续经营税前利润
238,TSLA.O,TSLA,特斯拉,2013-12-31 00:00:00,年报,2013/FY,004011999,-71426000.0,持续经营税前利润
239,TSLA.O,TSLA,特斯拉,2012-12-31 00:00:00,年报,2012/FY,004011999,-396077000.0,持续经营税前利润
240,TSLA.O,TSLA,特斯拉,2011-12-31 00:00:00,年报,2011/FY,004011999,-253922000.0,持续经营税前利润
241,TSLA.O,TSLA,特斯拉,2010-12-31 00:00:00,年报,2010/FY,004011999,-154155000.0,持续经营税前利润
242,TSLA.O,TSLA,特斯拉,2009-12-31 00:00:00,年报,2009/FY,004011999,-55714000.0,持续经营税前利润
243,TSLA.O,TSLA,特斯拉,2008-12-31 00:00:00,年报,2008/FY,004011999,-82685000.0,持续经营税前利润
244,TSLA.O,TSLA,特斯拉,2007-12-31 00:00:00,年报,2007/FY,004011999,-78047000.0,持续经营税前利润
245,TSLA.O,TSLA,特斯拉,2006-12-31 00:00:00,年报,2006/FY,004011999,-29857000.0,持续经营税前利润
246,TSLA.O,TSLA,特斯拉,2024-12-31 00:00:00,年报,2024/FY,004013001,1837000000.0,所得税
247,TSLA.O,TSLA,特斯拉,2023-12-31 00:00:00,年报,2023/FY,004013001,-5001000000.0,所得税
248,TSLA.O,TSLA,特斯拉,2022-12-31 00:00:00,年报,2022/FY,004013001,1132000000.0,所得税
249,TSLA.O,TSLA,特斯拉,2021-12-31 00:00:00,年报,2021/FY,004013001,699000000.0,所得税
250,TSLA.O,TSLA,特斯拉,2020-12-31 00:00:00,年报,2020/FY,004013001,292000000.0,所得税
251,TSLA.O,TSLA,特斯拉,2019-12-31 00:00:00,年报,2019/FY,004013001,110000000.0,所得税
252,TSLA.O,TSLA,特斯拉,2018-12-31 00:00:00,年报,2018/FY,004013001,58000000.0,所得税
253,TSLA.O,TSLA,特斯拉,2017-12-31 00:00:00,年报,2017/FY,004013001,32000000.0,所得税
254,TSLA.O,TSLA,特斯拉,2016-12-31 00:00:00,年报,2016/FY,004013001,26698000.0,所得税
255,TSLA.O,TSLA,特斯拉,2015-12-31 00:00:00,年报,2015/FY,004013001,13039000.0,所得税
256,TSLA.O,TSLA,特斯拉,2014-12-31 00:00:00,年报,2014/FY,004013001,9404000.0,所得税
257,TSLA.O,TSLA,特斯拉,2013-12-31 00:00:00,年报,2013/FY,004013001,2588000.0,所得税
258,TSLA.O,TSLA,特斯拉,2012-12-31 00:00:00,年报,2012/FY,004013001,136000.0,所得税
259,TSLA.O,TSLA,特斯拉,2011-12-31 00:00:00,年报,2011/FY,004013001,489000.0,所得税
260,TSLA.O,TSLA,特斯拉,2010-12-31 00:00:00,年报,2010/FY,004013001,173000.0,所得税
261,TSLA.O,TSLA,特斯拉,2009-12-31 00:00:00,年报,2009/FY,004013001,26000.0,所得税
262,TSLA.O,TSLA,特斯拉,2008-12-31 00:00:00,年报,2008/FY,004013001,97000.0,所得税
263,TSLA.O,TSLA,特斯拉,2007-12-31 00:00:00,年报,2007/FY,004013001,110000.0,所得税
264,TSLA.O,TSLA,特斯拉,2006-12-31 00:00:00,年报,2006/FY,004013001,100000.0,所得税
265,TSLA.O,TSLA,特斯拉,2024-12-31 00:00:00,年报,2024/FY,004013003,7153000000.0,持续经营净利润
266,TSLA.O,TSLA,特斯拉,2023-12-31 00:00:00,年报,2023/FY,004013003,14974000000.0,持续经营净利润
267,TSLA.O,TSLA,特斯拉,2022-12-31 00:00:00,年报,2022/FY,004013003,12587000000.0,持续经营净利润
268,TSLA.O,TSLA,特斯拉,2021-12-31 00:00:00,年报,2021/FY,004013003,5644000000.0,持续经营净利润
269,TSLA.O,TSLA,特斯拉,2020-12-31 00:00:00,年报,2020/FY,004013003,862000000.0,持续经营净利润
270,TSLA.O,TSLA,特斯拉,2019-12-31 00:00:00,年报,2019/FY,004013003,-775000000.0,持续经营净利润
271,TSLA.O,TSLA,特斯拉,2018-12-31 00:00:00,年报,2018/FY,004013003,-1063000000.0,持续经营净利润
272,TSLA.O,TSLA,特斯拉,2017-12-31 00:00:00,年报,2017/FY,004013003,-2241000000.0,持续经营净利润
273,TSLA.O,TSLA,特斯拉,2016-12-31 00:00:00,年报,2016/FY,004013003,-773046000.0,持续经营净利润
274,TSLA.O,TSLA,特斯拉,2015-12-31 00:00:00,年报,2015/FY,004013003,-888663000.0,持续经营净利润
275,TSLA.O,TSLA,特斯拉,2014-12-31 00:00:00,年报,2014/FY,004013003,-294040000.0,持续经营净利润
276,TSLA.O,TSLA,特斯拉,2013-12-31 00:00:00,年报,2013/FY,004013003,-74014000.0,持续经营净利润
277,TSLA.O,TSLA,特斯拉,2012-12-31 00:00:00,年报,2012/FY,004013003,-396213000.0,持续经营净利润
278,TSLA.O,TSLA,特斯拉,2011-12-31 00:00:00,年报,2011/FY,004013003,-254411000.0,持续经营净利润
279,TSLA.O,TSLA,特斯拉,2010-12-31 00:00:00,年报,2010/FY,004013003,-154328000.0,持续经营净利润
280,TSLA.O,TSLA,特斯拉,2009-12-31 00:00:00,年报,2009/FY,004013003,-55740000.0,持续经营净利润
281,TSLA.O,TSLA,特斯拉,2008-12-31 00:00:00,年报,2008/FY,004013003,-82782000.0,持续经营净利润
282,TSLA.O,TSLA,特斯拉,2007-12-31 00:00:00,年报,2007/FY,004013003,-78157000.0,持续经营净利润
283,TSLA.O,TSLA,特斯拉,2006-12-31 00:00:00,年报,2006/FY,004013003,-29957000.0,持续经营净利润
284,TSLA.O,TSLA,特斯拉,2010-12-31 00:00:00,年报,2010/FY,004013005,0.0,已终止或非持续经营净利润
285,TSLA.O,TSLA,特斯拉,2024-12-31 00:00:00,年报,2024/FY,004013999,7153000000.0,净利润
286,TSLA.O,TSLA,特斯拉,2023-12-31 00:00:00,年报,2023/FY,004013999,14974000000.0,净利润
287,TSLA.O,TSLA,特斯拉,2022-12-31 00:00:00,年报,2022/FY,004013999,12587000000.0,净利润
288,TSLA.O,TSLA,特斯拉,2021-12-31 00:00:00,年报,2021/FY,004013999,5644000000.0,净利润
289,TSLA.O,TSLA,特斯拉,2020-12-31 00:00:00,年报,2020/FY,004013999,862000000.0,净利润
290,TSLA.O,TSLA,特斯拉,2019-12-31 00:00:00,年报,2019/FY,004013999,-775000000.0,净利润
291,TSLA.O,TSLA,特斯拉,2018-12-31 00:00:00,年报,2018/FY,004013999,-1063000000.0,净利润
292,TSLA.O,TSLA,特斯拉,2017-12-31 00:00:00,年报,2017/FY,004013999,-2241000000.0,净利润
293,TSLA.O,TSLA,特斯拉,2016-12-31 00:00:00,年报,2016/FY,004013999,-773046000.0,净利润
294,TSLA.O,TSLA,特斯拉,2015-12-31 00:00:00,年报,2015/FY,004013999,-888663000.0,净利润
295,TSLA.O,TSLA,特斯拉,2014-12-31 00:00:00,年报,2014/FY,004013999,-294040000.0,净利润
296,TSLA.O,TSLA,特斯拉,2013-12-31 00:00:00,年报,2013/FY,004013999,-74014000.0,净利润
297,TSLA.O,TSLA,特斯拉,2012-12-31 00:00:00,年报,2012/FY,004013999,-396213000.0,净利润
298,TSLA.O,TSLA,特斯拉,2011-12-31 00:00:00,年报,2011/FY,004013999,-254411000.0,净利润
299,TSLA.O,TSLA,特斯拉,2010-12-31 00:00:00,年报,2010/FY,004013999,-154328000.0,净利润
300,TSLA.O,TSLA,特斯拉,2009-12-31 00:00:00,年报,2009/FY,004013999,-55740000.0,净利润
301,TSLA.O,TSLA,特斯拉,2008-12-31 00:00:00,年报,2008/FY,004013999,-82782000.0,净利润
302,TSLA.O,TSLA,特斯拉,2007-12-31 00:00:00,年报,2007/FY,004013999,-78157000.0,净利润
303,TSLA.O,TSLA,特斯拉,2006-12-31 00:00:00,年报,2006/FY,004013999,-29957000.0,净利润
304,TSLA.O,TSLA,特斯拉,2024-12-31 00:00:00,年报,2024/FY,004015001,62000000.0,少数股东损益
305,TSLA.O,TSLA,特斯拉,2023-12-31 00:00:00,年报,2023/FY,004015001,-23000000.0,少数股东损益
306,TSLA.O,TSLA,特斯拉,2022-12-31 00:00:00,年报,2022/FY,004015001,31000000.0,少数股东损益
307,TSLA.O,TSLA,特斯拉,2021-12-31 00:00:00,年报,2021/FY,004015001,125000000.0,少数股东损益
308,TSLA.O,TSLA,特斯拉,2020-12-31 00:00:00,年报,2020/FY,004015001,141000000.0,少数股东损益
309,TSLA.O,TSLA,特斯拉,2019-12-31 00:00:00,年报,2019/FY,004015001,87000000.0,少数股东损益
310,TSLA.O,TSLA,特斯拉,2018-12-31 00:00:00,年报,2018/FY,004015001,-87000000.0,少数股东损益
311,TSLA.O,TSLA,特斯拉,2017-12-31 00:00:00,年报,2017/FY,004015001,-279000000.0,少数股东损益
312,TSLA.O,TSLA,特斯拉,2016-12-31 00:00:00,年报,2016/FY,004015001,-98132000.0,少数股东损益
313,TSLA.O,TSLA,特斯拉,2010-12-31 00:00:00,年报,2010/FY,004015095,0.0,归属于优先股净利润及其他项
314,TSLA.O,TSLA,特斯拉,2024-12-31 00:00:00,年报,2024/FY,004015096,7091000000.0,归属于普通股股东净利润
315,TSLA.O,TSLA,特斯拉,2023-12-31 00:00:00,年报,2023/FY,004015096,14997000000.0,归属于普通股股东净利润
316,TSLA.O,TSLA,特斯拉,2022-12-31 00:00:00,年报,2022/FY,004015096,12556000000.0,归属于普通股股东净利润
317,TSLA.O,TSLA,特斯拉,2021-12-31 00:00:00,年报,2021/FY,004015096,5519000000.0,归属于普通股股东净利润
318,TSLA.O,TSLA,特斯拉,2020-12-31 00:00:00,年报,2020/FY,004015096,721000000.0,归属于普通股股东净利润
319,TSLA.O,TSLA,特斯拉,2019-12-31 00:00:00,年报,2019/FY,004015096,-862000000.0,归属于普通股股东净利润
320,TSLA.O,TSLA,特斯拉,2018-12-31 00:00:00,年报,2018/FY,004015096,-976000000.0,归属于普通股股东净利润
321,TSLA.O,TSLA,特斯拉,2017-12-31 00:00:00,年报,2017/FY,004015096,-1962000000.0,归属于普通股股东净利润
322,TSLA.O,TSLA,特斯拉,2016-12-31 00:00:00,年报,2016/FY,004015096,-674914000.0,归属于普通股股东净利润
323,TSLA.O,TSLA,特斯拉,2015-12-31 00:00:00,年报,2015/FY,004015096,-888663000.0,归属于普通股股东净利润
324,TSLA.O,TSLA,特斯拉,2014-12-31 00:00:00,年报,2014/FY,004015096,-294040000.0,归属于普通股股东净利润
325,TSLA.O,TSLA,特斯拉,2013-12-31 00:00:00,年报,2013/FY,004015096,-74014000.0,归属于普通股股东净利润
326,TSLA.O,TSLA,特斯拉,2012-12-31 00:00:00,年报,2012/FY,004015096,-396213000.0,归属于普通股股东净利润
327,TSLA.O,TSLA,特斯拉,2011-12-31 00:00:00,年报,2011/FY,004015096,-254411000.0,归属于普通股股东净利润
328,TSLA.O,TSLA,特斯拉,2010-12-31 00:00:00,年报,2010/FY,004015096,-154328000.0,归属于普通股股东净利润
329,TSLA.O,TSLA,特斯拉,2009-12-31 00:00:00,年报,2009/FY,004015096,-55740000.0,归属于普通股股东净利润
330,TSLA.O,TSLA,特斯拉,2008-12-31 00:00:00,年报,2008/FY,004015096,-82782000.0,归属于普通股股东净利润
331,TSLA.O,TSLA,特斯拉,2007-12-31 00:00:00,年报,2007/FY,004015096,-78157000.0,归属于普通股股东净利润
332,TSLA.O,TSLA,特斯拉,2006-12-31 00:00:00,年报,2006/FY,004015096,-29957000.0,归属于普通股股东净利润
333,TSLA.O,TSLA,特斯拉,2024-12-31 00:00:00,年报,2024/FY,004015999,7091000000.0,归属于母公司股东净利润
334,TSLA.O,TSLA,特斯拉,2023-12-31 00:00:00,年报,2023/FY,004015999,14997000000.0,归属于母公司股东净利润
335,TSLA.O,TSLA,特斯拉,2022-12-31 00:00:00,年报,2022/FY,004015999,12556000000.0,归属于母公司股东净利润
336,TSLA.O,TSLA,特斯拉,2021-12-31 00:00:00,年报,2021/FY,004015999,5519000000.0,归属于母公司股东净利润
337,TSLA.O,TSLA,特斯拉,2020-12-31 00:00:00,年报,2020/FY,004015999,721000000.0,归属于母公司股东净利润
338,TSLA.O,TSLA,特斯拉,2019-12-31 00:00:00,年报,2019/FY,004015999,-862000000.0,归属于母公司股东净利润
339,TSLA.O,TSLA,特斯拉,2018-12-31 00:00:00,年报,2018/FY,004015999,-976000000.0,归属于母公司股东净利润
340,TSLA.O,TSLA,特斯拉,2017-12-31 00:00:00,年报,2017/FY,004015999,-1962000000.0,归属于母公司股东净利润
341,TSLA.O,TSLA,特斯拉,2016-12-31 00:00:00,年报,2016/FY,004015999,-674914000.0,归属于母公司股东净利润
342,TSLA.O,TSLA,特斯拉,2015-12-31 00:00:00,年报,2015/FY,004015999,-888663000.0,归属于母公司股东净利润
343,TSLA.O,TSLA,特斯拉,2014-12-31 00:00:00,年报,2014/FY,004015999,-294040000.0,归属于母公司股东净利润
344,TSLA.O,TSLA,特斯拉,2013-12-31 00:00:00,年报,2013/FY,004015999,-74014000.0,归属于母公司股东净利润
345,TSLA.O,TSLA,特斯拉,2012-12-31 00:00:00,年报,2012/FY,004015999,-396213000.0,归属于母公司股东净利润
346,TSLA.O,TSLA,特斯拉,2011-12-31 00:00:00,年报,2011/FY,004015999,-254411000.0,归属于母公司股东净利润
347,TSLA.O,TSLA,特斯拉,2010-12-31 00:00:00,年报,2010/FY,004015999,-154328000.0,归属于母公司股东净利润
348,TSLA.O,TSLA,特斯拉,2009-12-31 00:00:00,年报,2009/FY,004015999,-55740000.0,归属于母公司股东净利润
349,TSLA.O,TSLA,特斯拉,2008-12-31 00:00:00,年报,2008/FY,004015999,-82782000.0,归属于母公司股东净利润
350,TSLA.O,TSLA,特斯拉,2007-12-31 00:00:00,年报,2007/FY,004015999,-78157000.0,归属于母公司股东净利润
351,TSLA.O,TSLA,特斯拉,2006-12-31 00:00:00,年报,2006/FY,004015999,-29957000.0,归属于母公司股东净利润
352,TSLA.O,TSLA,特斯拉,2024-12-31 00:00:00,年报,2024/FY,004017003,2.23,基本每股收益-普通股
353,TSLA.O,TSLA,特斯拉,2023-12-31 00:00:00,年报,2023/FY,004017003,4.73,基本每股收益-普通股
354,TSLA.O,TSLA,特斯拉,2022-12-31 00:00:00,年报,2022/FY,004017003,4.02,基本每股收益-普通股
355,TSLA.O,TSLA,特斯拉,2021-12-31 00:00:00,年报,2021/FY,004017003,1.87,基本每股收益-普通股
356,TSLA.O,TSLA,特斯拉,2020-12-31 00:00:00,年报,2020/FY,004017003,0.25,基本每股收益-普通股
357,TSLA.O,TSLA,特斯拉,2019-12-31 00:00:00,年报,2019/FY,004017003,-0.98,基本每股收益-普通股
358,TSLA.O,TSLA,特斯拉,2018-12-31 00:00:00,年报,2018/FY,004017003,-1.14,基本每股收益-普通股
359,TSLA.O,TSLA,特斯拉,2017-12-31 00:00:00,年报,2017/FY,004017003,-11.83,基本每股收益-普通股
360,TSLA.O,TSLA,特斯拉,2016-12-31 00:00:00,年报,2016/FY,004017003,-4.68,基本每股收益-普通股
361,TSLA.O,TSLA,特斯拉,2015-12-31 00:00:00,年报,2015/FY,004017003,-6.93,基本每股收益-普通股
362,TSLA.O,TSLA,特斯拉,2014-12-31 00:00:00,年报,2014/FY,004017003,-2.36,基本每股收益-普通股
363,TSLA.O,TSLA,特斯拉,2013-12-31 00:00:00,年报,2013/FY,004017003,-0.62,基本每股收益-普通股
364,TSLA.O,TSLA,特斯拉,2012-12-31 00:00:00,年报,2012/FY,004017003,-3.69,基本每股收益-普通股
365,TSLA.O,TSLA,特斯拉,2011-12-31 00:00:00,年报,2011/FY,004017003,-2.53,基本每股收益-普通股
366,TSLA.O,TSLA,特斯拉,2010-12-31 00:00:00,年报,2010/FY,004017003,-3.04,基本每股收益-普通股
367,TSLA.O,TSLA,特斯拉,2009-12-31 00:00:00,年报,2009/FY,004017003,-7.94,基本每股收益-普通股
368,TSLA.O,TSLA,特斯拉,2008-12-31 00:00:00,年报,2008/FY,004017003,-12.46,基本每股收益-普通股
369,TSLA.O,TSLA,特斯拉,2007-12-31 00:00:00,年报,2007/FY,004017003,-22.69,基本每股收益-普通股
370,TSLA.O,TSLA,特斯拉,2006-12-31 00:00:00,年报,2006/FY,004017003,-3.39,基本每股收益-普通股
371,TSLA.O,TSLA,特斯拉,2024-12-31 00:00:00,年报,2024/FY,004017004,2.04,摊薄每股收益-普通股
372,TSLA.O,TSLA,特斯拉,2023-12-31 00:00:00,年报,2023/FY,004017004,4.3,摊薄每股收益-普通股
373,TSLA.O,TSLA,特斯拉,2022-12-31 00:00:00,年报,2022/FY,004017004,3.62,摊薄每股收益-普通股
374,TSLA.O,TSLA,特斯拉,2021-12-31 00:00:00,年报,2021/FY,004017004,1.63,摊薄每股收益-普通股
375,TSLA.O,TSLA,特斯拉,2020-12-31 00:00:00,年报,2020/FY,004017004,0.21,摊薄每股收益-普通股
376,TSLA.O,TSLA,特斯拉,2019-12-31 00:00:00,年报,2019/FY,004017004,-0.98,摊薄每股收益-普通股
377,TSLA.O,TSLA,特斯拉,2018-12-31 00:00:00,年报,2018/FY,004017004,-1.14,摊薄每股收益-普通股
378,TSLA.O,TSLA,特斯拉,2017-12-31 00:00:00,年报,2017/FY,004017004,-11.83,摊薄每股收益-普通股
379,TSLA.O,TSLA,特斯拉,2016-12-31 00:00:00,年报,2016/FY,004017004,-4.68,摊薄每股收益-普通股
380,TSLA.O,TSLA,特斯拉,2015-12-31 00:00:00,年报,2015/FY,004017004,-6.93,摊薄每股收益-普通股
381,TSLA.O,TSLA,特斯拉,2014-12-31 00:00:00,年报,2014/FY,004017004,-2.36,摊薄每股收益-普通股
382,TSLA.O,TSLA,特斯拉,2013-12-31 00:00:00,年报,2013/FY,004017004,-0.62,摊薄每股收益-普通股
383,TSLA.O,TSLA,特斯拉,2012-12-31 00:00:00,年报,2012/FY,004017004,-3.69,摊薄每股收益-普通股
384,TSLA.O,TSLA,特斯拉,2011-12-31 00:00:00,年报,2011/FY,004017004,-2.53,摊薄每股收益-普通股
385,TSLA.O,TSLA,特斯拉,2010-12-31 00:00:00,年报,2010/FY,004017004,-3.04,摊薄每股收益-普通股
386,TSLA.O,TSLA,特斯拉,2009-12-31 00:00:00,年报,2009/FY,004017004,-7.94,摊薄每股收益-普通股
387,TSLA.O,TSLA,特斯拉,2008-12-31 00:00:00,年报,2008/FY,004017004,-12.46,摊薄每股收益-普通股
388,TSLA.O,TSLA,特斯拉,2007-12-31 00:00:00,年报,2007/FY,004017004,-22.69,摊薄每股收益-普通股
389,TSLA.O,TSLA,特斯拉,2006-12-31 00:00:00,年报,2006/FY,004017004,-3.39,摊薄每股收益-普通股
390,TSLA.O,TSLA,特斯拉,2024-12-31 00:00:00,年报,2024/FY,004017007,3197000000.0,基本加权平均股数-普通股
391,TSLA.O,TSLA,特斯拉,2023-12-31 00:00:00,年报,2023/FY,004017007,3174000000.0,基本加权平均股数-普通股
392,TSLA.O,TSLA,特斯拉,2022-12-31 00:00:00,年报,2022/FY,004017007,3130000000.0,基本加权平均股数-普通股
393,TSLA.O,TSLA,特斯拉,2021-12-31 00:00:00,年报,2021/FY,004017007,2959000000.0,基本加权平均股数-普通股
394,TSLA.O,TSLA,特斯拉,2020-12-31 00:00:00,年报,2020/FY,004017007,2798000000.0,基本加权平均股数-普通股
395,TSLA.O,TSLA,特斯拉,2019-12-31 00:00:00,年报,2019/FY,004017007,887000000.0,基本加权平均股数-普通股
396,TSLA.O,TSLA,特斯拉,2018-12-31 00:00:00,年报,2018/FY,004017007,853000000.0,基本加权平均股数-普通股
397,TSLA.O,TSLA,特斯拉,2017-12-31 00:00:00,年报,2017/FY,004017007,166000000.0,基本加权平均股数-普通股
398,TSLA.O,TSLA,特斯拉,2016-12-31 00:00:00,年报,2016/FY,004017007,144212000.0,基本加权平均股数-普通股
399,TSLA.O,TSLA,特斯拉,2015-12-31 00:00:00,年报,2015/FY,004017007,128202000.0,基本加权平均股数-普通股
400,TSLA.O,TSLA,特斯拉,2014-12-31 00:00:00,年报,2014/FY,004017007,124539000.0,基本加权平均股数-普通股
401,TSLA.O,TSLA,特斯拉,2013-12-31 00:00:00,年报,2013/FY,004017007,119421000.0,基本加权平均股数-普通股
402,TSLA.O,TSLA,特斯拉,2012-12-31 00:00:00,年报,2012/FY,004017007,107349188.0,基本加权平均股数-普通股
403,TSLA.O,TSLA,特斯拉,2011-12-31 00:00:00,年报,2011/FY,004017007,100388815.0,基本加权平均股数-普通股
404,TSLA.O,TSLA,特斯拉,2009-12-31 00:00:00,年报,2009/FY,004017007,7021963.0,基本加权平均股数-普通股
405,TSLA.O,TSLA,特斯拉,2008-12-31 00:00:00,年报,2008/FY,004017007,6646387.0,基本加权平均股数-普通股
406,TSLA.O,TSLA,特斯拉,2007-12-31 00:00:00,年报,2007/FY,004017007,3443806.0,基本加权平均股数-普通股
407,TSLA.O,TSLA,特斯拉,2006-12-31 00:00:00,年报,2006/FY,004017007,8824264.0,基本加权平均股数-普通股
408,TSLA.O,TSLA,特斯拉,2024-12-31 00:00:00,年报,2024/FY,004017008,3498000000.0,摊薄加权平均股数-普通股
409,TSLA.O,TSLA,特斯拉,2023-12-31 00:00:00,年报,2023/FY,004017008,3485000000.0,摊薄加权平均股数-普通股
410,TSLA.O,TSLA,特斯拉,2022-12-31 00:00:00,年报,2022/FY,004017008,3475000000.0,摊薄加权平均股数-普通股
411,TSLA.O,TSLA,特斯拉,2021-12-31 00:00:00,年报,2021/FY,004017008,3386000000.0,摊薄加权平均股数-普通股
412,TSLA.O,TSLA,特斯拉,2020-12-31 00:00:00,年报,2020/FY,004017008,3249000000.0,摊薄加权平均股数-普通股
413,TSLA.O,TSLA,特斯拉,2019-12-31 00:00:00,年报,2019/FY,004017008,887000000.0,摊薄加权平均股数-普通股
414,TSLA.O,TSLA,特斯拉,2018-12-31 00:00:00,年报,2018/FY,004017008,853000000.0,摊薄加权平均股数-普通股
415,TSLA.O,TSLA,特斯拉,2017-12-31 00:00:00,年报,2017/FY,004017008,166000000.0,摊薄加权平均股数-普通股
416,TSLA.O,TSLA,特斯拉,2016-12-31 00:00:00,年报,2016/FY,004017008,144212000.0,摊薄加权平均股数-普通股
417,TSLA.O,TSLA,特斯拉,2015-12-31 00:00:00,年报,2015/FY,004017008,128202000.0,摊薄加权平均股数-普通股
418,TSLA.O,TSLA,特斯拉,2014-12-31 00:00:00,年报,2014/FY,004017008,124539000.0,摊薄加权平均股数-普通股
419,TSLA.O,TSLA,特斯拉,2013-12-31 00:00:00,年报,2013/FY,004017008,119421000.0,摊薄加权平均股数-普通股
420,TSLA.O,TSLA,特斯拉,2012-12-31 00:00:00,年报,2012/FY,004017008,107349188.0,摊薄加权平均股数-普通股
421,TSLA.O,TSLA,特斯拉,2011-12-31 00:00:00,年报,2011/FY,004017008,100388815.0,摊薄加权平均股数-普通股
422,TSLA.O,TSLA,特斯拉,2009-12-31 00:00:00,年报,2009/FY,004017008,7021963.0,摊薄加权平均股数-普通股
423,TSLA.O,TSLA,特斯拉,2008-12-31 00:00:00,年报,2008/FY,004017008,6646387.0,摊薄加权平均股数-普通股
424,TSLA.O,TSLA,特斯拉,2007-12-31 00:00:00,年报,2007/FY,004017008,3443806.0,摊薄加权平均股数-普通股
425,TSLA.O,TSLA,特斯拉,2006-12-31 00:00:00,年报,2006/FY,004017008,8824264.0,摊薄加权平均股数-普通股
426,TSLA.O,TSLA,特斯拉,2024-12-31 00:00:00,年报,2024/FY,004019001,6564000000.0,本公司拥有人占全面收益总额
427,TSLA.O,TSLA,特斯拉,2023-12-31 00:00:00,年报,2023/FY,004019001,15215000000.0,本公司拥有人占全面收益总额
428,TSLA.O,TSLA,特斯拉,2022-12-31 00:00:00,年报,2022/FY,004019001,12141000000.0,本公司拥有人占全面收益总额
429,TSLA.O,TSLA,特斯拉,2021-12-31 00:00:00,年报,2021/FY,004019001,5210000000.0,本公司拥有人占全面收益总额
430,TSLA.O,TSLA,特斯拉,2020-12-31 00:00:00,年报,2020/FY,004019001,1120000000.0,本公司拥有人占全面收益总额
431,TSLA.O,TSLA,特斯拉,2019-12-31 00:00:00,年报,2019/FY,004019001,-890000000.0,本公司拥有人占全面收益总额
432,TSLA.O,TSLA,特斯拉,2018-12-31 00:00:00,年报,2018/FY,004019001,-1018000000.0,本公司拥有人占全面收益总额
433,TSLA.O,TSLA,特斯拉,2017-12-31 00:00:00,年报,2017/FY,004019001,-1905000000.0,本公司拥有人占全面收益总额
434,TSLA.O,TSLA,特斯拉,2024-12-31 00:00:00,年报,2024/FY,004019002,62000000.0,非控股权益占全面收益总额
435,TSLA.O,TSLA,特斯拉,2023-12-31 00:00:00,年报,2023/FY,004019002,-23000000.0,非控股权益占全面收益总额
436,TSLA.O,TSLA,特斯拉,2022-12-31 00:00:00,年报,2022/FY,004019002,31000000.0,非控股权益占全面收益总额
437,TSLA.O,TSLA,特斯拉,2021-12-31 00:00:00,年报,2021/FY,004019002,125000000.0,非控股权益占全面收益总额
438,TSLA.O,TSLA,特斯拉,2020-12-31 00:00:00,年报,2020/FY,004019002,141000000.0,非控股权益占全面收益总额
439,TSLA.O,TSLA,特斯拉,2019-12-31 00:00:00,年报,2019/FY,004019002,87000000.0,非控股权益占全面收益总额
440,TSLA.O,TSLA,特斯拉,2018-12-31 00:00:00,年报,2018/FY,004019002,-87000000.0,非控股权益占全面收益总额
441,TSLA.O,TSLA,特斯拉,2017-12-31 00:00:00,年报,2017/FY,004019002,-279000000.0,非控股权益占全面收益总额
442,TSLA.O,TSLA,特斯拉,2024-12-31 00:00:00,年报,2024/FY,004019096,-527000000.0,其他全面收益其他项目
443,TSLA.O,TSLA,特斯拉,2023-12-31 00:00:00,年报,2023/FY,004019096,218000000.0,其他全面收益其他项目
444,TSLA.O,TSLA,特斯拉,2022-12-31 00:00:00,年报,2022/FY,004019096,-415000000.0,其他全面收益其他项目
445,TSLA.O,TSLA,特斯拉,2021-12-31 00:00:00,年报,2021/FY,004019096,-309000000.0,其他全面收益其他项目
446,TSLA.O,TSLA,特斯拉,2020-12-31 00:00:00,年报,2020/FY,004019096,399000000.0,其他全面收益其他项目
447,TSLA.O,TSLA,特斯拉,2019-12-31 00:00:00,年报,2019/FY,004019096,-28000000.0,其他全面收益其他项目
448,TSLA.O,TSLA,特斯拉,2018-12-31 00:00:00,年报,2018/FY,004019096,-42000000.0,其他全面收益其他项目
449,TSLA.O,TSLA,特斯拉,2017-12-31 00:00:00,年报,2017/FY,004019096,57000000.0,其他全面收益其他项目
450,TSLA.O,TSLA,特斯拉,2016-12-31 00:00:00,年报,2016/FY,004019096,-20184000.0,其他全面收益其他项目
451,TSLA.O,TSLA,特斯拉,2015-12-31 00:00:00,年报,2015/FY,004019096,-3534000.0,其他全面收益其他项目
452,TSLA.O,TSLA,特斯拉,2014-12-31 00:00:00,年报,2014/FY,004019096,-22000.0,其他全面收益其他项目
453,TSLA.O,TSLA,特斯拉,2012-12-31 00:00:00,年报,2012/FY,004019096,3000.0,其他全面收益其他项目
454,TSLA.O,TSLA,特斯拉,2024-12-31 00:00:00,年报,2024/FY,004019097,-527000000.0,其他全面收益合计项
455,TSLA.O,TSLA,特斯拉,2023-12-31 00:00:00,年报,2023/FY,004019097,218000000.0,其他全面收益合计项
456,TSLA.O,TSLA,特斯拉,2022-12-31 00:00:00,年报,2022/FY,004019097,-415000000.0,其他全面收益合计项
457,TSLA.O,TSLA,特斯拉,2021-12-31 00:00:00,年报,2021/FY,004019097,-309000000.0,其他全面收益合计项
458,TSLA.O,TSLA,特斯拉,2020-12-31 00:00:00,年报,2020/FY,004019097,399000000.0,其他全面收益合计项
459,TSLA.O,TSLA,特斯拉,2019-12-31 00:00:00,年报,2019/FY,004019097,-28000000.0,其他全面收益合计项
460,TSLA.O,TSLA,特斯拉,2018-12-31 00:00:00,年报,2018/FY,004019097,-42000000.0,其他全面收益合计项
461,TSLA.O,TSLA,特斯拉,2017-12-31 00:00:00,年报,2017/FY,004019097,57000000.0,其他全面收益合计项
462,TSLA.O,TSLA,特斯拉,2016-12-31 00:00:00,年报,2016/FY,004019097,-20184000.0,其他全面收益合计项
463,TSLA.O,TSLA,特斯拉,2015-12-31 00:00:00,年报,2015/FY,004019097,-3534000.0,其他全面收益合计项
464,TSLA.O,TSLA,特斯拉,2014-12-31 00:00:00,年报,2014/FY,004019097,-22000.0,其他全面收益合计项
465,TSLA.O,TSLA,特斯拉,2012-12-31 00:00:00,年报,2012/FY,004019097,3000.0,其他全面收益合计项
466,TSLA.O,TSLA,特斯拉,2024-12-31 00:00:00,年报,2024/FY,004019999,6626000000.0,全面收益总额
467,TSLA.O,TSLA,特斯拉,2023-12-31 00:00:00,年报,2023/FY,004019999,15192000000.0,全面收益总额
468,TSLA.O,TSLA,特斯拉,2022-12-31 00:00:00,年报,2022/FY,004019999,12172000000.0,全面收益总额
469,TSLA.O,TSLA,特斯拉,2021-12-31 00:00:00,年报,2021/FY,004019999,5335000000.0,全面收益总额
470,TSLA.O,TSLA,特斯拉,2020-12-31 00:00:00,年报,2020/FY,004019999,1261000000.0,全面收益总额
471,TSLA.O,TSLA,特斯拉,2019-12-31 00:00:00,年报,2019/FY,004019999,-803000000.0,全面收益总额
472,TSLA.O,TSLA,特斯拉,2018-12-31 00:00:00,年报,2018/FY,004019999,-1105000000.0,全面收益总额
473,TSLA.O,TSLA,特斯拉,2017-12-31 00:00:00,年报,2017/FY,004019999,-2184000000.0,全面收益总额
474,TSLA.O,TSLA,特斯拉,2016-12-31 00:00:00,年报,2016/FY,004019999,-695098000.0,全面收益总额
475,TSLA.O,TSLA,特斯拉,2015-12-31 00:00:00,年报,2015/FY,004019999,-892197000.0,全面收益总额
476,TSLA.O,TSLA,特斯拉,2014-12-31 00:00:00,年报,2014/FY,004019999,-294062000.0,全面收益总额
477,TSLA.O,TSLA,特斯拉,2013-12-31 00:00:00,年报,2013/FY,004019999,-74014000.0,全面收益总额
478,TSLA.O,TSLA,特斯拉,2012-12-31 00:00:00,年报,2012/FY,004019999,-396210000.0,全面收益总额
479,TSLA.O,TSLA,特斯拉,2024-12-31 00:00:00,年报,2024/FY,004021999,232471000000.0,非运算项目
480,TSLA.O,TSLA,特斯拉,2023-12-31 00:00:00,年报,2023/FY,004021999,237772000000.0,非运算项目
481,TSLA.O,TSLA,特斯拉,2022-12-31 00:00:00,年报,2022/FY,004021999,190439000000.0,非运算项目
482,TSLA.O,TSLA,特斯拉,2021-12-31 00:00:00,年报,2021/FY,004021999,127745000000.0,非运算项目
483,TSLA.O,TSLA,特斯拉,2020-12-31 00:00:00,年报,2020/FY,004021999,76197000000.0,非运算项目
484,TSLA.O,TSLA,特斯拉,2019-12-31 00:00:00,年报,2019/FY,004021999,37219000000.0,非运算项目
485,TSLA.O,TSLA,特斯拉,2018-12-31 00:00:00,年报,2018/FY,004021999,31713000000.0,非运算项目
486,TSLA.O,TSLA,特斯拉,2017-12-31 00:00:00,年报,2017/FY,004021999,17075000000.0,非运算项目
487,TSLA.O,TSLA,特斯拉,2016-12-31 00:00:00,年报,2016/FY,004021999,11099163000.0,非运算项目
488,TSLA.O,TSLA,特斯拉,2015-12-31 00:00:00,年报,2015/FY,004021999,6564275000.0,非运算项目
489,TSLA.O,TSLA,特斯拉,2014-12-31 00:00:00,年报,2014/FY,004021999,5152739000.0,非运算项目
490,TSLA.O,TSLA,特斯拉,2011-12-31 00:00:00,年报,2011/FY,004021999,508822000.0,非运算项目
491,TSLA.O,TSLA,特斯拉,2009-12-31 00:00:00,年报,2009/FY,004021999,237693999.3,非运算项目
492,TSLA.O,TSLA,特斯拉,2008-12-31 00:00:00,年报,2008/FY,004021999,89065000.0,非运算项目
493,TSLA.O,TSLA,特斯拉,2007-12-31 00:00:00,年报,2007/FY,004021999,81892000.0,非运算项目
494,TSLA.O,TSLA,特斯拉,2006-12-31 00:00:00,年报,2006/FY,004021999,31005000.0,非运算项目
