证券代码,证券简称,报告日期,报告类型,报告日期名称,货币单位,存放中央银行款项,存放同业款项,贵金属,拆出资金,以公允价值计量且变动计入损益的金融资产,交易性金融资产,衍生金融资产,买入返售金融资产,应收账款,应收利息,发放贷款及垫款,交易性金融资产（非FVTPL）,债权投资,其他债权投资,其他权益工具投资,以公允价值计量且变动计入其他综合收益的金融资产,持有至到期投资,应收投资款,以摊余成本计量的金融资产,以公允价值计量且变动计入其他综合收益的金融资产,长期股权投资,投资性房地产,固定资产,在建工程,使用权资产,无形资产,商誉,待抵押资产,抵押资产减值准备,待抵押资产净值,递延所得税资产,长期待摊费用,其他资产,资产其他项目,资产差额,资产总计,向中央银行借款,同业及其他金融机构存放款项,拆入资金,交易性金融负债（非FVTPL）,以公允价值计量且变动计入损益的金融负债,交易性金融负债,衍生金融负债,卖出回购金融资产,吸收存款,汇出汇款,应付同业存单,应付职工薪酬,应交税费,应付利息,应付股利,预计负债,递延所得税负债,以摊余成本计量的金融负债,应付债券,应付次级债券,租赁负债,其他负债,负债其他项目,负债差额,负债总计,股本,其他权益工具,优先股,永续债券,资本公积,其他综合收益,盈余公积,一般风险准备,未分配利润,外币报表折算差额,母公司权益其他项目,母公司权益差额,母公司权益总额,少数股东权益,权益差额,权益总计,负债及所有者权益总计,应计费用
000001.SZ,平安银行,2024-12-31 00:00:00,年报,2024年报,CNY,2689.73,1320.9,126.2,2672.52,,,654.12,327.19,,,32940.53,6295.71,7850.75,1766.55,57.73,,,,,,,2.98,86.34,,50.48,62.38,75.68,,,,523.29,,189.62,,0.0,57692.7,861.1,4478.77,556.41,1373.56,,,645.53,1311.81,35923.13,,,161.63,141.72,,,58.28,,,6952.0,,54.1,226.24,,0.0,52744.28,194.06,699.48,199.53,499.95,807.13,21.27,107.81,682.62,2436.05,,,0.0,4948.42,,0.0,4948.42,57692.7,
000001.SZ,平安银行,2024-09-30 00:00:00,三季报,2024三季报,CNY,2817.77,1231.03,112.24,2714.28,,,406.07,170.31,,,33036.31,6208.26,7774.03,1797.94,59.89,,,,,,,3.58,87.53,,51.5,61.53,75.68,,,,410.65,,441.28,,0.0,57459.88,1386.4,4852.39,797.43,1372.65,,,349.88,1062.44,35925.32,,,157.9,51.75,,,71.36,,,6135.47,,55.23,336.97,,0.0,52555.19,194.06,699.44,199.53,499.91,807.15,15.91,107.81,681.33,2398.99,,,0.0,4904.69,,0.0,4904.69,57459.88,
000001.SZ,平安银行,2024-06-30 00:00:00,中报,2024中报,CNY,3059.98,848.21,111.8,2598.21,,,453.94,494.61,,,33288.13,5740.21,7791.13,1535.7,59.09,,,,,,,3.19,91.8,,54.66,62.91,75.68,,,,424.66,,846.42,,0.0,57540.33,1262.98,5613.62,489.65,1202.97,,,410.26,399.26,36240.24,,,154.18,63.95,,,95.15,,,6079.32,,58.52,651.54,,0.0,52721.64,194.06,699.44,199.53,499.91,807.61,19.0,107.81,680.91,2309.86,,,0.0,4818.69,,0.0,4818.69,57540.33,
000001.SZ,平安银行,2024-03-31 00:00:00,一季报,2024一季报,CNY,3220.76,873.39,126.42,2341.63,,,425.11,387.04,,,33976.45,4869.75,7921.67,1601.5,62.17,,,,,,,3.26,94.38,,55.52,64.38,75.68,,,,443.08,,751.79,,0.0,57293.98,1651.51,5047.78,588.69,472.21,,,448.56,651.98,35070.75,,,140.32,113.34,,,108.07,,,7589.2,,59.76,496.05,,0.0,52438.22,194.06,699.44,199.53,499.91,807.61,26.09,107.81,680.48,2340.27,,,0.0,4855.76,,0.0,4855.76,57293.98,
000001.SZ,平安银行,2023-12-31 00:00:00,年报,2023年报,CNY,2746.63,935.97,96.8,2207.07,,,405.21,1108.3,,,33201.1,4502.93,7724.67,1619.31,62.14,,,,,,,3.35,98.14,,57.76,66.22,75.68,,,,457.57,,502.31,,0.0,55871.16,2087.83,4677.91,490.59,316.14,,,422.2,581.52,34582.87,,,171.89,93.8,,,134.98,,,7283.28,,62.1,242.77,,0.0,51147.88,194.06,699.44,199.53,499.91,807.61,22.64,107.81,679.17,2212.55,,,0.0,4723.28,,0.0,4723.28,55871.16,
000001.SZ,平安银行,2023-09-30 00:00:00,三季报,2023三季报,CNY,3501.43,983.04,98.59,1573.33,,,661.13,529.8,,,33389.25,4441.13,7456.61,1418.39,65.28,,,,,,,4.51,99.67,,59.11,65.11,75.68,,,,438.86,,302.96,,0.0,55163.88,2545.84,4206.98,348.09,640.04,,,681.23,133.49,35034.25,,,167.14,80.02,,,168.47,,,6232.35,,63.25,204.13,,0.0,50505.28,194.06,699.44,199.53,499.91,807.59,18.22,107.81,649.02,2182.46,,,0.0,4658.6,,0.0,4658.6,55163.88,
000001.SZ,平安银行,2023-06-30 00:00:00,中报,2023中报,CNY,3348.8,826.35,97.36,1413.41,,,716.89,639.23,,,33503.93,4283.68,7403.97,1505.11,66.94,,,,,,,4.43,103.26,,58.15,65.35,75.68,,,,433.63,,459.07,,0.0,55005.24,1378.83,4902.58,493.04,742.69,,,735.16,222.11,34250.59,,,161.53,62.01,,,157.52,,,7008.36,,62.18,307.91,,0.0,50484.51,194.06,699.44,199.53,499.91,807.57,22.58,107.81,648.73,2040.54,,,0.0,4520.73,,0.0,4520.73,55005.24,
000001.SZ,平安银行,2023-03-31 00:00:00,一季报,2023一季报,CNY,3176.42,1097.07,108.71,1204.21,,,218.73,739.82,,,33490.98,4145.25,7430.01,1662.02,68.79,,,,,,,4.57,106.81,,61.72,67.09,75.68,,,,426.85,,474.24,,0.0,54558.97,1294.66,4602.07,436.98,782.99,,,255.15,304.85,35105.85,,,150.42,159.19,,,117.7,,,6507.24,,66.0,308.42,,0.0,50091.52,194.06,699.44,199.53,499.91,807.56,21.84,107.81,648.48,1988.26,,,0.0,4467.45,,0.0,4467.45,54558.97,
000001.SZ,平安银行,2022-12-31 00:00:00,年报,2022年报,CNY,2852.77,983.29,165.55,1339.21,,,275.53,415.61,,,32422.58,4461.33,7318.5,1722.33,63.8,,,,,,,4.77,110.83,,65.3,68.79,75.68,,,,440.79,,428.48,,0.0,53215.14,1919.16,4072.78,573.93,649.43,,,365.25,133.03,33522.66,,,185.71,146.74,,,97.3,,,6920.75,,69.22,212.38,,0.0,48868.34,194.06,699.44,199.53,499.91,808.16,26.6,107.81,647.68,1863.05,,,0.0,4346.8,,0.0,4346.8,53215.14,
000001.SZ,平安银行,2022-09-30 00:00:00,三季报,2022三季报,CNY,3082.11,833.95,141.12,972.73,,,607.28,163.52,,,32146.89,3873.35,7458.21,1529.24,74.06,,,,,,,5.12,109.75,,66.48,66.99,75.68,,,,420.63,,324.22,,0.0,51951.33,1635.2,2712.68,394.69,1010.4,,,629.91,751.19,32836.43,,,173.75,128.65,,,92.36,,,7021.38,,70.16,240.69,,0.0,47697.49,194.06,699.44,199.53,499.91,808.16,15.16,107.81,592.47,1836.74,,,0.0,4253.84,,0.0,4253.84,51951.33,
000001.SZ,平安银行,2022-06-30 00:00:00,中报,2022中报,CNY,3136.9,671.18,141.25,1383.22,,,273.48,24.03,,,31438.4,3636.22,7551.85,1581.05,72.68,,,,,,,5.2,112.68,,67.4,55.16,75.68,,,,404.77,,456.61,,0.0,51087.76,1321.0,3616.24,413.88,830.21,,,276.49,164.0,32776.12,,,161.79,91.84,,,91.41,,,6773.61,,70.95,379.24,,0.0,46966.78,194.06,699.44,199.53,499.91,808.16,28.01,107.81,590.09,1693.41,,,0.0,4120.98,,0.0,4120.98,51087.76,
000001.SZ,平安银行,2022-03-31 00:00:00,一季报,2022一季报,CNY,3545.41,712.79,142.76,1313.4,,,308.42,278.71,,,30739.82,3992.45,7309.32,1674.42,54.1,,,,,,,5.16,115.66,,65.11,56.44,75.68,,,,380.41,,409.43,,0.0,51179.49,2078.91,3453.24,358.52,736.3,,,307.06,,31799.33,,,147.3,129.08,,,41.88,,,7702.19,,68.12,295.81,,0.0,47117.74,194.06,699.44,199.53,499.91,808.16,16.91,107.81,587.33,1648.04,,,0.0,4061.75,,0.0,4061.75,51179.49,
000001.SZ,平安银行,2021-12-31 00:00:00,年报,2021年报,CNY,3120.33,782.15,178.2,944.73,,,302.38,63.88,,,29847.53,3897.03,7381.66,1524.28,25.92,,,,,,,5.58,119.74,,67.71,58.01,75.68,,,,397.35,,421.64,,0.0,49213.8,1481.62,3451.31,323.94,434.21,,,310.92,477.03,29905.18,,,180.95,116.85,,,39.44,,,8239.34,,69.68,228.85,,0.0,45259.32,194.06,699.44,199.53,499.91,808.16,17.85,107.81,583.39,1543.77,,,0.0,3954.48,,0.0,3954.48,49213.8,
000001.SZ,平安银行,2021-09-30 00:00:00,三季报,2021三季报,CNY,3302.92,804.29,173.98,1178.5,,,288.25,150.77,,,29039.35,3725.8,7304.18,1367.33,25.98,,,,,,,5.67,113.59,,69.93,58.78,75.68,,,,395.72,,450.02,,0.0,48530.74,1735.4,3467.44,408.72,431.56,,,311.41,250.9,29518.67,,,183.09,117.09,,,30.61,,,7878.45,,72.94,235.88,,0.0,44642.16,194.06,699.44,199.53,499.91,808.16,15.76,107.81,523.34,1540.01,,,0.0,3888.58,,0.0,3888.58,48530.74,
000001.SZ,平安银行,2021-06-30 00:00:00,中报,2021中报,CNY,3293.76,757.89,224.78,1060.05,,,296.27,765.59,,,28034.44,3211.64,6992.94,1461.02,25.4,,,,,,,6.11,114.73,,65.02,60.91,75.68,,,,391.61,,397.36,,0.0,47235.2,1229.61,3799.96,332.74,471.62,,,327.15,,28930.11,,,161.67,94.49,,,29.61,,,7774.67,,67.72,243.92,,0.0,43463.27,194.06,699.44,199.53,499.91,808.16,14.63,107.81,515.44,1432.39,,,0.0,3771.93,,0.0,3771.93,47235.2,
000001.SZ,平安银行,2021-03-31 00:00:00,一季报,2021一季报,CNY,3129.03,938.02,246.58,783.86,,,329.1,800.24,,,27119.81,2901.15,6575.88,1883.14,22.34,,,,,,,5.22,118.28,,67.34,63.28,75.68,,,,372.07,,298.72,,0.0,45729.74,1242.45,4784.67,242.39,509.9,,,355.14,174.84,27646.35,,,142.31,127.5,,,13.09,0.01,,6487.38,,69.78,207.76,,0.0,42003.57,194.06,699.44,199.53,499.91,808.16,8.45,107.81,515.38,1392.87,,,0.0,3726.17,,0.0,3726.17,45729.74,
000001.SZ,平安银行,2020-12-31 00:00:00,年报,2020年报,CNY,2839.82,1061.74,313.4,709.96,,,366.07,953.14,,,26108.41,3112.7,6336.19,1970.73,16.49,,,,,,,5.73,108.93,,71.49,38.52,75.68,,,,390.34,,205.8,,0.0,44685.14,1245.87,4695.51,410.34,315.05,,,414.85,352.86,26959.35,,,169.59,114.44,,,9.58,0.02,,6118.65,,73.46,164.26,,0.0,41043.83,194.06,699.44,199.53,499.91,808.16,4.62,107.81,515.36,1311.86,,,0.0,3641.31,,0.0,3641.31,44685.14,
000001.SZ,平安银行,2020-09-30 00:00:00,三季报,2020三季报,CNY,2988.8,856.91,366.11,981.37,,,308.2,633.38,,,25183.14,2829.51,6081.55,2309.7,20.58,,,,,,,5.8,102.8,,74.79,39.03,75.68,,,,378.15,,233.71,,0.0,43469.21,1220.74,4239.92,554.0,534.4,,,352.86,946.76,25730.72,,,158.97,102.62,,,10.11,,,5712.03,,77.79,240.58,,0.0,39881.5,194.06,699.44,199.53,499.91,808.16,8.12,107.81,463.48,1306.64,,,0.0,3587.71,,0.0,3587.71,43469.21,
000001.SZ,平安银行,2020-06-30 00:00:00,中报,2020中报,CNY,2524.26,748.16,332.38,833.08,,,347.63,557.73,,,24273.84,2653.72,6140.04,2384.45,21.84,,,,,,,4.84,104.25,,75.33,39.04,75.68,,,,372.26,,297.69,,0.0,41786.22,1198.52,3927.27,345.87,733.22,,,390.72,611.24,25093.3,,,139.04,93.09,,,17.75,,,5422.09,,76.85,223.29,,0.0,38272.25,194.06,699.44,199.53,499.91,808.16,21.58,107.81,463.48,1219.44,,,0.0,3513.97,,0.0,3513.97,41786.22,
000001.SZ,平安银行,2020-03-31 00:00:00,一季报,2020一季报,CNY,2837.06,793.03,477.19,487.01,,,404.39,544.72,,,23705.67,2630.07,6269.44,2284.99,21.81,,,,,,,4.17,106.08,,72.35,41.32,75.68,,,,348.79,,219.21,,0.0,41322.98,1226.5,3780.33,230.46,697.94,,,445.85,251.6,25900.95,,,125.12,157.39,,,17.15,,,4717.61,,75.1,173.43,,0.0,37799.43,194.06,699.44,199.53,499.91,808.16,40.16,107.81,463.48,1210.44,,,0.0,3523.55,,0.0,3523.55,41322.98,
000001.SZ,平安银行,2019-12-31 00:00:00,年报,2019年报,CNY,2522.3,856.84,511.91,793.69,,,185.0,622.16,,,22593.49,2066.82,6562.9,1822.64,18.44,,,,,,,2.47,110.92,,75.17,43.61,75.68,,,,347.25,,179.41,,0.0,39390.7,1133.31,3686.91,260.71,296.91,,,214.04,400.99,24597.68,,,142.18,120.31,,,17.34,,,5137.62,,76.0,176.87,,0.0,36260.87,194.06,399.48,199.53,199.95,808.16,23.14,107.81,463.48,1133.7,,,0.0,3129.83,,0.0,3129.83,39390.7,
000001.SZ,平安银行,2019-09-30 00:00:00,三季报,2019三季报,CNY,2394.71,1075.28,497.96,855.84,,,237.13,281.98,,,20898.29,1790.84,6627.16,1563.74,18.17,,,,,,,2.11,105.87,,76.01,45.73,75.68,,,,329.81,,200.52,,0.0,37076.83,1159.6,4325.56,256.5,401.17,,,280.7,531.47,23137.64,,,141.27,112.65,,,16.99,,,3604.49,,73.99,154.07,,0.0,34196.1,194.06,199.53,199.53,,808.16,19.74,107.81,398.5,1152.93,,,0.0,2880.73,,0.0,2880.73,37076.83,
000001.SZ,平安银行,2019-06-30 00:00:00,中报,2019中报,CNY,2697.94,975.8,656.24,828.84,,,179.16,156.42,,,20248.66,1546.02,6476.07,1266.71,18.16,,,,,,,1.97,105.78,,72.05,47.69,75.68,,,,317.32,,237.15,,0.0,35907.66,1371.01,2771.59,165.35,160.05,,,230.39,309.97,23675.62,,,117.65,87.45,,,14.56,,,4174.12,,70.76,193.11,,0.0,33341.63,171.7,236.78,199.53,,564.65,15.83,107.81,398.5,1070.76,,,0.0,2566.03,,0.0,2566.03,35907.66,
000001.SZ,平安银行,2019-03-31 00:00:00,一季报,2019一季报,CNY,2468.56,699.11,541.73,1002.31,,,198.5,443.35,,,19973.21,1639.45,6366.07,1110.39,15.65,,,,,,,1.98,106.23,,72.39,45.75,75.68,,,,308.6,,232.84,,0.0,35301.8,1423.94,3045.01,216.69,157.21,,,184.08,215.02,23087.82,,,98.48,110.53,,,12.71,,,4017.58,,77.0,146.35,,0.0,32792.42,171.7,236.78,199.53,,564.65,13.85,107.81,398.5,1016.09,,,0.0,2509.38,,0.0,2509.38,35301.8,
000001.SZ,平安银行,2018-12-31 00:00:00,年报,2018年报,CNY,2785.28,850.98,568.35,729.34,,,214.6,369.85,,,19497.57,1487.68,6293.66,706.64,15.19,,,,,,,1.94,108.99,,,47.71,75.68,,,,294.68,,137.78,,0.0,34185.92,1497.56,3927.38,246.06,85.75,,,216.05,79.88,21491.42,,,122.38,93.66,,,8.6,,,3818.84,,,197.92,,0.0,31785.5,171.7,199.53,199.53,,564.65,7.86,107.81,398.5,950.37,,,0.0,2400.42,,0.0,2400.42,34185.92,
000001.SZ,平安银行,2018-09-30 00:00:00,三季报,2018三季报,CNY,2876.48,953.14,720.22,880.96,1034.6,,256.5,327.64,228.33,183.12,18676.03,,,,,,,,6205.65,51421000000.0,,1.94,93.74,,,47.22,75.68,,,,288.79,,156.31,0.0,0.0,33520.56,1498.74,4022.95,178.32,,95.99,,207.29,20.0,21346.41,,0.0,105.47,75.95,276.66,,0.24,,0.0,3214.52,,,125.71,0.0,0.0,31168.25,171.7,199.53,199.53,,564.65,3.37,107.81,385.52,919.73,,0.0,0.0,2352.31,,0.0,2352.31,33520.56,
000001.SZ,平安银行,2018-06-30 00:00:00,中报,2018中报,CNY,3074.0,997.52,691.94,819.97,1048.93,,215.74,737.04,553.79,184.21,17942.07,,,,,,,,6256.43,49023000000.0,,2.0,85.3,,,44.94,75.68,,,,270.09,,184.11,,0.0,33673.99,1428.91,4345.58,208.35,,86.14,,191.61,121.48,20792.78,,,95.71,50.19,290.01,,0.24,,,3615.39,,,166.19,,0.0,31392.58,171.7,199.53,199.53,,564.65,3.31,107.81,385.52,848.89,,,0.0,2281.41,,0.0,2281.41,33673.99,
000001.SZ,平安银行,2018-03-31 00:00:00,一季报,2018一季报,CNY,2819.49,1061.0,747.93,776.44,768.45,,193.95,922.97,683.19,196.63,17211.0,,,,,,,,6986.26,30987000000.0,,2.03,78.73,,,45.9,75.68,,,,268.2,,238.0,0.0,0.0,33385.72,1449.15,4563.52,174.79,,114.13,,224.24,46.99,20344.94,,0.0,84.61,137.64,293.89,,0.25,,0.0,3579.68,,,137.98,0.0,0.0,31151.81,171.7,199.53,199.53,,564.65,0.25,107.81,385.52,804.45,,0.0,0.0,2233.91,,0.0,2233.91,33385.72,
000001.SZ,平安银行,2017-12-31 00:00:00,年报,2017年报,CNY,3102.12,1302.08,875.01,590.15,395.75,,160.8,419.34,528.86,203.54,16604.2,395.75,,,,36744000000.0,3583.6,3723.23,,,,2.09,80.36,,,47.01,75.68,,,,249.89,,173.59,0.0,0.0,32484.74,1306.52,4309.04,280.24,90.47,90.47,,177.12,63.59,20004.2,,0.0,107.13,118.91,260.63,,0.25,,,3424.92,,,121.18,0.0,0.0,30264.2,171.7,199.53,199.53,,564.65,-5.28,107.81,385.52,796.61,,0.0,0.0,2220.54,,0.0,2220.54,32484.74,
000001.SZ,平安银行,2017-09-30 00:00:00,三季报,2017三季报,CNY,2797.06,1670.9,895.34,798.92,413.27,,62.75,191.36,253.08,187.24,16030.22,,,,,35113000000.0,3291.81,3856.8,,,,2.12,78.83,,,45.8,75.68,,,,223.2,,149.3,0.0,0.0,31374.81,1156.07,4070.88,447.56,,105.91,,67.32,196.46,19117.41,,0.0,85.74,96.85,224.66,,0.6,,,3383.06,,,241.18,0.0,0.0,29193.7,171.7,199.53,199.53,,564.65,-4.35,107.81,344.68,797.09,,0.0,0.0,2181.11,,0.0,2181.11,31374.81,
000001.SZ,平安银行,2017-06-30 00:00:00,中报,2017中报,CNY,2899.77,1723.23,946.44,645.18,490.83,,58.82,14.98,144.39,184.49,15490.52,,,,,10293000000.0,3028.22,4644.52,,,,2.13,79.61,,,46.36,75.68,,,,205.6,,137.72,0.0,0.0,30921.42,846.84,3864.78,264.55,,141.11,,57.1,490.62,19123.33,,0.0,71.96,77.71,216.73,,0.6,,,3506.5,,,145.05,0.0,0.0,28806.88,171.7,199.53,199.53,,564.65,-4.93,107.81,344.68,731.1,,0.0,0.0,2114.54,,0.0,2114.54,30921.42,
000001.SZ,平安银行,2017-03-31 00:00:00,一季报,2017一季报,CNY,2695.41,1730.66,1081.37,690.09,440.44,,41.88,8.1,52.26,170.71,15041.84,,,,,1238000000.0,2914.33,4652.8,,,,2.21,81.19,,,47.34,75.68,,,,189.35,,133.91,,0.0,30061.95,250.74,4005.76,595.13,,96.63,,69.64,123.32,19120.82,,,69.07,151.99,213.27,,0.6,,,3170.79,,,116.8,,0.0,27984.56,171.7,199.53,199.53,,564.65,-5.81,107.81,344.68,694.83,,,0.0,2077.39,,0.0,2077.39,30061.95,
000001.SZ,平安银行,2016-12-31 00:00:00,年报,2016年报,CNY,3112.58,1668.82,937.87,974.5,571.79,,87.3,88.76,55.68,157.7,14358.69,,,,,1179000000.0,2868.02,4142.78,,,,2.21,83.16,,,47.71,75.68,,,,178.31,,110.99,0.0,0.0,29534.34,191.37,3923.51,525.86,,219.13,,83.49,189.41,19218.35,,0.0,92.89,127.54,215.32,,0.9,,,2634.64,,,90.22,0.0,0.0,27512.63,171.7,199.53,199.53,,564.65,-8.09,107.81,344.68,641.43,,0.0,0.0,2021.71,,0.0,2021.71,29534.34,
000001.SZ,平安银行,2016-09-30 00:00:00,三季报,2016三季报,CNY,3039.36,1230.78,1014.82,501.72,159.84,,58.32,376.55,57.04,134.71,13938.54,,,,,1502000000.0,2828.62,4082.73,,,5.42,2.11,74.07,,,46.31,75.68,,,,133.61,,137.13,,0.0,27912.38,106.49,2467.54,129.28,,205.85,,112.38,,19128.78,,,106.48,92.41,211.51,,0.24,,,3254.19,,,114.95,,0.0,25930.1,171.7,199.53,199.53,,564.65,-8.72,85.21,275.28,694.63,,,0.0,1982.28,,0.0,1982.28,27912.38,
000001.SZ,平安银行,2016-06-30 00:00:00,中报,2016中报,CNY,2781.78,1581.3,921.73,670.7,411.48,,116.03,521.62,61.22,141.16,13239.35,,,,,1280000000.0,2845.98,4262.92,,,5.42,2.28,53.1,,,47.41,75.68,,,,117.32,,140.55,,0.0,28009.83,411.07,2588.28,96.93,,227.39,,195.49,3.0,18983.48,,,99.01,64.91,207.15,,0.25,,,3076.03,,,139.81,0.06,0.0,26092.83,171.7,199.53,199.53,,564.65,-9.73,85.21,275.28,630.36,,,0.0,1917.0,,0.0,1917.0,28009.83,
000001.SZ,平安银行,2016-03-31 00:00:00,一季报,2016一季报,CNY,2961.44,1808.71,693.49,872.12,370.6,,76.76,340.45,58.03,144.1,12309.85,,,,,2746000000.0,2892.76,3845.68,,,5.21,2.29,46.5,,,48.38,75.68,,,,97.32,,134.72,,0.0,26811.55,27.83,2993.34,91.18,,161.7,,101.97,43.98,18543.65,,,83.74,87.52,227.06,,0.25,,,2473.6,,,98.13,3.82,0.0,24935.86,143.09,199.53,199.53,,593.26,-10.87,85.21,275.28,590.19,,,0.0,1875.69,,0.0,1875.69,26811.55,
000001.SZ,平安银行,2015-12-31 00:00:00,年报,2015年报,CNY,2917.15,1090.46,637.44,766.36,197.57,,81.44,1172.91,66.24,141.24,11868.72,,,,,1245000000.0,2661.66,3076.35,,,5.21,2.12,47.88,,,49.61,75.68,,,,87.28,,113.72,,0.0,25071.49,30.51,3111.06,121.43,,85.06,,40.37,110.0,17339.21,,,103.51,65.71,232.67,,0.26,,,2129.63,,,86.63,0.44,0.0,23456.49,143.09,,,,593.26,-11.17,85.21,275.28,529.33,,,0.0,1615.0,,0.0,1615.0,25071.49,
000001.SZ,平安银行,2015-09-30 00:00:00,三季报,2015三季报,CNY,2972.23,1079.63,626.57,1041.89,175.97,,54.71,2542.85,71.2,119.44,11822.26,,,,,766000000.0,2600.22,2482.9,,,5.62,1.45,44.06,,,49.72,75.68,,,,93.67,,122.87,,0.0,25990.6,36.0,4357.45,168.46,,73.86,,28.44,,17233.28,,,105.2,73.93,257.08,,0.25,,,1923.25,,,134.17,55.74,0.0,24419.24,143.09,,,,593.26,-13.55,63.34,191.15,594.07,,,0.0,1571.36,,0.0,1571.36,25990.6,
000001.SZ,平安银行,2015-06-30 00:00:00,中报,2015中报,CNY,2986.18,631.44,569.14,692.67,372.46,,50.9,3068.69,73.74,112.64,11590.45,,,,,1586000000.0,2461.37,2705.29,,,5.62,1.07,36.9,,,50.64,75.68,,,,93.08,,111.26,,0.0,25705.08,29.21,5750.47,179.31,,56.27,,32.52,,16551.12,,,88.96,72.93,240.01,,0.25,,,1082.54,,,102.91,19.56,0.0,24196.28,143.09,,,,593.26,-14.57,63.34,191.15,532.53,,,0.0,1508.8,,0.0,1508.8,25705.08,
000001.SZ,平安银行,2015-03-31 00:00:00,一季报,2015一季报,CNY,2667.05,675.68,546.39,463.6,407.9,,57.58,1830.48,86.13,116.33,11013.13,,,,,1954000000.0,2310.94,2482.91,,,4.86,1.09,36.97,,,51.57,75.68,,,,74.84,,125.08,,0.0,23047.75,40.86,4175.79,137.33,,48.89,,35.37,184.26,15784.37,,,65.84,72.12,242.41,,0.25,,,779.21,,,99.53,28.96,0.0,21680.71,114.25,,,,522.7,-17.25,63.34,191.15,492.85,,,0.0,1367.04,,0.0,1367.04,23047.75,
000001.SZ,平安银行,2014-12-31 00:00:00,年报,2014年报,CNY,3062.98,669.69,452.54,458.41,258.11,,43.0,1786.36,99.25,119.37,10036.37,,,,,1493000000.0,2078.74,2462.58,,,4.86,1.1,38.12,,,52.93,75.68,,,,68.34,,81.23,,0.0,21864.59,27.54,3854.51,135.51,,42.59,,26.62,225.68,15331.83,,,79.61,57.94,252.29,,0.25,,,417.5,,,84.4,37.66,0.0,20555.1,114.25,,,,522.7,-18.51,63.34,191.15,436.56,,,0.0,1309.49,,0.0,1309.49,21864.59,
000001.SZ,平安银行,2014-09-30 00:00:00,三季报,2014三季报,CNY,2773.25,1000.35,414.73,485.67,148.08,,49.04,2039.75,104.98,111.35,9741.6,,,,,2476000000.0,2001.89,2225.37,,,4.72,1.01,35.4,,,52.63,75.68,,,,61.54,,91.78,,0.0,21443.58,13.57,3693.64,164.07,,45.12,,31.2,186.54,15081.79,,,69.83,55.24,247.73,,0.3,,,454.81,,,113.02,38.72,0.0,20176.22,114.25,,,,522.7,-19.56,43.54,165.09,441.34,,,0.0,1267.36,,0.0,1267.36,21443.58,
000001.SZ,平安银行,2014-06-30 00:00:00,中报,2014中报,CNY,2596.04,956.9,408.98,445.82,,,27.4,2906.88,108.5,106.41,9210.48,252.17,,,,1287000000.0,1988.48,2058.82,,,5.83,1.03,34.92,,,52.96,75.68,,,,47.86,,66.72,,0.0,21364.75,12.99,3923.13,187.65,49.5,,,32.63,203.85,15089.04,,,57.15,37.65,212.19,,0.45,,,216.05,,,110.36,22.71,0.0,20155.35,114.25,,,,501.4,,43.54,165.09,385.12,,,0.0,1209.4,,0.0,1209.4,21364.75,
000001.SZ,平安银行,2014-03-31 00:00:00,一季报,2014一季报,CNY,2581.1,858.21,342.58,472.92,251.65,251.65,36.75,3471.14,66.71,101.38,8740.14,,,,,717000000.0,1949.55,1817.99,,,5.96,1.14,35.8,,,53.32,75.68,,,,39.12,,62.71,,0.0,20971.02,17.99,5007.63,192.92,,42.27,42.27,34.68,110.93,13826.49,,,44.82,44.09,193.35,,0.56,,,171.08,,,89.12,44.18,0.0,19798.02,95.21,,,,518.99,,43.54,165.09,350.17,,,0.0,1173.0,,0.0,1173.0,20971.02,
000001.SZ,平安银行,2013-12-31 00:00:00,年报,2013年报,CNY,2299.24,719.14,212.86,272.41,104.21,104.21,33.97,2716.92,70.58,100.43,8321.27,,,,,578000000.0,1956.67,1846.56,,,4.85,1.16,36.94,,,54.63,75.68,,,,44.06,,40.05,,0.0,18917.41,22.64,4507.89,226.33,,36.92,36.92,29.14,360.49,12170.02,,,60.13,42.05,166.05,,0.56,,,81.02,,,71.87,21.49,0.0,17796.6,95.21,,,,541.71,-24.37,43.54,165.09,299.63,,,0.0,1120.81,,0.0,1120.81,18917.41,
000001.SZ,平安银行,2013-09-30 00:00:00,三季报,2013三季报,CNY,2568.45,608.49,83.96,228.33,143.71,143.71,13.58,2471.54,47.41,97.98,8176.97,,,,,58175000000.0,1400.2,1894.31,,,5.08,1.84,33.12,,,55.1,75.68,,,,32.88,,35.81,,0.0,18556.19,24.73,3964.22,203.46,,36.0,36.0,16.68,422.98,12523.66,,,52.33,36.2,159.5,,0.66,,,95.97,,,57.04,27.26,0.0,17607.06,81.97,,,,394.26,,28.3,136.33,308.27,,,0.0,949.13,,0.0,949.13,18556.19,
000001.SZ,平安银行,2013-06-30 00:00:00,中报,2013中报,CNY,2361.66,599.1,32.19,360.31,,,10.6,3039.84,48.56,91.65,7724.67,216.54,,,,91742000000.0,1003.81,1593.89,,,5.22,1.87,33.41,,,56.24,75.68,,,,25.11,,72.21,,0.0,18269.98,12.62,3972.21,233.98,30.56,,,13.18,959.82,11753.61,,,43.0,28.46,141.42,,1.28,,,95.92,,,57.58,10.92,0.0,17354.56,81.97,,,,402.2,,28.3,136.33,266.62,,,0.0,915.42,,0.0,915.42,18269.98,
000001.SZ,平安银行,2013-03-31 00:00:00,一季报,2013一季报,CNY,2129.52,750.75,49.86,516.58,76.53,,9.13,3459.83,73.95,94.5,7413.45,,,,,81933000000.0,1027.71,1423.81,,,5.22,1.93,34.17,,,57.49,75.68,,,,29.47,,63.58,,0.0,18112.49,14.01,5243.15,218.61,,41.8,41.8,9.88,646.91,10645.14,,,34.45,20.09,134.74,,1.28,12.61,,95.87,,,85.91,40.9,0.0,17224.9,51.23,,,,405.07,,28.3,136.33,266.66,,,0.0,887.59,,0.0,887.59,18112.49,
000001.SZ,平安银行,2012-12-31 00:00:00,年报,2012年报,CNY,2193.47,942.95,24.31,654.26,42.38,,9.67,1864.73,83.64,87.57,7082.62,,,,,90007000000.0,1031.24,908.38,,,4.11,1.96,35.36,,,58.78,75.68,,,,34.5,,29.69,,0.0,16065.37,161.68,3542.23,390.68,,17.22,,9.52,461.48,10211.08,,,48.63,22.99,115.26,,1.28,12.72,,160.79,,,31.3,30.52,0.0,15217.38,51.23,,,,407.61,-6.26,28.31,136.33,230.77,,,0.0,847.99,,0.0,847.99,16065.37,
000001.SZ,平安银行,2012-09-30 00:00:00,三季报,2012三季报,CNY,1824.74,703.6,,174.02,69.25,,6.91,1336.54,984.03,81.65,6932.38,,,,,80733960000.0,1059.31,539.4,,,5.36,2.5,31.82,,,56.89,75.68,,,,33.28,,50.59,,0.0,14775.31,258.17,3197.47,101.8,,10.66,,7.16,339.45,9353.97,,,41.43,21.81,113.7,,0.87,12.74,,160.72,,,40.41,595.38,0.0,13958.05,51.23,,,,402.27,,28.3,117.99,217.46,,,0.0,817.26,,0.0,817.26,14775.31,
000001.SZ,平安银行,2012-06-30 00:00:00,中报,2012中报,CNY,1804.14,1069.87,,263.2,54.6,,8.03,1171.95,1231.1,85.52,6710.76,,,,,80229512000.0,1082.24,371.04,,,5.36,2.54,32.47,,,57.85,75.68,,,,29.64,,47.94,,0.0,14906.23,262.4,3237.26,71.97,,3.99,,7.32,366.74,9495.78,,,36.1,17.66,104.4,,0.87,14.54,,160.68,,,65.2,526.21,0.0,14108.0,51.23,,,,412.88,,28.3,117.99,187.82,,,0.0,798.23,,0.0,798.23,14906.23,
000001.SZ,平安银行,2012-03-31 00:00:00,一季报,2012一季报,CNY,1718.99,858.88,,184.52,33.14,,5.08,395.72,1598.43,84.02,6401.07,,,,,79917487000.0,1095.85,254.19,,,5.39,2.57,34.26,,,58.85,75.68,,,,28.51,,45.71,,0.0,13680.05,12.57,2492.81,139.79,,1.89,1.89,4.34,220.17,9148.1,,,29.91,27.7,108.95,,1.12,13.73,,160.61,,,43.02,971.5,0.0,12890.48,51.23,,,,416.13,,28.3,79.55,192.93,,,0.0,768.15,21.42,0.0,789.57,13680.05,
000001.SZ,平安银行,2011-12-31 00:00:00,年报,2011年报,CNY,1606.35,398.84,,84.47,26.08,,8.11,343.04,1705.89,72.74,6100.75,,,,,78383526000.0,1076.83,137.32,,,5.39,2.63,35.24,,,59.9,75.68,,,,28.9,,29.77,,0.0,12581.77,11.31,1554.1,252.79,,,,7.32,391.97,8508.45,,,36.0,25.36,99.14,,1.12,13.51,,160.54,,,60.73,1411.21,0.0,11827.96,51.23,,,,415.38,,28.3,79.55,158.64,,,0.0,733.11,20.7,0.0,753.81,12581.77,
000001.SZ,平安银行,2011-09-30 00:00:00,三季报,2011三季报,CNY,1369.94,270.71,,80.35,165.45,,6.22,719.41,1103.52,55.54,5987.17,,,,,78392673000.0,1088.36,210.02,0.0,0.0,4.17,2.61,34.07,,,60.22,75.68,,,,29.28,,25.48,0.0,0.0,12072.12,10.12,1631.96,98.74,,,,5.41,461.52,8322.41,,0.0,27.02,21.46,87.27,,1.05,14.11,0.0,160.47,,,44.09,469.63,0.0,11355.26,51.23,,,,405.26,,19.12,59.78,161.68,,0.0,0.0,697.08,19.78,0.0,716.86,12072.12,
000001.SZ,平安银行,2011-06-30 00:00:00,中报,2011中报,CNY,954.92,190.53,0.0,88.78,11.58,,4.52,1101.33,283.2,30.11,4409.91,,,,,36983052000.0,783.45,210.02,,,4.07,5.4,23.59,,,1.86,,,,,20.71,,26.77,,0.0,8520.57,15.24,1207.91,53.36,,,,3.64,149.89,6324.97,,,18.57,13.85,46.42,,0.21,1.15,,131.25,,,47.4,125.18,0.0,8139.05,34.85,,,,133.05,,19.12,59.78,134.73,,,0.0,381.52,,0.0,381.52,8520.57,
000001.SZ,平安银行,2011-03-31 00:00:00,一季报,2011一季报,CNY,793.35,151.86,0.0,71.42,20.2,,4.65,1369.33,194.46,28.77,4156.96,,,,,33239732000.0,704.13,175.02,,,4.04,5.53,23.94,,,1.89,,,,,18.34,,19.36,,0.0,8075.63,30.99,1403.28,48.63,,,,3.77,132.48,5827.16,,,13.57,13.15,38.9,,0.07,1.17,,94.74,,,32.81,75.42,0.0,7716.13,34.85,,,,134.32,,19.12,59.78,111.43,,,0.0,359.5,,0.0,359.5,8075.63,
000001.SZ,平安银行,2010-12-31 00:00:00,年报,2010年报,CNY,765.87,85.24,0.0,84.76,,,3.72,982.63,137.27,21.21,4009.66,,,,,31534183000.0,613.8,185.02,,,4.04,2.15,23.92,,,1.92,,,,,19.55,,15.97,,0.0,7272.07,22.38,823.7,62.0,,,,3.12,175.89,5629.12,,,18.79,11.25,39.2,,0.03,0.15,,94.69,,,8.56,51.21,0.0,6940.1,34.85,,,,133.41,,19.12,59.78,84.81,,,0.0,331.98,,0.0,331.98,7272.07,
000001.SZ,平安银行,2010-09-30 00:00:00,三季报,2010三季报,CNY,666.31,98.62,0.01,78.1,5.54,,3.2,736.15,100.03,22.43,3926.21,,,,,39998106000.0,446.72,199.92,,,3.84,5.3,24.04,,,1.65,,,,,17.59,,14.99,,0.0,6750.64,20.99,629.99,117.03,,,,2.66,103.54,5366.82,,,16.28,8.22,35.49,,0.02,1.14,,94.68,,,17.5,14.84,0.0,6429.2,34.85,,,,135.78,,12.84,46.76,91.21,,,0.0,321.44,,0.0,321.44,6750.64,
000001.SZ,平安银行,2010-06-30 00:00:00,中报,2010中报,CNY,615.05,88.45,0.02,53.19,5.43,,2.02,549.62,98.7,20.06,3684.88,,,,,41058953000.0,374.96,275.92,,,3.84,5.5,21.34,,,1.6,,,,,17.68,,15.11,,0.0,6243.98,12.04,481.4,49.78,,,,1.57,153.02,5059.88,,,14.15,6.46,28.31,,0.03,1.02,,94.66,,,16.45,20.99,0.0,5939.77,34.85,,,,135.56,,12.84,46.76,74.2,,,0.0,304.21,,0.0,304.21,6243.98,
000001.SZ,平安银行,2010-03-31 00:00:00,一季报,2010一季报,CNY,564.88,112.43,0.03,50.16,13.52,,1.11,572.09,77.08,19.57,3676.04,,,,,38308612000.0,362.3,302.92,,,3.64,5.37,19.19,,,1.47,,,,,15.33,,19.06,,0.0,6199.28,,907.22,90.0,,,,0.43,123.68,4676.15,,,10.73,7.3,26.25,,0.03,1.23,,94.66,,,26.32,14.18,0.0,5978.18,31.05,,,,70.79,,12.84,46.76,59.65,,,0.0,221.1,,0.0,221.1,6199.28,
000001.SZ,平安银行,2009-12-31 00:00:00,年报,2009年报,CNY,542.44,155.93,0.03,53.61,11.32,,1.0,409.23,47.82,16.26,3555.63,,,,,36998409000.0,345.85,304.27,0.0,0.0,3.93,5.24,17.14,,,1.57,,,,,15.83,,21.03,0.0,0.0,5878.11,,741.4,75.7,,,,0.22,137.33,4546.35,,0.0,16.82,6.52,26.82,,0.03,0.95,0.0,94.63,,,18.14,8.51,0.0,5673.41,31.05,,,,70.17,,12.84,46.76,43.87,,0.0,0.0,204.7,,0.0,204.7,5878.11,
000001.SZ,平安银行,2009-09-30 00:00:00,三季报,2009三季报,CNY,454.29,178.14,0.05,84.17,14.08,,1.74,360.27,46.9,16.61,3568.99,,,,,34002906000.0,271.5,139.5,,,3.97,4.54,17.89,,,1.18,,,,,17.07,,21.73,,0.0,5542.65,,705.95,85.7,,,,0.23,157.47,4238.86,,,12.92,6.75,25.21,,0.03,1.05,,94.6,94.6,,18.41,4.57,0.0,5351.76,31.05,,,,70.29,,7.81,35.83,45.9,,,0.0,190.88,,0.0,190.88,5542.65,
000001.SZ,平安银行,2009-06-30 00:00:00,中报,2009中报,CNY,422.28,208.13,0.05,79.98,17.85,,1.62,379.58,29.12,17.11,3390.57,,,,,41015718000.0,242.93,139.5,,,3.97,4.15,16.61,,,1.09,,,,,16.49,,31.06,,0.0,5412.26,,427.8,141.71,,0.05,,0.31,333.3,4165.72,,,12.15,6.96,24.56,,0.04,1.67,,94.59,,,21.46,2.04,0.0,5232.38,31.05,,,,72.54,,7.81,35.83,32.64,,,0.0,179.87,,0.0,179.87,5412.26,
000001.SZ,平安银行,2009-03-31 00:00:00,一季报,2009一季报,CNY,395.45,328.11,0.07,98.37,13.64,,2.0,324.75,13.65,19.46,3168.75,,,,,46323264000.0,192.19,138.5,,,4.02,3.98,16.62,,,1.09,,,,,17.38,,17.53,,0.0,5218.79,,380.39,195.52,,0.4,,0.36,313.87,4006.59,,,9.84,11.15,25.52,,0.09,2.41,,79.69,79.69,,21.82,0.43,-0.0,5048.07,31.05,,,,75.28,,7.81,35.83,20.74,,,0.0,170.72,,0.0,170.72,5218.79,
000001.SZ,平安银行,2008-12-31 00:00:00,年报,2008年报,CNY,397.68,215.01,0.09,92.37,0.41,,2.91,347.33,13.6,16.06,2817.15,,,,,48799716000.0,155.85,137.5,0.0,0.0,4.17,4.12,16.75,,,1.14,,,,,18.12,,16.16,0.0,0.0,4744.4,,360.63,73.8,,0.39,,0.59,389.16,3605.14,,0.0,12.47,11.98,29.63,,0.26,3.42,0.0,79.64,79.64,,8.2,5.07,0.0,4580.39,31.05,,,,79.79,,7.81,35.83,9.52,,0.0,0.0,164.01,,0.0,164.01,4744.4,
000001.SZ,平安银行,2008-09-30 00:00:00,三季报,2008三季报,CNY,459.83,45.26,0.22,58.79,14.04,,1.95,439.07,24.99,14.85,2530.76,,,,,48009082000.0,153.94,137.5,,,3.9,4.36,15.11,,,0.71,,,,,6.7,,22.46,,0.0,4414.54,,413.18,30.8,,0.39,,0.78,157.47,3483.8,,,10.18,9.45,29.39,,0.52,1.65,,64.71,64.71,,18.01,10.46,0.0,4230.8,23.89,,,,71.7,,9.34,33.24,45.58,,,0.0,183.75,,0.0,183.75,4414.54,
000001.SZ,平安银行,2008-06-30 00:00:00,中报,2008中报,CNY,479.04,58.77,0.45,97.26,15.97,,2.79,591.91,25.93,15.1,2402.33,,,,,36857537000.0,162.71,136.5,,,4.64,4.39,14.94,,,0.65,,,,,6.73,,29.56,,0.0,4418.23,,524.22,13.0,,5.45,,2.0,111.88,3431.4,,,9.4,6.93,26.76,,0.61,2.11,,64.7,64.7,,32.75,17.59,0.0,4248.8,23.89,,,,69.12,,9.34,33.24,33.85,,,0.0,169.43,,0.0,169.43,4418.23,
000001.SZ,平安银行,2008-03-31 00:00:00,一季报,2008一季报,CNY,485.88,32.26,0.64,55.68,14.44,,3.74,637.48,,14.5,2278.71,,,,,23286019000.0,159.96,134.5,,,2.72,4.45,15.1,,,0.65,,,,,6.78,,14.38,,-0.0,4094.74,,488.93,41.38,,5.42,,3.39,155.31,3135.13,,,7.34,4.43,19.61,,0.77,2.28,,64.82,,,25.52,,-0.0,3954.33,22.93,,,,52.45,,7.19,27.16,30.68,,,0.0,140.41,,0.0,140.41,4094.74,
000001.SZ,平安银行,2007-12-31 00:00:00,年报,2007年报,CNY,407.26,40.14,0.08,26.43,14.78,,2.92,337.69,7.78,11.26,2150.12,,,,,17850892000.0,159.11,134.5,,,2.52,4.41,15.54,,,0.68,,,,,9.94,,21.72,,0.0,3525.39,,323.89,23.0,,12.47,,2.55,164.68,2812.77,,,9.25,8.2,17.28,,0.77,0.99,,,,,16.09,3.4,0.0,3395.33,22.93,,,,52.14,,7.19,27.16,20.64,,,0.0,130.06,,0.0,130.06,3525.39,
000001.SZ,平安银行,2007-09-30 00:00:00,三季报,2007三季报,CNY,322.24,40.21,0.03,48.16,15.47,15.47,1.59,392.27,,8.6,2072.27,,,,,20296509000.0,160.0,95.0,,,2.52,4.8,15.06,,,0.41,,,,,8.66,,15.01,,0.0,3405.27,,258.53,21.09,,12.71,12.71,1.57,99.94,2879.41,,,7.27,5.45,16.23,,0.7,1.6,,,,,17.12,,-0.0,3321.63,20.87,,,,15.54,,5.67,25.8,15.76,,,0.0,83.64,,0.0,83.64,3405.27,
000001.SZ,平安银行,2007-06-30 00:00:00,中报,2007中报,CNY,274.91,45.92,0.22,27.34,18.73,18.73,0.93,330.22,,7.51,2003.81,,,,,20616491000.0,158.19,20.0,,,2.52,4.61,15.25,,,0.3,,,,,8.9,,15.04,,0.0,3140.56,0.86,244.34,21.75,,12.85,12.85,1.04,71.55,2664.66,,,6.3,4.53,13.81,,0.7,2.05,,,,,19.13,,0.0,3063.58,20.87,,,,16.39,,5.67,25.8,8.27,,,0.0,76.98,,0.0,76.98,3140.56,
000001.SZ,平安银行,2007-03-31 00:00:00,一季报,2007一季报,CNY,236.53,21.26,,71.73,21.71,,0.4,222.31,,8.3,1853.02,,,,,21304379993.0,174.73,,,,2.03,4.41,16.81,,,0.25,,,,,9.71,,20.33,,-0.0,2876.59,,250.74,0.52,,16.21,,0.32,37.8,2443.77,,,4.56,5.73,10.79,,0.55,2.31,,,,,32.23,,0.0,2805.53,19.46,,,,16.22,,4.54,16.8,14.04,,,0.0,71.06,,-0.0,71.06,2876.59,
000001.SZ,平安银行,2006-12-31 00:00:00,年报,2006年报,CNY,262.88,30.81,,33.69,4.27,,0.23,112.72,,6.76,1752.45,,,,,18052342000.0,175.48,,,,2.48,4.61,15.43,,,0.27,,,,,10.16,,14.86,,0.0,2607.61,,170.69,,,4.84,,0.28,7.41,2322.06,,,6.15,5.04,9.43,,0.55,2.63,,,,,12.56,,0.0,2541.64,19.46,,,,16.49,,4.54,16.8,8.69,,,0.0,65.97,,0.0,65.97,2607.61,
000001.SZ,平安银行,2006-09-30 00:00:00,三季报,2006三季报,CNY,196.27,35.38,,47.47,5.36,5.36,0.02,59.64,,,,,,,,19382860983.0,179.29,,,,,,19.72,0.12,,0.4,,8.99,,8.99,9.32,1.2,,1705.28,0.0,2462.3,,135.58,0.18,,5.13,5.13,0.15,12.41,2200.14,,,,4.37,,,0.55,2.46,,,,,,40.79,0.0,2401.76,19.46,,,,16.83,,3.23,4.8,16.65,-0.43,,0.0,60.54,,0.0,60.54,2462.3,
000001.SZ,平安银行,2006-06-30 00:00:00,中报,2006中报,CNY,177.8,39.31,,51.08,,,0.01,74.0,,,,,,,,,179.58,,,,,,20.91,0.06,,0.4,,8.87,,8.87,9.82,1.19,,1865.22,0.0,2428.24,,88.85,,,5.38,5.38,0.16,126.28,2117.16,,,,3.58,,,0.6,2.12,,,,,,28.2,0.0,2372.32,19.46,,,,16.48,,3.23,4.8,12.38,-0.42,,0.0,55.92,,0.0,55.92,2428.24,
000001.SZ,平安银行,2006-03-31 00:00:00,一季报,2006一季报,CNY,8.1,,,,197.2,197.2,,,2.61,,,,,,,,,,,,1.59,,23.68,0.07,,0.38,,,,,10.4,,,10.97,,2395.58,,,,,,,,,,,,4.19,6.13,,0.23,0.59,2.64,,,,,0.0,25.6,,2342.93,19.46,,,,15.72,,3.23,,9.86,-0.42,,,52.64,,,52.64,2395.58,
000001.SZ,平安银行,2005-12-31 00:00:00,年报,2005年报,CNY,217.6,65.79,,32.85,8.48,,0.06,86.65,2.29,4.62,1496.15,,,,,26248543243.0,,,0.0,0.0,2.33,,24.18,0.05,,0.42,,10.24,1.72,8.52,10.01,1.21,11.63,1635.17,0.0,2223.25,,104.69,,,6.79,,0.16,11.69,2018.16,10.04,0.0,4.1,5.22,8.21,0.23,0.59,2.35,0.0,,,,10.74,2102.6,0.0,2172.7,19.46,,,,15.74,,3.24,4.8,7.73,-0.43,0.0,0.0,50.54,,0.0,50.54,2223.25,0.23
000001.SZ,平安银行,2005-09-30 00:00:00,三季报,2005三季报,CNY,8.83,,,,65.97,65.97,,,,,,,,,,,,,,,1.56,,30.76,0.18,,0.46,,,,,9.93,,,2.03,,2205.16,,,,,,,,,,,,3.73,5.08,,0.23,0.29,2.06,,,,,0.0,31.92,,2155.01,19.46,,,,15.72,,2.62,,10.01,-0.35,,,50.15,,,50.15,2205.16,
000001.SZ,平安银行,2005-06-30 00:00:00,中报,2005中报,CNY,7.04,,,,63.76,63.76,,,,,,,,,,,,,,,1.56,,31.35,0.12,,0.52,,,,,9.84,,,7.16,,2105.06,,,,,,,,,,,,3.57,4.73,,0.23,0.29,1.71,,,,,0.0,34.44,,2056.13,19.46,,,,15.72,,2.63,,8.42,-0.0,,,48.92,,,48.92,2105.06,
000001.SZ,平安银行,2005-03-31 00:00:00,一季报,2005一季报,CNY,7.58,,,,86.13,86.13,,,,,,,,,,,,,,,1.56,,31.97,0.15,,0.6,,,,,8.19,,,3.56,,2012.04,,,,,,,,,,,,3.18,4.93,,0.23,0.3,1.72,,,,,0.0,30.24,,1963.65,19.46,,,,15.72,,2.63,,7.89,-0.0,,,48.39,,,48.39,2012.04,
000001.SZ,平安银行,2004-12-31 00:00:00,年报,2004年报,CNY,191.07,52.36,,27.52,110.47,110.47,,111.48,2.31,,-51.12,,,,,,226.02,,0.0,0.0,227.1,,32.44,0.12,,0.66,,7.23,1.44,5.79,7.52,1.31,61.45,1374.4,0.0,2044.43,,83.25,3.23,,,,,138.98,0.0,11.94,0.0,3.65,4.28,,0.24,0.3,1.98,0.0,,,,0.0,1749.08,0.0,1997.08,19.46,,,,15.72,,2.7,2.8,6.67,-0.0,0.0,0.0,47.34,,0.0,47.34,2044.43,0.15
000001.SZ,平安银行,2004-09-30 00:00:00,三季报,2004三季报,CNY,7.34,,,,51.56,51.56,,,,,,,,,,,,,,,1.54,,0.0,0.26,,0.67,,,,,,,,3.67,,1988.48,,,,,,,,,,,,3.38,1.9,,0.24,,,,,,,0.0,28.95,,1944.76,19.46,,,,15.72,,1.55,,5.74,-0.0,,,43.72,,,43.72,1988.48,
000001.SZ,平安银行,2004-06-30 00:00:00,中报,2004中报,CNY,6.09,,,,40.84,40.84,,,0.58,,,,,,,,,,,,1.54,,23.06,0.18,,0.73,,,,,,,,7.35,,2031.94,,,,,,,,,,,,2.61,1.23,,0.56,0.28,,,,,,0.0,23.62,,1989.44,19.46,,,,15.72,,1.55,,4.53,-0.0,,,42.51,,,42.51,2031.94,
000001.SZ,平安银行,2004-03-31 00:00:00,一季报,2004一季报,CNY,6.99,,,,50.0,50.0,,,,,,,,,,,,,,,1.54,,0.0,0.52,,0.56,,,,,,,,4.14,,2124.97,,,,,,,,,,,,1.79,2.22,,0.56,0.19,,,,,,0.0,50.53,,2083.19,19.46,,,,15.72,,1.55,,3.81,0.0,,,41.79,,,41.79,2124.97,
000001.SZ,平安银行,2003-12-31 00:00:00,年报,2003年报,CNY,5.9,82.22,,21.48,7.49,7.49,,,,,1286.65,,,,,6124579610.0,216.88,,,,1.53,,23.88,0.18,,0.87,,,,,6.02,,,3.38,,1934.53,33.71,119.53,211.62,,,,,49.55,1421.24,,,2.38,1.62,,0.62,0.19,1.73,,,,,0.0,10.56,,1890.59,19.46,,,,15.72,,2.19,1.26,4.46,-0.0,,,43.95,,,43.95,1934.53,
000001.SZ,平安银行,2003-09-30 00:00:00,三季报,2003三季报,CNY,5.71,,,,19.56,19.56,,,,,,,,,,,,,,,1.11,,0.0,0.44,,0.76,,,,,,,,2.47,,1933.96,,,,,,,,,,,,0.86,1.34,,1.17,0.08,,,,,,0.0,17.86,,1894.14,19.46,,,,15.72,,1.25,,2.53,,,,39.82,,,39.82,1933.96,
000001.SZ,平安银行,2003-06-30 00:00:00,中报,2003中报,CNY,5.03,,,,22.07,22.07,,,0.45,,,,,,,,,,,,1.13,,23.33,0.38,,0.64,,,,,,,,7.36,,1754.55,,,,,,,,,,,,0.64,1.15,,0.38,0.08,,,,,,0.0,27.07,,1711.25,19.46,,,,15.72,,1.25,,6.01,0.0,,,43.3,,,43.3,1754.55,
000001.SZ,平安银行,2003-03-31 00:00:00,一季报,2003一季报,CNY,5.2,,,,8.64,8.64,,,,,,,,,,,,,,,1.86,,0.0,0.31,,0.65,,,,,,,,2.39,,1624.67,,,,,,,,,,,,1.19,1.51,,3.3,0.08,,,,,,0.0,22.57,,1585.46,19.46,,,,15.72,,1.25,,1.92,-0.0,,,39.21,,,39.21,1624.67,
000001.SZ,平安银行,2002-12-31 00:00:00,年报,2002年报,CNY,5.15,103.19,,49.3,17.29,17.29,,2.05,,,1093.7,,,,,,181.87,,,,1.53,,0.0,0.35,,0.52,,,,,,,,2.08,,1661.66,1.26,97.63,300.48,,,,,41.5,1148.59,,,1.89,2.32,,0.39,0.08,,,,,,0.0,8.87,,1622.26,19.46,,,,15.72,,1.07,0.86,2.53,0.0,,,39.4,,,39.4,1661.66,
000001.SZ,平安银行,2002-09-30 00:00:00,三季报,2002三季报,CNY,4.72,,,,9.64,9.64,,,,,,,,,,,,,,,1.21,,0.0,0.14,,0.42,,,,,,,,4.67,,1600.22,,,,,,,,,,,,3.59,2.44,,0.61,,,,,,,0.0,16.79,,1559.64,19.46,,,,15.72,,0.6,,4.8,,,,40.58,,,40.58,1600.22,
000001.SZ,平安银行,2002-06-30 00:00:00,中报,2002中报,CNY,4.11,,,,1.05,1.05,,,0.36,,,,,,,,,,,,0.9,,20.76,0.93,,0.4,,,,,,,,9.54,,1346.89,,,,,,,,,,,,2.48,2.12,,3.15,,,,,,,0.0,14.45,,1307.47,19.46,,,,15.72,,0.6,,3.64,0.0,,,39.42,,,39.42,1346.89,
000001.SZ,平安银行,2002-03-31 00:00:00,一季报,2002一季报,CNY,3.81,,,,3.47,3.47,,,0.94,,,,,,,,,,,,1.05,,0.0,4.08,,0.43,,,,,,,,8.47,,1106.89,,,,,,,,,,,,1.42,2.12,,3.15,,,,,,,0.0,16.49,,1068.77,19.46,,,,15.72,,0.6,,2.34,,,,38.12,,,38.12,1106.89,
000001.SZ,平安银行,2001-12-31 00:00:00,年报,2001年报,CNY,3.79,40.85,,43.51,0.79,0.79,,63.87,0.11,,675.38,,,,,,129.7,,,,1.05,,0.0,4.75,,0.36,,,,,,,,2.14,-0.0,1201.27,11.09,98.87,154.97,,,,,,883.14,,,2.2,2.02,,3.15,,,,,,,0.0,6.57,,1164.99,19.46,,,,15.72,,0.6,,0.5,,,,36.28,,,36.28,1201.27,
000001.SZ,平安银行,2001-06-30 00:00:00,中报,2001中报,CNY,3.62,,,,0.59,0.59,,,0.22,,,,,,,,,,,,1.09,,17.26,3.97,,0.24,,,,,,,,6.98,,851.81,,,,,,,,,,,,0.98,0.5,,0.23,,,,,,,0.0,13.05,,802.2,19.46,,,,27.93,,,,2.23,,,,49.62,,,49.62,851.81,
000001.SZ,平安银行,2000-12-31 00:00:00,年报,2000年报,CNY,3.82,36.53,,44.72,0.3,0.3,,14.32,0.23,,367.02,,,,,,74.13,,,,1.09,,0.0,3.1,,0.02,,,,,,,,5.5,,660.06,21.06,54.55,2.47,,,,,8.8,529.12,,,1.38,0.58,,0.24,,,,,,,0.0,4.52,,624.89,19.46,,,,15.72,,,,,,,,35.18,,,35.18,660.06,
000001.SZ,平安银行,2000-06-30 00:00:00,中报,2000中报,CNY,3.27,,,,0.3,0.3,,,,,,,,,,,,,,,2.56,,0.0,,,,,,,,,,,7.81,,497.32,,,,,,,,,,,,1.08,0.55,,1.55,,,,,,,0.0,9.69,,466.54,15.52,,,,2.91,,8.94,,3.41,,,,30.79,,,30.79,497.32,
000001.SZ,平安银行,1999-12-31 00:00:00,年报,1999年报,CNY,8.23,10.77,,17.5,1.18,1.18,,1.68,,,260.82,,,,,,44.11,,,,1.4,,0.0,3.76,,,,,,,,,,1.83,,439.12,7.35,24.69,1.49,,0.23,0.23,,8.0,373.84,,,1.69,0.56,,2.88,,,,,,,0.0,6.4,,427.71,15.52,,,,0.96,,8.94,,-5.06,,,,11.42,,,11.42,439.12,
000001.SZ,平安银行,1999-06-30 00:00:00,中报,1999中报,CNY,4.53,,,,0.23,0.23,,,4.77,,,,,,,,,,,,2.62,,0.0,,,,,,,,,,,13.58,,387.12,,,,,,,,,,,,1.16,0.73,,,,,,,,,0.0,9.32,,347.95,15.52,,,,2.91,,8.48,,12.26,,,,39.18,,,39.18,387.12,
000001.SZ,平安银行,1998-12-31 00:00:00,年报,1998年报,CNY,5.16,11.69,,18.18,,,,0.73,3.7,,235.47,,,,,,31.83,,,,2.62,,0.0,,,,,,,,,,,7.94,,390.08,1.43,15.02,2.26,,0.5,0.5,,10.0,316.74,,,1.78,1.12,,,,,,,,,0.0,8.27,,357.32,15.52,,,,2.91,,7.83,,6.5,,,,32.77,-0.0,,32.76,390.08,
000001.SZ,平安银行,1998-06-30 00:00:00,中报,1998中报,CNY,6.54,,,,,,,,3.04,,,,,,,,,,,,3.37,,0.0,,,,,,,,,,,10.74,,348.73,,,,,,,,,,,,1.14,2.02,,,,,,,,,0.0,9.46,,310.96,15.52,,,,2.91,,5.92,,13.37,,,,37.72,0.05,,37.77,348.73,
000001.SZ,平安银行,1997-12-31 00:00:00,年报,1997年报,CNY,47.99,13.92,,19.95,,,,0.79,2.17,,188.46,,,,,,8.19,,,,,,16.1,,,,,,,,,,,30.67,0.0,317.99,0.24,12.75,3.56,,0.67,0.67,,,254.41,,,1.45,1.82,,,,,,,,,0.0,17.11,,283.98,15.52,,,,2.91,,5.92,,9.6,,,,33.96,0.05,,34.01,317.99,
000001.SZ,平安银行,1997-06-30 00:00:00,中报,1997中报,CNY,3.65,,,,,,,,1.78,,,,,,,,,,,,,,0.0,,,,,,,,,,,7.86,,305.32,,,,,,,,,,,,0.81,1.36,,2.07,,,,,,,0.0,6.99,,275.49,10.35,,,,2.91,,5.93,,10.59,,,,29.78,0.05,,29.82,305.32,
000001.SZ,平安银行,1996-12-31 00:00:00,年报,1996年报,CNY,57.73,23.69,,23.4,0.71,0.71,,2.02,1.91,,151.04,,,,,,7.36,,,,,,14.25,,,,,,,,,,,28.37,,300.22,4.95,15.91,5.0,,0.43,0.43,,2.65,233.6,,,0.82,1.37,,2.07,,,,,,,0.0,16.13,,274.82,10.35,,,,2.91,,5.93,,6.15,,,,25.35,0.05,,25.4,300.22,
000001.SZ,平安银行,1996-06-30 00:00:00,中报,1996中报,CNY,4.41,,,,0.1,0.1,,,1.86,,,,,,,,,,,,,,0.0,,,,,,,,,,,8.31,,242.97,,,,,,,,,,,,0.73,1.34,,,,,,,,,0.0,6.02,,219.72,10.35,,,,2.91,,4.76,,5.18,,,,23.2,0.05,,23.25,242.97,
000001.SZ,平安银行,1995-12-31 00:00:00,年报,1995年报,CNY,29.95,9.63,,14.07,0.11,0.11,,2.46,1.21,,114.18,,,,,,6.94,,,,,,10.01,,,,,,,,,,,22.08,,203.12,4.13,7.66,4.15,,0.2,0.2,,1.27,158.14,,,0.5,0.78,,,,,,,,,0.0,10.9,,183.52,7.76,,,,5.5,,4.76,,1.53,,,,19.55,0.05,,19.61,203.12,
000001.SZ,平安银行,1995-06-30 00:00:00,中报,1995中报,CNY,3.25,,,,0.15,0.15,,,1.7,,,,,,,,,,,,,,0.0,,,,,,,,,,,4.97,,174.4,,,,,,,,,,,,0.16,0.68,,,,,,,,,0.0,3.5,,155.72,4.31,,,,5.5,,2.95,,5.88,,,,18.64,0.04,,18.68,174.4,
000001.SZ,平安银行,1994-12-31 00:00:00,年报,1994年报,CNY,24.15,4.85,,10.64,0.19,0.19,,3.97,0.6,,85.41,,,,,,5.44,,,,,,6.16,,,,,,,,,,,20.81,,154.88,6.3,1.34,1.22,,0.18,0.18,,1.84,120.09,,,0.39,0.93,,0.0,,,,,,,0.0,8.4,,138.29,4.31,,,,5.5,,2.99,,3.75,,,,16.56,0.04,,16.6,154.88,
000001.SZ,平安银行,1994-06-30 00:00:00,中报,1994中报,CNY,1.4,,,,,,,,0.4,,,,,,,,,,,,,,0.0,,,,,,,,,,,7.35,,124.66,,,,,,,,,,,,0.06,0.5,,,,,,,,,0.0,2.23,,109.53,2.69,,,,4.98,,2.44,,5.02,,,,15.13,,,15.13,124.66,
000001.SZ,平安银行,1993-12-31 00:00:00,年报,1993年报,CNY,1.12,,,,0.04,0.04,,,,,,,,,,,,,,,2.17,,0.0,,,,,,,,,,,4.28,,93.23,,,,,,,,,,,,0.09,0.42,,,,,,,,,0.0,1.09,,81.14,2.69,,,,4.98,,1.75,,2.63,,,,12.05,0.04,,12.09,93.23,
000001.SZ,平安银行,1992-12-31 00:00:00,年报,1992年报,CNY,0.63,,,,,,,,,,,,,,,,,,,,,,0.0,,,,,,,,,,,0.0,,75.23,,,,,,,,,,,,,,,,,,,,,,1.96,0.0,,1.96,1.35,,,,2.64,,,,1.46,,,,5.46,,,5.46,75.23,
000001.SZ,平安银行,1991-12-31 00:00:00,年报,1991年报,CNY,0.33,,,,,,,,,,,,,,,,,,,,,,0.0,,,,,,,,,,,0.0,,43.54,,,,,,,,,,,,,,,,,,,,,,0.77,0.0,,0.77,0.9,,,,2.64,,0.73,,1.5,,,,5.78,,,5.78,43.54,
000001.SZ,平安银行,1990-12-31 00:00:00,年报,1990年报,CNY,8.04,,,,,,,,,,,,,,,,,,,,,,0.0,,,,,,,,,,,0.0,,29.19,,,,,,,,,,,,,,,,,,,,,,0.56,0.0,,0.56,0.9,,,,,,0.45,,1.01,,,,2.37,,,2.37,29.19,
000001.SZ,平安银行,1989-12-31 00:00:00,年报,1989年报,CNY,3.83,,,,,,,,,,,,,,,,,,,,,,0.0,,,,,,,,,,,0.0,,16.82,,,,,,,,,,,,,,,,,,,,,,0.4,0.0,,0.4,0.44,,,,,,0.29,,0.71,,,,1.44,,,1.44,16.82,
