日期,摊薄每股收益(元),加权每股收益(元),每股收益_调整后(元),扣除非经常性损益后的每股收益(元),每股净资产_调整前(元),每股净资产_调整后(元),每股经营性现金流(元),每股资本公积金(元),每股未分配利润(元),调整后的每股净资产(元),总资产利润率(%),主营业务利润率(%),总资产净利润率(%),成本费用利润率(%),营业利润率(%),主营业务成本率(%),销售净利率(%),股本报酬率(%),净资产报酬率(%),资产报酬率(%),销售毛利率(%),三项费用比重,非主营比重,主营利润比重,股息发放率(%),投资收益率(%),主营业务利润(元),净资产收益率(%),加权净资产收益率(%),扣除非经常性损益后的净利润(元),主营业务收入增长率(%),净利润增长率(%),净资产增长率(%),总资产增长率(%),应收账款周转率(次),应收账款周转天数(天),存货周转天数(天),存货周转率(次),固定资产周转率(次),总资产周转率(次),总资产周转天数(天),流动资产周转率(次),流动资产周转天数(天),股东权益周转率(次),流动比率,速动比率,现金比率(%),利息支付倍数,长期债务与营运资金比率(%),股东权益比率(%),长期负债比率(%),股东权益与固定资产比率(%),负债与所有者权益比率(%),长期资产与长期资金比率(%),资本化比率(%),固定资产净值率(%),资本固定化比率(%),产权比率(%),清算价值比率(%),固定资产比重(%),资产负债率(%),总资产(元),经营现金净流量对销售收入比率(%),资产的经营现金流量回报率(%),经营现金净流量与净利润的比率(%),经营现金净流量对负债比率(%),现金流量比率(%),短期股票投资(元),短期债券投资(元),短期其它经营性投资(元),长期股票投资(元),长期债券投资(元),长期其它经营性投资(元),1年以内应收帐款(元),1-2年以内应收帐款(元),2-3年以内应收帐款(元),3年以内应收帐款(元),1年以内预付货款(元),1-2年以内预付货款(元),2-3年以内预付货款(元),3年以内预付货款(元),1年以内其它应收款(元),1-2年以内其它应收款(元),2-3年以内其它应收款(元),3年以内其它应收款(元)
2010-03-31,0.5082,0.51,0.51,0.51,7.1197,7.12,2.7724,2.2796,1.9208,,0.2546,41.8781,0.2613,49.2031,48.8499,51.1501,38.6391,50.818,7.1376,0.2546,48.8499,41.2532,3.0255,85.648,0.0,,1710408000,7.13,7.42,,8.6063,40.6426,29.5083,18.7875,0.654,137.6147,,,4.7471,0.0068,13235.2941,,,0.1918,,,,,,3.5665,0.0,,2703.8557,2803.8557,0.0,,2803.8557,0,,0.0,96.4335,619927625000,2.108,0.0139,5.4556,0.0144,,,,,364313000.0,36229930000.0,,,,,,,,,,,,,
2010-06-30,0.8703,0.98,0.98,0.96,8.7291,8.73,-0.8704,3.8898,2.1291,,0.4858,37.64,0.5004,43.5583,44.7832,55.2168,35.7001,137.3854,15.7387,0.7668,44.7832,42.2603,6.1806,82.5967,0.0,,3197937000,9.97,13.8,2976554000.0,13.4199,31.225,69.1246,15.3674,1.1597,155.2126,,,4.4011,0.014,12857.1429,,,0.3339,,,,,,4.8721,0.0,1421.4468,1952.5162,2052.5162,0.0,54.9471,2052.5162,0,,0.3428,95.1279,624398179000,-0.357,-0.0049,-1.0001,-0.0051,,,,,384390000.0,37496313000.0,,,,,,,,,,,,,
2010-09-30,1.3584,1.46,1.46,1.44,9.2235,9.22,3.0358,3.8961,2.6172,,0.7013,37.7935,0.7497,43.9722,44.9822,55.0178,35.9732,135.8371,14.7272,0.7013,44.8916,41.7209,6.783,82.7005,0.0,,4973482000,14.73,18.83,,18.4065,30.1456,68.3959,21.7945,1.7801,151.6769,,,15.2952,0.0208,12980.7692,,,0.5002,,,,,,4.7616,0.0,,2000.1152,2100.1152,0.0,,2100.1152,0,,0.0,95.2384,675063878000,0.804,0.0157,2.2349,0.0165,,,,,384390000.0,44672478000.0,0.0,,,,,,,,,,,,
2010-12-31,1.8031,1.91,1.91,1.86,9.6163,9.62,6.2399,3.8442,2.5081,,0.8636,36.205,0.9554,42.4133,43.5547,56.4453,34.8669,233.7974,24.3127,1.1198,43.4011,40.8384,4.7136,81.5822,,,6524960000,18.75,23.22,6143737000.0,19.2388,24.9087,63.7202,23.783,1.9473,184.8714,,,8.588,0.0274,13138.6861,,,0.6677,,,,,,4.6059,,1353.3229,2071.1359,,,57.0533,2171.1359,0,,0.3403,95.3941,727610068000,1.2066,0.0299,3.4607,0.0313,,,,,404390000.0,61379837000.0,,,,,,,,,,,,,
2011-03-31,0.6893,,,,10.3156,,6.1252,3.8542,3.1974,,0.2975,44.9507,0.313,58.2482,52.6214,47.3786,41.3101,68.9294,6.682,0.2975,52.6214,35.5607,4.355,85.1684,,,2613902000,6.74,,,42.3771,52.2192,62.5977,30.2674,0.3506,256.7028,,,,0.0076,11842.1053,,,0.1674,,,,,,4.4517,,,2146.3473,,,,2246.3473,0,,,95.5483,807563445000,3.6709,0.0264,8.8863,0.0277,,,,,404390000.0,70412797000.0,,,,,,,,,,,,,
2011-06-30,1.3577,,,,10.9476,,9.0599,3.8177,3.8659,,0.5553,41.9815,0.5991,52.9735,49.832,50.168,38.9746,193.2783,17.6549,0.7905,49.832,36.2991,6.0735,84.0246,,,5096802000,12.51,,,42.8958,56.0026,25.4142,36.4605,0.5775,311.6883,,,5.0148,0.0154,11688.3117,,,0.3388,,,,,,4.4777,,1612.7958,2133.2989,,,54.1374,2233.2989,0,,0.2776,95.5223,852057025000,2.6007,0.0371,6.6728,0.0388,,,,,407413000.0,78345059000.0,,,,,,,,,,,,,
2011-09-30,1.5117,,,,13.9921,,3.4863,7.9101,3.1558,,0.6416,39.2932,0.8006,48.3527,47.4309,52.5691,37.4133,151.1721,10.8041,0.6416,47.4309,38.4417,3.8571,81.9618,,,8134249000,11.03,,,57.3098,63.6074,123.0151,78.8294,0.3337,809.11,,,,0.0214,12616.8224,,,0.3936,,,,,,5.9382,,,1584.0221,,,,1684.0221,0,,,94.0618,1207212499000,0.8628,0.0148,2.3062,0.0157,,,,,417292000.0,108836036000.0,,,,,,,,,,,,,
2011-12-31,2.0281,,,,14.7131,,-2.8183,8.1075,3.0965,,0.8258,35.8477,1.0465,42.9432,44.3028,55.6972,35.052,256.2678,17.4176,1.0435,,39.994,3.0891,80.1536,,,10626357000,14.02,,,64.4801,65.3532,124.9302,72.9191,0.3217,1119.055,,,9.8697,0.0299,12040.1338,,,0.5444,,,,,,5.9913,,2135.0922,1569.0995,,,56.3126,1669.0995,0,,0.2806,94.0087,1258176944000,-0.4871,-0.0115,-1.3897,-0.0122,,,,,539294000.0,107683080000.0,,,,,,,8433000.0,11207000.0,,,,,
2012-03-31,0.6823,0.67,0.67,0.67,15.4113,14.99,14.9956,8.1223,3.7658,,0.2555,,0.2662,97.9103,,,,68.2266,4.4271,0.2555,45.918,,5.0676,-19.2075,,,-859988000,4.46,4.57,,-100.0,45.5119,119.6308,69.3991,,,,,,,,,,,,,,,,5.7717,,,1632.5858,,,,1732.5858,0,,,94.2283,1368005065000,,0.0562,21.9792,0.0596,,,,,539294000.0,109585082000.0,,,,,,,,,,,,,
2012-06-30,1.3408,1.32,1.32,1.31,15.5802,15.58,28.1124,8.0588,3.6659,,0.4609,,0.4998,96.3144,,,,190.5159,12.2281,0.6548,45.027,,5.5597,-19.5488,,,-1735666000,8.47,8.82,6729261000.0,-100.0,45.1803,109.2204,74.944,,,,,,,,,,,,,,,,5.355,,2453.3062,1767.4193,,,52.9491,1867.4193,0,,0.2183,94.645,1490622851000,,0.0966,20.9664,0.1021,,,,,535796000.0,108223947000.0,,,,,,,,,,,,,
2012-09-30,2.0194,2.0,2.0,1.99,15.9516,15.95,16.1578,7.8517,4.2444,,0.7002,,0.7564,96.0969,,,,201.9376,12.6594,0.7002,45.2372,,4.8417,-19.1598,,,-2569731000,12.53,13.05,,-100.0,33.5813,14.0049,22.3919,,,,,,,,,,,,,,,,5.5312,,,1707.9104,,,,1807.9104,0,,,94.4688,1477530744000,,0.056,8.0014,0.0593,,,,,535796000.0,105931385000.0,,,,,,,,,,,,,
2012-12-31,2.6371,2.62,2.62,2.61,16.5514,16.55,36.2728,7.8338,4.5042,,0.841,,0.9433,92.0034,,,,324.8239,19.6251,1.0359,44.1344,,3.6035,-19.4405,,,-3411986000,15.81,16.78,13385220000.0,-100.0,30.0302,12.4942,27.6877,,,,,,,,,,,,,,,,5.2784,,2393.5984,1794.5283,,,53.084,1894.5283,0,,0.2205,94.7216,1606536760000,,0.1157,13.7548,0.1221,,,,,521796000.0,103124183000.0,,,,,,,,,,,,,
2013-03-31,0.7005,0.7,0.7,0.7,17.3244,17.33,2.7558,7.9063,5.2048,,0.1982,,0.21,93.6297,,,,70.0518,4.0435,0.1982,43.6678,,5.1081,-18.1221,,,-855000000,4.04,4.14,,,2.6753,12.4137,32.4008,,,,,,,,,,,,,,,,4.9004,,,1940.637,,,,2040.637,0,,,95.0996,1811249000000,,0.0078,3.934,0.0082,,,,,522000000.0,102771000000.0,,,,,,,,,,,,,
2013-06-30,0.9187,0.92,0.92,0.92,11.1673,11.17,3.5133,4.9065,3.2525,,0.4122,,0.4387,90.6313,,,,133.0062,11.9104,0.5968,42.2351,,5.2695,-18.4131,,,-1824000000,8.23,8.52,7522000000.0,,9.6285,14.6818,22.5661,,,,,,,,,,,,,,,,5.0105,,2735.0463,1895.803,,,49.814,1995.803,0,,0.1832,94.9895,1826998000000,,0.0158,3.8242,0.0166,,,,,522000000.0,100381000000.0,,,,,,,,,,,,,
2013-09-30,1.4268,1.43,1.43,1.42,11.5785,11.58,12.2994,4.8096,3.7606,,0.6303,,0.6756,86.862,,,,142.6801,12.3229,0.6303,40.9881,,6.3438,-19.0835,,,-2936000000,12.32,12.96,11637000000.0,,13.0488,16.1358,25.5892,,,,,,,,,,,,,,,,5.1149,,,1855.0736,,,,1955.0736,0,,,94.8851,1855619000000,,0.0543,8.6203,0.0573,,,,,508000000.0,140020000000.0,,,,,,,,,,,,,
2013-12-31,1.858,1.86,1.86,1.85,13.6728,11.77,11.1834,6.3111,3.6552,,0.8051,,0.8708,79.072,,,,229.9399,16.8173,0.9964,38.236,,2.1557,-20.2844,,,-4065000000,13.59,16.57,15166000000.0,,12.7322,32.1729,17.7527,,,,,,,,,,,,,,,,5.9248,,3034.1364,1587.8338,,,50.5197,1687.8338,0,,0.1953,94.0752,1891741000000,,0.0485,6.0189,0.0515,,,,,596000000.0,195667000000.0,,,,,,,45000000.0,12000000.0,,,,,
2014-03-31,0.5308,0.53,0.53,0.53,12.3205,12.32,6.3122,5.4511,3.678,,0.241,,0.2534,91.4766,,,,53.0841,4.3086,0.241,41.6894,,32.4026,-18.7995,,,-1259000000,4.31,4.41,5065000000.0,,40.8192,32.1556,15.7821,,,,,,,,,,,,,,,,5.5934,,,1687.8107,,,,1787.8107,0,,,94.4066,2097102000000,,0.0287,11.891,0.0304,,,,,596000000.0,194955000000.0,,,,,,,,,,,,,
2014-06-30,0.8816,0.88,0.88,0.88,10.5857,10.59,4.6761,4.3887,3.3709,,0.4714,,0.5001,84.6975,,,,121.6904,11.4958,0.6507,38.4217,,16.1765,-20.1155,,,-2681000000,8.33,8.62,10085000000.0,,33.7405,32.1142,16.9391,,,,,,,,,,,,,,,,5.6607,,3463.3448,1666.5578,,,47.6854,1766.5578,0,,0.1634,94.3393,2136475000000,,0.025,5.3042,0.0265,,,,,583000000.0,198848000000.0,,,,,,,,,,,,,
2014-09-30,1.3737,1.37,1.37,1.38,11.093,11.09,-0.4472,4.5751,3.863,,0.7319,,0.7777,85.81,,,,137.3667,12.3832,0.7319,38.0066,,15.8184,-19.8718,,,-4123000000,12.38,13.16,15711000000.0,,34.1826,33.5286,15.5603,,,,,,,,,,,,,,,,5.9102,,,1591.9881,,,,1691.9881,0,,,94.0898,2144358000000,,-0.0024,-0.3255,-0.0025,,,,,472000000.0,200189000000.0,,,,,,,,,,,,,
2014-12-31,1.7332,1.73,1.73,1.74,11.4617,11.46,2.2163,4.5751,3.8211,,0.9057,,0.9711,81.4743,,,,208.991,18.2338,1.092,35.7541,,11.8959,-20.9285,,,-5482000000,15.12,16.35,19841000000.0,,30.0112,16.8343,15.5792,,,,,,,,,,,,,,,,5.9891,,3435.1784,1569.7027,,,48.3327,1669.7027,0,,0.1743,94.0109,2186459000000,,0.0116,1.2787,0.0123,,,,,486000000.0,207874000000.0,,,,,,,,,,,,,
2015-03-31,0.4927,0.41,0.41,0.41,11.9654,9.97,1.0061,4.5751,4.3138,,0.2442,,0.2507,87.7729,,,,49.2696,4.1177,0.2442,36.0263,,6.1046,-21.1376,,,-1572000000,4.12,4.21,5637000000.0,,11.3771,16.5422,9.9029,,,,,,,,,,,,,,,,5.9313,,,1585.9602,,,,1685.9602,0,,,94.0687,2304775000000,,0.005,2.0421,0.0053,,,,,486000000.0,231094000000.0,,,,,,,,,,,,,
2015-06-30,0.8096,0.84,0.84,0.84,10.5447,10.54,12.756,4.1462,3.7217,,0.4507,,0.4871,82.997,,,,111.1843,10.5441,0.6189,32.7794,,13.7362,-22.1509,,,-3380000000,7.68,8.41,11591000000.0,,15.0218,24.7561,20.3154,,,,,,,,,,,,,,,,5.8697,,4088.8889,1603.6771,,,46.0444,1703.6771,0,,0.1436,94.1303,2570508000000,,0.071,15.755,0.0754,,,,,562000000.0,246137000000.0,,,,,,,,,,,,,
2015-09-30,1.2398,1.27,1.27,1.27,10.9819,10.98,6.4286,4.1462,4.1518,,0.6826,,0.7414,83.4265,,,,123.9807,11.2896,0.6826,32.7538,,13.1495,-21.6697,,,-5046000000,11.29,12.39,17754000000.0,,13.0368,23.9869,21.2046,,,,,,,,,,,,,,,,6.0459,,,1554.0194,,,,1654.0194,0,,,93.9541,2599060000000,,0.0354,5.1852,0.0377,,,,,562000000.0,260022000000.0,,,,,,,,,,,,,
2015-12-31,1.5281,1.56,1.56,1.56,11.2869,11.29,-0.1276,4.1462,3.6994,,0.8721,,0.9317,78.4221,,,,184.3637,16.3344,1.0522,30.0479,,13.4334,-23.1263,,,-6671000000,13.54,14.94,21902000000.0,,10.4181,23.3305,14.6671,,,,,,,,,,,,,,,,6.4416,,3373.0159,1452.4142,,,51.4673,1552.4142,0,,0.191,93.5584,2507149000000,,-0.0007,-0.0835,-0.0008,,,,,521000000.0,266166000000.0,,,,,,,,,,,,,
2016-03-31,0.4253,0.35,0.35,0.35,13.1088,,4.1421,4.1462,4.1247,,0.227,,0.2346,80.5478,,,,42.5336,3.2447,0.227,29.1079,,10.4496,-23.5148,,,-1888000000,3.2447,3.7,6075000000.0,,8.1187,37.2081,16.3304,,,,,,,,,,,,,,,,6.9958,,,1329.4233,,,,1429.4233,0,,,93.0042,2681155000000,,0.0221,9.7384,0.0238,,,,,521000000.0,289276000000.0,,,,,,,,,,,,,
2016-06-30,0.7159,0.72,0.72,0.72,11.1646,,-1.9334,3.2885,3.6712,,0.4388,,0.4631,86.7888,,,,99.6074,8.9218,0.6106,29.4984,,9.9418,-17.5746,,,-2839000000,6.41,7.35,12294000000.0,,6.1027,27.0546,8.9661,,,,,,,,,,,,,,,,6.844,,3610.1695,1361.1283,,,52.4652,1461.1283,0,,0.1896,93.156,2800983000000,,-0.0119,-2.7008,-0.0127,,,,,542000000.0,284598000000.0,,,,,,,,,,,,,
2016-09-30,1.0902,1.09,1.09,,11.5447,,-8.9073,3.2885,4.0455,,0.6706,,0.7066,95.1643,,,,109.0189,9.4432,0.6706,29.9446,,10.1018,-12.6221,,,-3100000000,9.4432,,,,5.5186,26.1506,7.3941,,,,,,,,,,,,,,,,7.1018,,,1308.0947,,,,1408.0947,0,,,92.8982,2791238000000,,-0.0548,-8.1704,-0.059,,,,,542000000.0,282862000000.0,,,,,,,,,,,,,
2016-12-31,1.3162,,,,11.7744,10.61,0.64,3.2885,3.7357,,0.7652,,0.8277,95.2798,,,,131.6159,11.1782,0.7652,27.6461,,8.4316,-11.5083,,,-3445000000,11.18,,,,3.357,25.1833,17.8005,,,,,,,,,,,,,,,,6.8453,,,1360.8594,,,,1460.8594,0,,,93.1547,2953434000000,,0.0037,0.4863,0.004,,,,,,286802000000.0,,,,,,,,,,,,,
2017-03-31,0.3619,0.31,0.31,0.31,12.0987,10.94,-6.698,3.2885,4.0467,,0.2067,,0.2085,116.7376,,,,36.1902,2.9913,0.2067,29.7266,,7.4484,-2.9891,,,-246000000,2.99,2.89,6212000000.0,,2.1032,10.7534,12.1231,,,,,,,,,,,,,,,,6.9104,,,1347.1019,,,,1447.1019,0,,,93.0896,3006195000000,,-0.0383,-18.5079,-0.0411,,,,,,291433000000.0,,,,,,,,,,,,,
2017-06-30,0.7311,0.68,0.68,0.68,12.315,11.15,-7.4652,3.2885,4.2579,,0.406,,0.4153,118.3095,,,,105.0179,8.5276,0.5832,30.45,,4.2782,-3.0611,,,-503000000,6.1,6.21,12512000000.0,,2.1315,10.3046,10.3949,,,,,,,,,,,,,,,,6.8384,,2655.4565,1362.3237,,,59.2441,1462.3237,0,,0.2575,93.1616,3092142000000,,-0.0415,-10.2103,-0.0445,,,,,,302822000000.0,,,,,,,,,,,,,
2017-09-30,1.1155,1.06,1.06,1.06,12.7027,11.54,-9.2011,3.2885,4.6422,,0.6105,,0.6289,113.2921,,,,111.5465,8.7813,0.6105,31.3145,,2.3377,-2.9873,,,-745000000,8.78,9.6,19130000000.0,,2.3185,10.0304,12.4046,,,,,,,,,,,,,,,,6.9518,,,1338.479,,,,1438.479,0,,,93.0482,3137481000000,,-0.0504,-8.2487,-0.0541,,,,,,329181000000.0,,,,,,,,,,,,,
2017-12-31,1.3505,1.3,1.3,1.3,12.9324,11.77,-6.9177,3.2885,4.6394,,0.7138,,0.7478,92.3984,,,,168.6797,13.0432,0.8916,69.1471,,1.8768,-3.3889,,,-1022000000,11.04,11.62,23162000000.0,,2.6107,9.8347,9.9897,,,,,,,,,,,,,,,,6.8356,,2762.5529,1362.9207,,,58.1958,1462.9207,0,,0.2474,93.1644,3248474000000,,-0.0366,-5.1223,-0.0392,,,,,,358360000000.0,,,,,,,,,,,,,
2018-03-31,0.3841,0.33,0.33,0.33,13.0102,11.85,2.4136,3.2885,4.6851,,0.1975,,0.2002,97.6742,,,,38.4091,2.9522,0.1975,30.6287,,4.6574,-3.0466,,,-261000000,2.95,2.79,6555000000.0,,6.1313,7.5345,11.0564,,,,,,,,,,,,,,,,6.6912,,,1394.4971,,,,1494.4971,0,,,93.3088,3338572000000,,0.0124,6.2839,0.0133,,,,,,,,,,,,,,,,,,,
2018-06-30,0.7788,0.73,0.73,0.73,13.2869,12.13,0.4342,3.2885,4.9439,,0.3971,,0.4042,99.008,,,,113.5558,8.5465,0.579,69.3559,,6.6333,-3.2303,,,-561000000,6.0,6.13,13326000000.0,,6.5159,7.8916,8.9018,,,,,,,,,,,,,,,,6.775,,2673.9451,1376.0166,,,58.2071,1476.0166,0,,0.2534,93.225,3367399000000,,0.0022,0.5575,0.0024,,,,,,,,,,,,,,,,,,,
2018-09-30,1.1914,1.14,1.14,1.13,13.6998,12.54,-0.6587,3.2885,5.3565,,0.6103,,0.6198,100.5222,,,,119.1352,8.6961,0.6103,30.7094,,26.5414,-3.1883,,,-847000000,8.7,9.48,20347000000.0,,6.8031,7.8492,6.8391,,,,,,,,,,,,,,,,7.0175,,,1325.0061,,,,1425.0061,0,,,92.9825,3352056000000,,-0.0034,-0.5529,-0.0036,,,,,,,,,,,,,,,,,,,
2018-12-31,1.4454,1.39,1.39,1.39,13.98,12.82,-3.3385,3.2885,5.5349,,0.726,,0.7445,88.2074,,,,182.896,13.0827,0.9186,68.6932,,28.2709,-3.5649,,,-1149000000,10.88,11.49,24700000000.0,,7.0249,8.1007,5.2369,,,,,,,,,,,,,,,,7.0217,,2202.0182,1324.1641,,,62.3377,1424.1641,0,,0.3189,92.9783,3418592000000,,-0.0168,-2.3097,-0.018,,,,,,700030000000.0,,,,,,,,,,,,,
2019-03-31,0.4337,0.36,0.38,0.38,14.6146,13.45,3.0974,3.2885,5.9177,,0.2109,,0.2143,97.4506,,,,43.3653,2.9673,0.2109,29.7666,,26.626,-3.1434,,,-304000000,2.97,2.91,7422000000.0,,12.9037,12.3313,5.7392,,,,,,,,,,,,,,,,7.1084,,,1306.7937,,,,1406.7937,0,,,92.8916,3530180000000,,0.0151,7.1426,0.0162,,,,,,636607000000.0,,,,,,,,,,,,,
2019-06-30,0.8971,0.78,0.85,0.84,14.9445,13.78,1.5394,3.2885,6.2361,,0.429,,0.4395,97.1585,,,,130.3405,8.7216,0.6233,69.6472,,24.5163,-3.0345,,,-607000000,6.14,6.32,15316000000.0,,15.1885,12.4756,6.6332,,,,,,,,,,,,,,,,7.1462,,2425.3592,1299.3469,,,60.2609,1399.3469,0,,0.2946,92.8538,3590766000000,,0.0074,1.716,0.0079,,,,,,647607000000.0,,,,,,,,,,,,,
2019-09-30,1.2172,1.32,1.32,1.32,14.8446,13.82,4.3533,4.1645,5.9411,,0.6371,,0.6629,98.1663,,,,121.7206,8.1997,0.6371,,,25.0359,-3.1034,,,-952000000,8.2,9.71,23527000000.0,,15.4722,22.4639,10.6092,,,,,,,,,,,,,,,,7.7696,,,1187.0637,,,,1287.0637,0,,,92.2304,3707683000000,,0.0228,3.5765,0.0247,,,,,,662716000000.0,,,,,,,,,,,,,
2019-12-31,1.4529,1.45,1.54,1.53,16.1282,14.07,-2.0625,4.1645,5.842,,0.7158,,0.7664,85.995,,,,183.8872,11.4016,0.9059,,,26.6584,-3.5596,,,-1290000000,10.01,11.3,28086000000.0,,13.6071,30.3868,15.2249,,,,,,,,,,,,,,,,7.9456,,2821.1916,1158.5572,,,59.6965,1258.5572,0,,0.2816,92.0544,3939070000000,,-0.0102,-1.4196,-0.011,,,,,,656290000000.0,,,,,,,,,,,,,
2020-03-31,0.4405,0.4,0.4,0.39,18.1571,14.55,0.927,4.1645,6.2375,,0.2069,,0.2118,99.6182,,,,44.0484,2.426,0.2069,,,34.3311,-3.6686,,,-402000000,2.43,2.77,8506000000.0,,14.7999,40.4152,17.0563,,,,,,,,,,,,,,,,8.5269,,,1072.7655,,,,1172.7655,0,,,91.4731,4132298000000,,0.0044,2.1045,0.0048,,,,,,626944000000.0,,,,,,,,,,,,,
2020-06-30,0.7048,0.66,0.66,0.66,18.1077,14.5,-1.3226,4.1645,6.2839,,0.3273,,0.337,79.2993,,,,111.1259,6.1369,0.5161,,,45.2209,-4.5374,,,-798000000,4.55,4.59,13586000000.0,,-11.1991,36.9419,16.3713,,,,,,,,,,,,,,,,8.4094,,3370.0681,1089.1456,,,56.9346,1189.1456,0,,0.2495,91.5906,4178622000000,,-0.0061,-1.8764,-0.0067,,,,,,614004000000.0,,,,,,,,,,,,,
2020-09-30,1.1542,1.11,1.11,1.1,18.4877,14.88,1.5819,4.1645,6.7332,,0.5153,,0.5406,86.6921,,,,115.4184,6.243,0.5153,,,28.4674,-4.0103,,,-1156000000,6.24,7.63,22316000000.0,,-5.1776,24.5417,17.2409,,,,,,,,,,,,,,,,8.2535,,,1111.6144,,,,1211.6144,0,,,91.7465,4346921000000,,0.0071,1.3706,0.0077,,,,,,608155000000.0,,,,,,,,,,,,,
2020-12-31,1.4907,1.4,1.4,1.4,18.7639,15.16,-0.8328,4.1645,6.7601,,0.6474,,0.6881,79.5283,,,,191.1376,10.1864,0.8301,,,26.5713,-4.1492,,,-1525000000,9.26,9.58,28840000000.0,,2.5998,16.3421,13.4408,,,,,,,,,,,,,,,,8.1488,,3342.1845,1127.1721,,,57.1646,1227.1721,0,,0.2438,91.8512,4468514000000,,-0.0036,-0.5587,-0.0039,,,,,,633619000000.0,,,,,,,,,,,,,
2021-03-31,0.5221,0.42,0.42,0.42,19.2012,15.6,-0.5953,4.1645,7.1776,,0.2216,,0.2241,105.8543,,,,52.2109,2.7191,0.2216,,,20.988,-3.2002,,,-412000000,2.72,2.72,10111000000.0,,18.5307,5.7505,10.6642,,,,,,,,,,,,,,,,8.1482,,,1127.2586,,,,1227.2586,0,,,91.8518,4572974000000,,-0.0025,-1.1402,-0.0028,,,,,,657588000000.0,,,,,,,,,,,,,
2021-06-30,0.9061,0.8,0.8,0.8,19.437,15.83,-5.9761,4.1645,7.3812,,0.3722,,0.3826,93.1651,,,,132.8461,6.8347,0.5458,,,26.3596,-3.6704,,,-820000000,5.06,5.17,17511000000.0,,28.5495,7.341,13.0401,,,,,,,,,,,,,,,,7.9854,,3287.085,1152.282,,,58.3316,1252.282,0,,0.2429,92.0146,4723520000000,,-0.0246,-6.5957,-0.0267,,,,,,699294000000.0,,,,,,,,,,,,,
2021-09-30,1.5013,1.4,1.4,1.39,20.0381,16.43,-6.483,4.1645,7.9358,,0.6003,,0.6251,100.5137,,,,150.1346,7.4925,0.6003,,,25.3486,-3.3409,,,-1229000000,7.49,8.86,28992000000.0,,30.0786,8.3861,11.6439,,,,,,,,,,,,,,,,8.0126,,,1148.0324,,,,1248.0324,0,,,91.9874,4853074000000,,-0.0259,-4.3181,-0.0282,,,,,,730418000000.0,,,,,,,,,,,,,
2021-12-31,1.8724,1.73,1.73,1.72,20.3777,16.77,-9.9317,4.1645,7.9552,,0.7383,,0.7739,92.5334,,,,229.9762,11.2857,0.9068,,,26.4544,-3.5833,,,-1644000000,10.29,10.85,36230000000.0,,25.6084,8.6005,10.1346,,,,,,,,,,,,,,,,8.0353,,3302.2797,1144.5075,,,59.0833,1244.5075,0,,0.2433,91.9647,4921380000000,,-0.0392,-5.3042,-0.0426,,,,,,738166000000.0,,,,,,,,,,,,,
2022-03-31,0.6622,0.56,0.56,0.56,20.9305,17.33,7.5816,4.1645,8.4925,,0.2511,,0.256,129.0179,,,,66.2169,3.1637,0.2511,,,22.998,-2.7064,,,-438000000,3.16,3.27,12873000000.0,,26.8259,9.006,11.9173,,,,,,,,,,,,,,,,7.9363,,,1160.0355,,,,1260.0355,0,,,92.0637,5117949000000,,0.0287,11.4496,0.0312,,,,,,730932000000.0,,,,,,,,,,,,,
2022-06-30,1.1382,1.03,1.03,1.03,21.2357,17.63,7.7545,4.1645,8.7263,,0.4324,,0.4404,110.18,,,,160.2501,7.5463,0.6087,,,27.3225,-3.1206,,,-867000000,5.86,5.97,22042000000.0,,25.6213,9.2539,8.1561,,,,,,,,,,,,,,,,8.0665,,3656.9172,1139.6993,,,55.5698,1239.6993,0,,0.2206,91.9335,5108776000000,,0.0295,6.8129,0.032,,,,,,755185000000.0,,,,,,,,,,,,,
2022-09-30,1.8891,1.78,1.78,1.78,21.9203,18.32,4.7675,4.1645,9.4648,,0.7056,,0.7247,121.9572,,,,188.9063,8.6179,0.7056,,,23.0634,-2.7997,,,-1291000000,8.62,10.15,36597000000.0,,25.8246,9.3931,7.0483,,,,,,,,,,,,,,,,8.1881,,,1121.2808,,,,1221.2808,0,,,91.8119,5195133000000,,0.0178,2.5237,0.0194,,,,,,745821000000.0,,,,,,,,,,,,,
2022-12-31,2.3455,2.2,2.2,2.19,22.3994,18.8,6.9346,4.1645,9.6004,,0.8553,,0.8887,112.0104,,,,284.135,12.685,1.0362,,,22.7429,-3.0164,,,-1727000000,10.47,12.36,45407000000.0,,25.2642,9.9209,8.1305,,,,,,,,,,,,,,,,8.1684,,3921.6889,1124.2371,,,53.5278,1224.2371,0,,0.2083,91.8316,5321514000000,,0.0253,2.9566,0.0275,,,,,,731850000000.0,,,,,,,196000000.0,83000000.0,,,,,
2023-03-31,0.7525,0.65,0.65,0.64,23.0211,19.42,5.6249,4.1614,10.2456,,0.2676,,0.271,149.7513,,,,75.2451,3.2685,0.2676,,,17.9725,-2.4936,,,-458000000,3.27,3.39,14469000000.0,,13.6342,9.9883,6.6032,,,,,,,,,,,,,,,,8.1883,,,1121.2553,,,,1221.2553,0,,,91.8117,5455897000000,,0.02,7.4754,0.0218,,,,,,743001000000.0,,,,,,,,,,,,,
2023-06-30,1.3082,1.2,1.2,1.19,23.2956,19.69,2.2798,4.1615,10.515,,0.4615,,0.4692,131.3467,,,,183.7841,7.8892,0.6484,,,22.8071,-2.737,,,-874000000,5.62,6.22,25216000000.0,,14.9357,9.7004,7.6681,,,,,,,,,,,,,,,,8.2187,,4377.583,1116.7336,,,50.1189,1216.7336,0,,0.1877,91.7813,5500524000000,,0.008,1.7427,0.0088,,,,,,740397000000.0,,,,,,,,,,,,,
2023-09-30,2.0424,1.94,1.94,1.93,24.0061,20.4,5.974,4.1616,11.2464,,0.7185,,0.7314,139.2915,,,,204.2418,8.5079,0.7185,,,22.8849,-2.6228,,,-1285000000,8.51,9.88,39568000000.0,,8.1181,9.5152,6.1838,,,,,,,,,,,,,,,,8.445,,,1084.13,,,,1184.13,0,,,91.555,5516388000000,,0.021,2.9249,0.023,,,,,,745661000000.0,,,,,,,,,,,,,
2023-12-31,2.3939,2.25,2.25,2.25,24.3394,20.74,4.7646,4.1617,11.4014,,0.8315,,0.8517,121.0605,,,,296.0334,12.1627,1.0282,,,27.4507,-2.9765,,,-1718000000,9.84,11.38,46431000000.0,,2.063,8.6611,4.9911,,,,,,,,,,,,,,,,8.4539,,4812.3077,1082.889,,,47.1694,1182.889,0,,0.1757,91.5461,5587116000000,,0.0165,1.9903,0.0181,,,,,,772467000000.0,,,,,,,,,,,,,
2024-03-31,0.7695,0.66,0.66,0.66,25.0221,21.42,-1.1018,4.1617,12.0596,,0.2606,,0.2639,171.2107,,,,76.9456,3.0751,0.2606,,,25.2254,-2.1053,,,-390000000,3.08,3.15,14906000000.0,,2.26,8.692,5.0129,,,,,,,,,,,,,,,,8.4752,,,1079.9179,,,,1179.9179,0,,,91.5248,5729398000000,,-0.0037,-1.432,-0.0041,,,,,,792167000000.0,,,,,,,,,,,,,
2024-06-30,1.3336,1.23,1.23,1.23,24.831,21.23,5.8602,4.1617,11.9029,,0.4498,,0.4564,146.0671,,,,193.106,7.7768,0.6513,,,37.9304,-2.4486,,,-783000000,5.37,5.79,25880000000.0,,1.938,6.591,4.6088,,,,,,,,,,,,,,,,8.3745,,5248.5459,1094.1073,,,44.1904,1194.1073,0,,0.1596,91.6255,5754033000000,,0.0198,4.3944,0.0216,,,,,,779113000000.0,,,,,,,94000000.0,98000000.0,,,,,
2024-09-30,2.0473,1.94,1.94,1.94,25.2742,21.67,7.0678,4.1593,12.3622,,0.6914,,0.7011,150.6167,,,,204.7262,8.1002,0.6914,,,38.2184,-2.3521,,,-1123000000,8.1,9.1,39748000000.0,,0.2372,5.2825,4.1621,,,,,,,,,,,,,,,,8.5359,,,1071.5293,,,,1171.5293,0,,,91.4641,5745988000000,,0.0239,3.4523,0.0261,,,,,,777403000000.0,,,,,,,,,,,,,
2024-12-31,2.2935,2.15,2.15,2.16,25.4995,21.89,3.2637,4.1592,12.5531,,0.7715,,0.7838,130.1396,,,,289.6797,11.3602,0.9744,,,44.0937,-2.702,,,-1479000000,8.99,10.08,44838000000.0,,-4.1912,4.7666,3.2603,,,,,,,,,,,,,,,,8.5772,,5731.318,1065.8812,,,42.4463,1165.8812,0,,0.1497,91.4228,5769270000000,,0.011,1.423,0.012,,,,,,785075000000.0,,,,,,,,,,,,,
