证券代码,证券简称,报告日期,报告类型,报告日期名称,货币单位,存放同业和其他金融机构款项其他,客户存款净增加额,同业和其他金融机构存放款项增加,向中央银行借款增加,中央银行存放款项减少,存放中央银行款项减少,同业和其他金融机构存放款项减少,回购借款增加,拆入资金增加,卖出回购金融资产增加,拆出资金返售协议减少,拆出资金减少,买入返售金融资产减少,同业存单净变动,交易性金融负债增加,交易性金融资产减少,收取利息和手续费净增加,收取利息现金,收取手续费现金,处置抵押资产收到的现金,收回已核销贷款,收到其他与经营活动有关的现金,经营活动现金流入其他项目,经营活动现金流入差额,经营活动现金流入总额,发放贷款及垫款增加,向中央银行借款减少,中央银行存放款项增加,存放中央银行款项增加,同业和其他金融机构存放款项增加,同业往来其他减少,发行同业存单减少,拆出资金返售协议增加,拆出资金返售增加,买入返售金融资产增加,回购借款减少,拆入资金减少,卖出回购金融资产减少,交易性金融资产增加,交易性金融负债减少,支付利息和手续费,支付利息现金,支付手续费现金,支付给职工的现金,支付的各项税费,应收账款增加,支付其他与经营活动有关的现金,经营活动现金流出其他项目,经营活动现金流出差额,经营活动现金流出总额,经营活动现金流量净额其他项目,经营活动现金流量净额差额,经营活动产生的现金流量净额,收回投资收到的现金,取得投资收益收到的现金,取得股利、利润收到的现金,处置长期资产收到的现金,处置子公司及合营企业收到的现金,收到其他与投资活动有关的现金,投资活动现金流入其他项目,投资活动现金流入差额,投资活动现金流入总额,投资支付的现金,购建长期资产支付的现金,取得子公司及其他营业单位支付的现金,支付其他与投资活动有关的现金,投资活动现金流出其他项目,投资活动现金流出差额,投资活动现金流出总额,投资活动现金流量净额其他项目,投资活动现金流量净额差额,投资活动产生的现金流量净额,发行债券收到的现金,发行次级债券收到的现金,发行其他债券收到的现金,吸收投资收到的现金,子公司吸收投资收到的现金,发行同业存单收到的现金,取得新增股权收到的现金,收到其他与筹资活动有关的现金,筹资活动现金流入其他项目,筹资活动现金流入差额,筹资活动现金流入总额,偿还债务支付的现金,支付债券利息,发行股票支付的费用,分配股利、利润支付的现金,支付其他与筹资活动有关的现金,筹资活动现金流出其他项目,筹资活动现金流出差额,筹资活动现金流出总额,筹资活动现金流量净额其他项目,筹资活动现金流量净额差额,筹资活动产生的现金流量净额,汇率变动对现金的影响,现金及现金等价物其他增加,现金及现金等价物增加差额,现金及现金等价物净增加额,期初现金及现金等价物余额,期末现金及现金等价物差额,期末现金及现金等价物余额,净利润,资产减值准备,转回投资减值准备,其他资产减值准备,预计负债计提,固定资产折旧和无形资产摊销,固定资产折旧,无形资产和其他长期资产摊销,无形资产摊销,长期待摊费用摊销,处置长期资产损失,公允价值变动损失,收回已核销款项,投资损失,债券利息支出,递延所得税,递延所得税资产减少,递延所得税负债增加,贷款增加,经营性应收项目减少,经营性应付项目增加,其他调整项目,间接法下经营活动现金流量其他项目,间接法下经营活动现金流量差额,间接法下经营活动现金流量净额,不涉及现金收支的投资和筹资活动其他,期末现金余额,期初现金余额,期末现金等价物余额,期初现金等价物余额,间接法下现金净增加额差额,间接法下现金净增加额,信用减值损失转回
000001.SZ,平安银行,2024-12-31 00:00:00,年报,2024年报,CNY,944.86,,,,106.86,,,795.26,66.02,729.24,40.24,,40.24,,,,2189.79,,,,,1231.06,,0.0,5308.07,561.29,1214.84,,,,,,625.16,625.16,,,,,791.03,,840.14,,,201.52,238.27,,202.46,,0.0,4674.71,,0.0,633.36,6097.2,368.12,,3.45,,,,0.0,6468.77,6763.48,23.88,,,,0.0,6787.36,,0.0,-318.59,7339.97,,,,,,,,,0.0,7339.97,7784.65,52.31,,268.07,0.47,26.11,0.0,8079.3,,0.0,-739.33,11.83,,0.0,-412.73,2982.19,0.0,2569.46,445.08,,,,,16.06,15.91,14.23,8.14,6.09,0.32,-61.84,,-367.07,165.68,-65.07,-65.07,,,-2029.85,1998.98,,4.98,0.0,633.36,,34.21,36.87,2535.25,2945.32,0.0,-412.73,489.39
000001.SZ,平安银行,2024-09-30 00:00:00,三季报,2024三季报,CNY,1357.23,,,,257.7,,,785.36,305.44,479.92,39.77,,39.77,,,,1689.26,,,,,1256.15,,0.0,5385.47,433.47,696.17,,,,,,480.26,480.26,,,,,1268.72,,618.94,,,161.63,166.09,,188.61,,0.0,4013.89,,0.0,1371.58,4362.88,274.2,,1.87,,,,0.0,4638.95,4733.13,11.21,,,,0.0,4744.34,,0.0,-105.39,5130.4,,,,,,,,,0.0,5130.4,6377.61,28.98,,188.8,0.47,18.84,0.0,6585.72,,0.0,-1455.32,-5.94,,0.0,-195.07,2982.19,0.0,2787.12,,,,,,,,,,,,,,,,,,,,,,,,,,,,,,,,,
000001.SZ,平安银行,2024-06-30 00:00:00,中报,2024中报,CNY,2546.37,,,,304.15,,,0.1,0.1,,37.75,,37.75,,,,1156.75,,,,,1042.72,,0.0,5087.84,506.31,818.52,,,,,,471.35,471.35,,183.16,,183.16,1129.58,,457.6,,,119.97,122.07,,142.06,,0.0,3950.62,,0.0,1137.22,2748.31,191.85,,0.81,,,,0.0,2940.97,2653.73,6.31,,,,0.0,2660.04,,0.0,280.93,4529.44,,,,,,,,,0.0,4529.44,5796.63,28.99,,188.81,,12.81,0.0,5998.25,,0.0,-1468.81,10.32,,0.0,-40.34,2982.19,0.0,2941.85,258.79,,,,,8.3,8.22,7.01,3.97,3.04,-0.01,-71.55,,-191.16,92.22,34.12,34.12,,,-2072.72,2828.54,,0.62,0.0,1137.22,,33.39,36.87,2908.46,2945.32,0.0,-40.34,231.51
000001.SZ,平安银行,2024-03-31 00:00:00,一季报,2024一季报,CNY,797.97,,,,382.61,,,163.8,94.0,69.8,8.64,,8.64,,,,596.01,,,,,268.49,,0.0,2217.52,986.51,428.95,,,,,,257.35,257.35,,,,,329.36,,199.0,,,82.51,38.37,,109.29,,0.0,2431.34,,0.0,-213.82,1159.17,77.09,,0.17,,,,0.0,1236.43,1150.91,2.41,,,,0.0,1153.32,,0.0,83.11,2947.64,,,,,,,,,0.0,2947.64,2685.39,7.13,,27.42,,6.82,0.0,2719.63,,0.0,228.01,9.23,,0.0,106.53,2982.19,0.0,3088.72,,,,,,,,,,,,,,,,,,,,,,,,,,,,,,,,,
000001.SZ,平安银行,2023-12-31 00:00:00,年报,2023年报,CNY,1426.03,,,166.65,41.98,,,446.73,,446.73,,,,,,443.63,2515.64,,,,,249.69,,0.0,5290.35,1636.64,,,,,,,641.71,627.01,14.7,81.23,81.23,,,,812.98,,,223.46,320.0,,649.72,,0.0,4365.74,,0.0,924.61,4021.05,384.01,,2.19,,,,0.0,4407.25,4637.71,30.96,,,,0.0,4668.67,,0.0,-261.42,9334.16,,,,,,,,,0.0,9334.16,9088.07,53.93,,137.73,,27.47,0.0,9253.27,,0.0,80.89,14.85,,0.0,758.93,2223.26,0.0,2982.19,464.55,,,,,18.97,18.79,15.35,7.89,7.46,-0.07,-107.29,,-373.02,170.38,-15.36,-15.36,,,-1774.34,1907.78,,2.58,0.0,924.61,,36.87,41.62,2945.32,2181.64,0.0,758.93,590.17
000001.SZ,平安银行,2023-09-30 00:00:00,三季报,2023三季报,CNY,1421.73,,,622.27,,,,,,,24.18,,24.18,,,142.18,1927.73,,,,,257.81,,0.0,4395.9,1560.72,,3.83,,,,,230.16,230.16,,223.07,222.16,0.91,,,584.98,,,181.15,261.13,,191.56,,0.0,3236.6,,0.0,1159.3,3134.39,279.43,,1.46,,,,0.0,3415.28,2893.26,21.73,,,,0.0,2914.99,,0.0,500.29,6489.89,,,,,,,,,0.0,6489.89,7274.34,30.21,,105.81,,19.97,0.0,7400.12,,0.0,-910.23,34.53,,0.0,783.89,2223.26,0.0,3007.15,,,,,,,,,,,,,,,,,,,,,,,,,,,,,,,,,
000001.SZ,平安银行,2023-06-30 00:00:00,中报,2023中报,CNY,1417.24,,,,108.51,,,87.88,,87.88,17.79,2.06,15.73,,,243.77,1308.02,,,,,248.72,,0.0,3431.93,1491.76,540.9,,,,,,,,,80.95,80.95,,,,379.52,,,136.32,212.07,,148.0,,0.0,2989.52,,0.0,442.41,2107.27,190.69,,0.95,,,,0.0,2298.91,1902.33,9.49,,,,0.0,1911.82,,0.0,387.09,4728.27,,,,,,,,,0.0,4728.27,4694.73,29.49,,105.09,,14.09,0.0,4813.91,,0.0,-85.64,33.51,,0.0,777.37,2223.26,0.0,3000.63,253.87,0.39,,0.39,,9.76,9.67,7.06,3.69,3.37,-0.08,-119.46,,-180.18,83.56,8.56,8.56,,,-1429.16,1472.09,,0.66,0.0,442.41,,35.02,41.62,2965.61,2181.64,0.0,777.37,323.22
000001.SZ,平安银行,2023-03-31 00:00:00,一季报,2023一季报,CNY,2078.38,,,,24.29,,,173.56,,173.56,15.09,15.09,,,,362.67,661.83,,,,,261.39,,0.0,3577.21,1285.55,621.93,,,,,,9.31,,9.31,95.55,95.55,,,,194.66,,,92.46,46.52,,139.67,,0.0,2485.65,,0.0,1091.56,917.56,82.84,,1.3,,,,0.0,1001.7,927.51,3.94,,,,0.0,931.45,,0.0,70.25,1634.57,,,,,,,,,0.0,1634.57,2081.21,7.43,,27.72,,6.57,0.0,2115.5,,0.0,-480.93,-7.79,,0.0,673.09,2223.26,0.0,2896.35,,,,,,,,,,,,,,,,,,,,,,,,,,,,,,,,,
000001.SZ,平安银行,2022-12-31 00:00:00,年报,2022年报,CNY,4111.57,,,433.17,,,,147.1,147.1,,,,,,,,2488.91,,,,,536.76,,0.0,7717.51,3329.03,,214.05,,,,,547.15,526.97,20.18,343.33,,343.33,459.87,,743.73,,,217.41,277.13,,240.09,,0.0,6371.79,,0.0,1345.72,4919.14,384.27,,2.91,,,,0.0,5306.32,5092.31,35.43,,,,0.0,5127.74,,0.0,178.58,6791.89,,,,,,,,,0.0,6791.89,8259.06,46.13,,118.87,,28.01,0.0,8405.94,,0.0,-1614.05,60.79,,0.0,-28.96,2252.22,0.0,2223.26,455.16,,,,,19.57,19.33,14.43,7.32,7.11,-1.01,35.79,,-342.11,194.7,-46.48,-46.48,,,-4630.15,4903.77,,2.14,0.0,1345.72,,41.62,36.85,2181.64,2215.37,0.0,-28.96,713.41
000001.SZ,平安银行,2022-09-30 00:00:00,三季报,2022三季报,CNY,2098.17,,,145.83,,,,341.01,66.26,274.75,3.05,,3.05,,,181.41,1855.18,,,,,860.11,,0.0,5484.76,2845.93,,152.3,,,,,458.61,458.61,,,,,,,518.36,,,173.77,212.3,,198.31,,0.0,4559.58,,0.0,925.18,3855.44,287.19,,2.24,,,,0.0,4144.87,3984.38,24.35,,,,0.0,4008.73,,0.0,136.14,5187.55,,,,,,,,,0.0,5187.55,6522.11,33.87,,98.41,,20.86,0.0,6641.38,,0.0,-1453.83,57.46,,0.0,-335.05,2252.22,0.0,1917.17,,,,,,,,,,,,,,,,,,,,,,,,,,,,,,,,,
000001.SZ,平安银行,2022-06-30 00:00:00,中报,2022中报,CNY,2981.56,,,,,,,78.39,78.39,,0.83,,0.83,,,291.22,1238.15,,,,,641.29,,0.0,5231.44,1952.67,167.66,137.79,,,,,382.02,382.02,,312.03,,312.03,,,342.88,,,130.88,163.78,,136.9,,0.0,3726.61,,0.0,1504.83,2676.58,202.17,,1.04,,,,0.0,2879.79,2980.16,6.16,,,,0.0,2986.32,,0.0,-106.53,3816.13,,,,,,,,,0.0,3816.13,5354.51,32.59,,52.88,,12.99,0.0,5420.38,,0.0,-1604.25,30.78,,0.0,-175.17,2252.22,0.0,2077.05,220.88,-0.49,,-0.49,,9.64,9.51,6.7,3.21,3.49,-0.55,-24.25,,-179.81,105.24,-10.88,-10.88,,,-2114.2,3089.23,,1.5,0.0,1504.83,,35.96,36.85,2041.09,2215.37,0.0,-175.17,388.94
000001.SZ,平安银行,2022-03-31 00:00:00,一季报,2022一季报,CNY,1868.2,,,597.01,,,,34.42,34.42,,2.49,,2.49,,,,623.57,,,,,471.46,,0.0,3597.15,1070.36,,101.08,,,,,83.74,83.74,,475.91,,475.91,49.66,,166.14,,,91.11,37.63,,50.25,,0.0,2125.88,,0.0,1471.27,1311.68,88.3,,0.79,,,,0.0,1400.77,1448.3,2.04,,,,0.0,1450.34,,0.0,-49.57,2234.44,,,,,,,,,0.0,2234.44,2817.19,10.01,,30.3,,6.48,0.0,2853.97,,0.0,-619.53,-4.77,,0.0,797.4,2252.22,0.0,3049.62,,,,,,,,,,,,,,,,,,,,,,,,,,,,,,,,,
000001.SZ,平安银行,2021-12-31 00:00:00,年报,2021年报,CNY,1629.32,,,234.52,100.33,,,124.95,,124.95,31.12,31.12,,,,,2307.19,,,,,433.05,,0.0,4860.48,4473.89,,,,,,,1.81,,1.81,86.29,86.29,,689.34,,704.44,,,205.6,234.11,,392.33,,0.0,6787.81,,0.0,-1927.33,4831.6,360.17,,5.59,,,,0.0,5197.36,5535.77,66.14,,,,0.0,5601.91,,0.0,-404.55,11127.99,,,,,,,,,0.0,11127.99,9177.4,48.95,,112.37,,27.58,0.0,9317.35,,0.0,1810.64,-16.04,,0.0,-537.28,2789.5,0.0,2252.22,363.36,,,,,17.96,17.73,16.63,9.59,7.04,0.42,-34.23,,-329.89,219.05,-11.43,-11.43,,,-5009.83,2077.08,,37.36,0.0,-1927.33,,36.85,38.05,2215.37,2751.45,0.0,-537.28,726.19
000001.SZ,平安银行,2021-09-30 00:00:00,三季报,2021三季报,CNY,1263.14,,,487.38,16.97,,,,,,83.41,82.11,1.3,,,,1719.51,,,,,386.79,,0.0,3957.2,3412.94,,,,,,,,,,103.72,1.58,102.14,555.38,,508.5,,,163.5,181.47,,289.77,,0.0,5215.28,,0.0,-1258.08,3575.83,250.73,,5.33,,,,0.0,3831.89,4070.95,59.33,,,,0.0,4130.28,,0.0,-298.39,7891.2,,,,,,,,,0.0,7891.2,6256.91,32.81,,88.03,,19.99,0.0,6364.93,,0.0,1526.27,-11.42,,0.0,-41.62,2789.5,0.0,2747.88,,,,,,,,,,,,,,,,,,,,,,,,,,,,,,,,,
000001.SZ,平安银行,2021-06-30 00:00:00,中报,2021中报,CNY,1028.91,,,,,,,,,,11.73,11.73,,,,,1146.93,,,,,375.1,,0.0,2562.67,2276.58,20.01,135.02,,,,,1.52,,1.52,430.61,77.45,353.16,58.13,,329.84,,,123.57,134.95,,212.16,,0.0,3722.39,,0.0,-1159.72,2203.87,177.13,,3.31,,,,0.0,2384.31,2466.27,43.1,,,,0.0,2509.37,,0.0,-125.06,5227.51,,,,,,,,,0.0,5227.51,3642.15,29.84,,85.06,,13.31,0.0,3740.52,,0.0,1486.99,-10.54,,0.0,191.67,2789.5,0.0,2981.17,175.83,,,,,8.68,8.56,8.38,4.99,3.39,0.18,-7.37,,-163.68,100.5,-4.62,-4.62,,,-2425.94,752.67,,25.53,0.0,-1159.72,,37.75,38.05,2943.42,2751.45,0.0,191.67,370.12
000001.SZ,平安银行,2021-03-31 00:00:00,一季报,2021一季报,CNY,754.98,,,,,,,,,,70.19,70.09,0.1,,,272.43,576.14,,,,,336.18,,0.0,2009.92,1212.22,1.2,151.04,,,,,,,,346.02,167.77,178.25,,,174.78,,,86.17,27.05,,126.97,,0.0,2125.45,,0.0,-115.53,891.25,78.07,,0.15,,,,0.0,969.47,1069.09,35.5,,,,0.0,1104.59,,0.0,-135.12,2576.25,,,,,,,,,0.0,2576.25,2252.68,0.83,,21.12,0.95,6.61,0.0,2281.36,,0.0,294.89,0.17,,0.0,44.41,2789.5,0.0,2833.91,,,,,,,,,,,,,,,,,,,,,,,,,,,,,,,,,
000001.SZ,平安银行,2020-12-31 00:00:00,年报,2020年报,CNY,3356.75,,,110.12,209.46,,,151.4,151.4,,53.59,53.02,0.57,,,,2184.84,,,,,469.96,,0.0,6536.12,4056.11,,,,,,,,,,46.02,,46.02,1133.64,,801.85,,,178.29,245.25,,236.57,1133.64,0.0,6697.73,,0.0,-161.61,6619.67,369.42,,3.77,,,,0.0,6992.86,6798.52,34.9,,,,0.0,6833.42,,0.0,159.44,8065.7,,,,,,,,8065.7,0.0,8065.7,6904.0,39.8,,99.04,,28.65,0.0,7031.69,,0.0,1034.01,-32.92,,0.0,998.92,1790.58,0.0,2789.5,289.28,,,,,15.31,15.08,16.89,10.59,6.3,0.26,7.16,,-337.54,159.09,-36.88,-36.88,,,-4830.76,3825.15,,34.32,0.0,-161.61,,38.05,54.59,2751.45,1735.99,0.0,998.92,696.11
000001.SZ,平安银行,2020-09-30 00:00:00,三季报,2020三季报,CNY,1676.97,,,88.5,279.37,,,842.38,294.5,547.88,44.7,44.14,0.56,,,,1632.85,,,,,561.9,,0.0,5126.67,3036.39,,,,,,,,,,,,,645.3,,609.63,,,140.58,203.8,,183.99,,0.0,4819.69,,0.0,306.98,5346.95,289.47,,2.54,,,,0.0,5638.96,5461.26,16.95,,,,0.0,5478.21,,0.0,160.75,5899.68,,,,,,,,,0.0,5899.68,5114.5,26.54,,77.58,,21.16,0.0,5213.24,,0.0,686.44,-14.04,,0.0,1140.13,1790.58,0.0,2930.71,,,,,,,,,,,,,,,,,,,,,,,,,,,,,,,,,
000001.SZ,平安银行,2020-06-30 00:00:00,中报,2020中报,CNY,729.98,,,62.05,204.81,,,297.91,86.43,211.48,153.28,152.72,0.56,,,,1061.46,,,,,712.59,,0.0,3222.08,2057.16,,,,,,,,,,,,,648.97,,403.75,,,105.14,153.8,,109.92,,0.0,3478.74,,0.0,-256.66,3712.09,196.44,,1.14,,,,0.0,3909.67,3909.77,7.82,,,,0.0,3917.59,,0.0,-7.92,3524.24,,,,,,,,,0.0,3524.24,2996.8,20.24,,71.28,,14.23,0.0,3082.31,,0.0,441.93,8.62,,0.0,185.97,1790.58,0.0,1976.55,136.78,,,,,7.33,7.24,7.38,4.68,2.7,0.14,12.68,,-186.98,77.23,-24.5,-24.5,,,-2207.29,1522.37,,19.66,0.0,-256.66,,48.78,54.59,1927.77,1735.99,0.0,185.97,378.54
000001.SZ,平安银行,2020-03-31 00:00:00,一季报,2020一季报,CNY,1388.7,,,91.31,62.21,,,,,,106.41,105.85,0.56,,,,507.78,,,,,493.02,,0.0,2649.43,1298.73,,,,,,,,,,177.2,28.99,148.21,619.96,,199.22,,,74.15,22.14,,77.97,,0.0,2469.37,,0.0,180.06,1761.3,91.77,,4.04,,,,0.0,1857.11,1875.4,5.51,,,,0.0,1880.91,,0.0,-23.8,1965.71,,,,,,,,,0.0,1965.71,2126.3,,,8.74,0.17,5.06,0.0,2140.27,,0.0,-174.56,6.12,,0.0,-12.18,1790.58,0.0,1778.4,,,,,,,,,,,,,,,,,,,,,,,,,,,,,,,,,
000001.SZ,平安银行,2019-12-31 00:00:00,年报,2019年报,CNY,2858.5,,,,198.64,,,335.0,13.11,321.89,0.87,,0.87,,,,2015.27,,,,,463.86,,0.0,5872.14,3741.97,363.03,,,,,,122.09,122.09,,,,,564.89,,809.89,,,180.9,228.79,,260.83,564.89,0.0,6272.39,,0.0,-400.25,4357.11,309.34,,1.64,,,,0.0,4668.09,5653.12,35.53,,,,0.0,5688.65,,0.0,-1020.56,6093.28,,,,,,,,6093.28,0.0,6093.28,4415.13,38.31,,33.64,,19.53,0.0,4506.61,,0.0,1586.67,6.71,,0.0,172.57,1618.01,0.0,1790.58,281.95,,,,,14.37,14.26,19.04,13.07,5.97,0.21,6.6,,-325.69,144.77,-57.66,-57.66,,,-4164.97,3066.0,,30.42,0.0,-400.25,,54.59,50.15,1735.99,1567.86,0.0,172.57,584.71
000001.SZ,平安银行,2019-09-30 00:00:00,三季报,2019三季报,CNY,2037.92,,,,165.31,,,460.39,8.27,452.12,1.35,,1.35,,,,1482.45,,,,,489.15,,0.0,4636.57,1885.71,331.54,,,,,,60.9,60.9,,,,,359.02,,604.63,,,145.22,183.12,,221.63,,0.0,3791.77,,0.0,844.8,3323.61,226.73,,0.87,,,,0.0,3551.21,4320.52,18.78,,,,0.0,4339.3,,0.0,-788.09,3006.71,,,,,,,,,0.0,3006.71,3039.84,24.97,,58.61,,13.53,0.0,3111.98,,0.0,-105.27,18.11,,0.0,-30.45,1618.01,0.0,1587.56,,,,,,,,,,,,,,,,,,,,,,,,,,,,,,,,,
000001.SZ,平安银行,2019-06-30 00:00:00,中报,2019中报,CNY,1008.83,,,,102.49,,,230.69,,230.69,0.97,,0.97,,,,986.94,,,,,97.26,,0.0,2427.18,1069.21,132.2,,,,,,15.64,15.64,,81.01,81.01,,37.2,,375.47,,,112.36,141.74,,198.03,,0.0,2162.86,,0.0,264.32,1520.78,152.59,,0.6,,,,0.0,1673.97,2208.48,9.58,,,,0.0,2218.06,,0.0,-544.09,1845.53,,,,,,,,,0.0,1845.53,1509.4,17.99,,51.63,,7.25,0.0,1568.28,,0.0,277.25,0.31,,0.0,-2.21,1618.01,0.0,1615.8,154.03,,,,,6.5,6.45,8.45,5.92,2.53,0.1,-8.44,,-158.84,74.39,-25.29,-25.29,,,-1147.63,1081.41,,11.54,0.0,264.32,,51.43,50.15,1564.37,1567.86,0.0,-2.21,268.1
000001.SZ,平安银行,2019-03-31 00:00:00,一季报,2019一季报,CNY,690.1,,,,508.11,,,135.15,,135.15,26.61,26.13,0.48,,,,500.04,,,,,17.9,,0.0,1877.91,658.41,77.15,,,,,,,,,29.59,29.59,,226.11,,171.11,,,75.95,53.47,,54.28,,0.0,1346.07,,0.0,531.84,1053.13,75.0,,2.38,,,,0.0,1130.51,1444.32,4.09,,,,0.0,1448.41,,0.0,-317.9,781.54,,,,,,,,,0.0,781.54,577.2,6.37,,15.11,,,0.0,592.31,,0.0,189.23,-11.55,,0.0,391.62,1618.01,0.0,2009.63,,,,,,,,,,,,,,,,,,,,,,,,,,,,,,,,,
000001.SZ,平安银行,2018-12-31 00:00:00,年报,2018年报,CNY,845.69,,,167.91,900.75,,,16.24,,16.24,98.34,97.27,1.07,,,,1801.18,,,,,532.67,,0.0,4362.78,2871.46,,,,,,,,,,34.65,34.65,,705.79,,764.38,,,161.94,221.55,,176.24,,0.0,4936.01,,0.0,-573.23,4403.02,263.72,,0.92,,,,0.0,4667.66,4007.65,46.19,,,,0.0,4053.84,,0.0,613.82,7655.79,,,,,,,,,0.0,7655.79,7408.1,25.39,,57.48,,,0.0,7465.58,,0.0,190.21,16.97,,0.0,247.77,1370.24,0.0,1618.01,248.18,,,,-0.01,11.43,11.34,13.22,8.88,4.34,0.12,-49.3,,-289.23,155.22,-32.59,-32.59,,,-2196.92,1094.69,,-6.19,0.0,-573.23,,50.15,42.26,1567.86,1327.98,0.0,247.77,478.14
000001.SZ,平安银行,2018-09-30 00:00:00,三季报,2018三季报,CNY,1047.3,,,189.6,608.82,,,,,,123.28,122.72,0.56,,,,1337.4,,,,,205.39,300.53,0.0,3812.32,2503.4,,,,,,,,,,143.47,101.92,41.55,,,567.6,,,129.31,200.11,,381.53,,0.0,3925.42,,0.0,-113.1,3489.14,210.81,,1.08,,,,0.0,3701.03,2946.26,15.18,,,,0.0,2961.44,,0.0,739.59,5811.79,,,,,,,,,0.0,5811.79,6125.4,25.11,,57.2,,,0.0,6182.6,,0.0,-370.81,20.18,,0.0,275.86,1370.24,0.0,1646.1,,,,,,,,,,,,,,,,,,,,,,,,,,,,,,,,,
000001.SZ,平安银行,2018-06-30 00:00:00,中报,2018中报,CNY,819.25,,,119.94,592.77,,,59.93,,59.93,10.1,10.1,,,,,919.48,,,,,247.0,,0.0,2768.47,1652.95,,,,,,,,,,71.89,71.89,,,,351.46,,,96.47,160.4,24.94,335.81,,0.0,2693.92,,0.0,74.55,2416.74,144.24,,1.07,,,,0.0,2562.05,1890.16,6.82,,,,0.0,1896.98,,0.0,665.07,4010.45,,,,,,,,,0.0,4010.45,3889.2,18.48,,27.22,,,0.0,3916.42,,0.0,94.03,5.18,,0.0,838.83,1370.24,0.0,2209.07,133.72,0.62,,,-0.01,5.11,5.06,5.97,3.71,2.26,0.04,-34.78,,-152.34,81.74,-6.61,-6.61,,,-1073.4,895.53,,219.57,0.0,74.55,,37.86,42.26,2171.21,1327.98,0.0,838.83,222.36
000001.SZ,平安银行,2018-03-31 00:00:00,一季报,2018一季报,CNY,592.27,,,142.45,441.35,,,,,,,,,,,,445.0,,,,,209.4,,0.0,1830.47,786.39,,,,,,,33.98,33.98,,122.08,105.46,16.62,,,156.58,,,66.49,25.78,156.05,68.7,,0.0,1416.05,,0.0,414.42,1132.66,72.81,,,,,,0.0,1205.47,1172.98,0.27,,,,0.0,1173.25,,0.0,32.22,1992.53,,,,,,,,,0.0,1992.53,1872.0,6.77,,15.51,,,0.0,1887.51,,0.0,105.02,-13.02,,0.0,538.64,1370.23,0.0,1908.87,,,,,,,,,,,,,,,,,,,,,,,,,,,,,,,,,
000001.SZ,平安银行,2017-12-31 00:00:00,年报,2017年报,CNY,1158.03,,,1102.55,,,,,,,19.21,,19.21,,,,1547.07,,,,,285.18,,0.0,4112.04,2699.77,,374.87,,,,,195.12,195.12,,359.66,245.62,114.04,,,591.64,,,143.45,236.75,473.18,225.4,,0.0,5299.84,,0.0,-1187.8,6286.23,309.43,,0.32,,,,0.0,6595.98,6929.12,28.17,,,,0.0,6957.29,,0.0,-361.31,9016.44,,,,,,,,,0.0,9016.44,8346.7,19.48,,55.35,,,0.0,8402.05,,0.0,614.39,-29.18,,0.0,-963.9,2334.14,0.0,1370.24,231.89,429.25,,,-0.65,9.86,9.75,11.9,6.74,5.16,0.07,-7.24,,-321.23,143.58,-72.52,-72.52,,,-3470.32,1864.2,,-6.59,0.0,-1187.8,,42.26,44.95,1327.98,2289.19,0.0,-963.9,
000001.SZ,平安银行,2017-09-30 00:00:00,三季报,2017三季报,CNY,36.41,,,964.21,,,,6.97,,6.97,19.14,,19.14,,,,1133.28,,,,,228.45,,0.0,2388.46,2022.65,,537.54,,,,,219.0,219.0,,78.29,78.29,,,,442.5,,,113.1,199.66,197.4,158.19,,0.0,3968.33,,0.0,-1579.87,4039.35,241.49,,0.04,,,,0.0,4280.88,4456.98,8.57,,,,0.0,4465.55,,0.0,-184.67,7217.19,,,,,,,,,0.0,7217.19,6449.8,18.84,,54.71,,,0.0,6504.51,,0.0,712.68,-22.85,,0.0,-1074.71,2334.14,0.0,1259.43,,,,,,,,,,,,,,,,,,,,,,,,,,,,,,,,,
000001.SZ,平安银行,2017-06-30 00:00:00,中报,2017中报,CNY,,,,649.07,,,,307.24,,307.24,19.06,,19.06,,,,743.9,,,,,147.96,,0.0,1867.23,1385.73,,440.62,,,160.42,,149.39,149.39,,261.3,261.3,,,,282.27,,,82.28,158.71,88.71,139.6,,0.0,3149.03,,0.0,-1281.8,3461.0,159.15,,0.04,,,,0.0,3620.19,4201.61,4.13,,,,0.0,4205.74,,0.0,-585.55,5315.0,,,,,,,,,0.0,5315.0,,18.41,,27.15,,,0.0,4525.25,,0.0,789.75,-13.52,,0.0,-1091.12,2334.14,0.0,1243.02,125.54,237.16,,,,4.79,4.74,5.85,3.45,2.4,0.04,-25.54,,-161.82,64.56,-28.34,-28.34,,,-1929.14,428.46,,-3.36,0.0,-1281.8,,36.8,44.95,1206.22,2289.19,0.0,-1091.12,
000001.SZ,平安银行,2017-03-31 00:00:00,一季报,2017一季报,CNY,,,,59.22,,,,69.28,69.28,,18.84,,18.84,,,,355.97,,,,,136.67,3.41,0.0,643.39,822.51,,243.13,,,18.62,,171.76,171.76,,66.14,,66.14,,,135.78,,,54.35,27.47,,253.71,,0.0,1793.47,,0.0,-1150.08,2815.12,81.2,,,,,,0.0,2896.32,3367.16,1.25,,,,0.0,3368.41,,0.0,-472.09,3058.33,,,,,,,,,0.0,3058.33,2550.0,6.43,,15.17,,,0.0,2565.17,,0.0,493.16,-4.31,,0.0,-1133.32,2334.14,0.0,1200.82,,,,,,,,,,,,,,,,,,,,,,,,,,,,,,,,,
000001.SZ,平安银行,2016-12-31 00:00:00,年报,2016年报,CNY,2677.73,,,151.38,,,,483.81,404.43,79.38,337.63,,337.63,,,,1302.59,,,,,68.3,10.56,0.0,5032.0,2958.78,,466.35,,,,,82.27,82.27,,,,,,,485.04,,,137.62,138.11,,653.5,0.44,0.0,4922.11,,0.0,109.89,17655.5,279.79,,0.09,,,,0.0,17935.38,18931.09,27.72,,,,0.0,18958.81,,0.0,-1023.43,7127.9,,,,,,,,200.0,0.0,7327.9,6699.8,13.61,,35.5,,0.48,0.0,6735.78,,0.0,592.12,42.15,,0.0,-279.27,2613.41,0.0,2334.14,225.99,465.18,,,0.64,8.57,8.48,10.83,5.87,4.96,0.11,25.55,,-286.36,93.34,-92.13,-92.13,,,-3840.91,3504.52,,-5.44,0.0,109.89,,44.95,41.19,2289.19,2572.22,0.0,-279.27,
000001.SZ,平安银行,2016-09-30 00:00:00,三季报,2016三季报,CNY,1135.63,,,75.53,,,,7.85,7.85,,278.0,,278.0,,,,994.05,,,,,79.46,9.2,0.0,2579.72,2391.88,,592.2,,,,,144.75,144.75,,110.01,,110.01,,,372.91,,,110.6,110.59,,275.76,0.44,0.0,4109.14,,0.0,-1529.42,16261.97,217.57,,,,,,0.0,16479.54,17442.1,9.06,,,,0.0,17451.16,,0.0,-971.62,6097.64,,,,,,,,200.0,0.0,6297.64,5031.9,13.69,,35.58,,0.48,0.0,5067.96,,0.0,1229.68,15.46,,0.0,-1255.9,2613.41,0.0,1357.51,,,,,,,,,,,,,,,,,,,,,,,,,,,,,,,,,
000001.SZ,平安银行,2016-06-30 00:00:00,中报,2016中报,CNY,1114.55,,,380.28,,,,,,,191.18,,191.18,,,,663.19,,,,,21.67,5.02,0.0,2375.89,1577.09,,168.07,,,,,110.11,110.11,,131.51,24.5,107.01,,,258.88,,,83.84,98.85,,279.11,0.0,0.0,2707.87,,0.0,-331.98,9940.34,140.7,,,,,,0.0,10081.04,11314.05,6.0,,,,0.0,11320.05,,0.0,-1239.01,4204.53,,,,,,,,200.0,0.0,4404.53,3294.0,13.61,,35.5,,0.48,0.0,3329.98,,0.0,1074.55,14.48,,0.0,-481.96,2613.41,0.0,2131.45,122.92,200.0,,,,4.0,3.95,5.11,2.85,2.26,0.05,69.55,,-140.88,43.5,-30.53,-30.53,,,-2144.2,1540.94,,-2.44,0.0,-331.98,,35.94,41.19,2095.51,2572.22,0.0,-481.96,
000001.SZ,平安银行,2016-03-31 00:00:00,一季报,2016一季报,CNY,1083.25,,,,16.08,,,,,,151.33,,151.33,,,,328.6,,,,,6.14,9.68,0.0,1595.08,539.73,2.83,,,,,,61.0,61.0,,96.26,30.24,66.02,,,124.71,,,59.04,26.89,,91.94,,0.0,1002.4,,0.0,592.68,4095.09,72.19,,,,,,0.0,4167.28,5112.73,2.36,,,,0.0,5115.09,,0.0,-947.81,1674.2,,,,,,,,200.0,0.0,1874.2,1348.8,6.12,,6.12,,0.48,0.0,1355.4,,0.0,518.8,-1.71,,0.0,161.96,2613.41,0.0,2775.37,,,,,,,,,,,,,,,,,,,,,,,,,,,,,,,,,
000001.SZ,平安银行,2015-12-31 00:00:00,年报,2015年报,CNY,1250.0,,,2.35,,,,,,,900.42,,900.42,,,,1308.49,,,,,123.17,33.01,0.0,3617.44,2162.55,,54.72,,,,,17.28,17.28,,129.79,14.08,115.71,,,633.2,,,128.71,151.06,,340.0,18.39,0.0,3635.7,,0.0,-18.26,7329.2,265.88,,,,,,0.0,7595.08,8522.0,35.34,,,,0.0,8557.34,,0.0,-962.26,3707.96,,,99.4,,,,,,0.0,3807.36,2032.1,13.61,,19.88,,,0.0,2065.59,,0.0,1741.77,17.6,,0.0,778.85,1834.56,0.0,2613.41,218.65,304.85,,,0.01,7.31,7.25,10.46,6.23,4.23,0.09,-0.71,,-270.61,54.85,-21.37,-21.37,,,-1488.86,1171.13,,-4.06,0.0,-18.26,,41.19,41.59,2572.22,1792.97,0.0,778.85,
000001.SZ,平安银行,2015-09-30 00:00:00,三季报,2015三季报,CNY,2393.98,,,8.03,,,,32.95,32.95,,679.36,,679.36,,,,987.93,,,,,99.44,37.1,0.0,4238.79,2007.84,,81.79,,,,,49.89,49.89,,225.71,,225.71,,,474.04,,,98.95,117.37,,263.35,,0.0,3318.94,,0.0,919.85,5775.05,210.44,,,,,,0.0,5985.49,6308.66,24.44,,,,0.0,6333.1,,0.0,-347.61,2580.96,,,99.4,,,,,99.4,0.0,2680.36,1062.3,13.61,,19.88,,,0.0,1095.79,,0.0,1584.57,7.23,,0.0,2164.04,1834.56,0.0,3998.6,,,,,,,,,,,,,,,,,,,,,,,,,,,,,,,,,
000001.SZ,平安银行,2015-06-30 00:00:00,中报,2015中报,CNY,3108.38,,,1.41,101.73,,,43.79,43.79,,500.91,,500.91,,,,659.58,,,,,33.03,25.51,0.0,4474.34,1699.59,,,,,,,9.39,9.39,,225.71,,225.71,,,337.32,,,74.34,81.88,,211.85,9.04,0.0,2649.12,,0.0,1825.22,2541.82,144.75,,,,,,0.0,2686.57,3168.78,16.92,,,,0.0,3185.7,,0.0,-499.13,1234.79,,,99.4,,,99.4,,,0.0,1334.19,583.8,13.61,,19.88,,,0.0,617.29,,0.0,716.9,-1.7,,0.0,2041.29,1834.56,0.0,3875.85,115.85,129.23,,,,3.39,3.36,4.93,3.06,1.87,0.01,16.26,,,20.79,-25.87,-25.87,,,-1271.73,2977.48,,-145.12,0.0,1825.22,,46.73,41.59,3829.12,1792.97,0.0,2041.29,
000001.SZ,平安银行,2015-03-31 00:00:00,一季报,2015一季报,CNY,770.43,0.0,0.0,13.18,185.88,0.0,0.0,1.82,1.82,0.0,369.87,0.0,369.87,0.0,0.0,0.0,313.41,0.0,0.0,0.0,,3.21,13.12,0.0,1670.92,1025.0,0.0,0.0,0.0,0.0,0.0,0.0,16.56,16.56,0.0,41.46,0.0,41.46,0.0,0.0,174.16,0.0,0.0,51.35,26.69,0.0,216.4,4.35,0.0,1555.97,0.0,0.0,114.95,1221.85,68.43,0.0,0.0,0.0,0.0,0.0,0.0,1290.28,1505.47,12.51,0.0,0.0,0.0,0.0,1517.98,0.0,0.0,-227.7,557.17,0.0,0.0,,0.0,0.0,,0.0,0.0,0.0,557.17,200.5,6.12,0.0,6.12,0.0,0.0,0.0,206.62,0.0,0.0,350.55,-1.98,0.0,0.0,235.82,1834.56,0.0,2070.38,,,,,,,,,,,,,,,,,,,,,,,,,,,,,,,,,
000001.SZ,平安银行,2014-12-31 00:00:00,年报,2014年报,CNY,2505.29,0.0,0.0,4.53,0.0,0.0,0.0,0.0,0.0,0.0,765.74,40.1,725.64,0.0,0.0,0.0,1092.05,0.0,0.0,0.0,,41.15,0.0,0.0,4408.76,1865.83,0.0,702.15,0.0,0.0,0.0,0.0,0.0,0.0,0.0,226.01,90.82,135.19,0.0,0.0,585.32,0.0,0.0,121.75,129.91,28.67,493.25,2.66,0.0,4155.55,0.0,0.0,253.21,3919.68,243.51,0.0,0.07,0.0,0.0,0.0,0.0,4163.26,4669.74,38.35,0.0,0.0,0.0,0.0,4708.09,0.0,0.0,-544.83,520.05,0.0,0.0,,0.0,0.0,,0.03,0.0,0.0,520.08,188.0,4.96,0.0,15.23,0.0,0.0,0.0,208.19,0.0,0.0,311.89,3.25,0.0,0.0,23.52,1811.04,0.0,1834.56,198.02,150.11,,,0.06,6.34,6.28,9.63,6.31,3.32,0.01,-6.49,,-221.82,16.57,-26.26,-26.26,,,-2287.45,2417.62,,-3.13,0.0,253.21,,41.59,37.31,1792.97,1773.73,0.0,23.52,
000001.SZ,平安银行,2014-09-30 00:00:00,三季报,2014三季报,CNY,2096.25,0.0,0.0,0.0,0.0,0.0,0.0,0.0,0.0,0.0,401.02,0.0,401.02,0.0,0.0,0.0,798.97,0.0,0.0,0.0,,39.79,0.0,0.0,3336.03,1516.78,9.32,569.54,0.0,0.0,0.0,0.0,61.03,61.03,0.0,236.6,62.27,174.33,0.0,0.0,418.38,0.0,0.0,96.23,98.27,34.4,344.44,2.13,0.0,3387.12,0.0,0.0,-51.09,3585.41,181.73,0.0,0.07,0.0,0.0,0.0,0.0,3767.21,4032.21,21.55,0.0,0.0,0.0,0.0,4053.76,0.0,0.0,-286.55,417.43,0.0,0.0,,0.0,0.0,,0.03,0.0,0.0,417.46,45.0,4.96,0.0,15.23,0.0,0.0,0.0,65.19,0.0,0.0,352.27,2.92,0.0,0.0,17.55,1811.04,0.0,1828.59,,,,,,,,,,,,,,,,,,,,,,,,,,,,,,,,,
000001.SZ,平安银行,2014-06-30 00:00:00,中报,2014中报,CNY,2333.6,0.0,0.0,0.0,0.0,0.0,0.0,0.0,0.0,0.0,200.79,0.0,200.79,0.0,0.0,0.0,518.61,0.0,0.0,0.0,,25.15,1.22,0.0,3079.37,945.09,9.83,513.41,0.0,0.0,0.0,0.0,111.19,111.19,0.0,195.68,38.69,156.99,0.0,0.0,283.17,0.0,0.0,71.06,69.06,37.92,308.72,0.0,0.0,2545.13,0.0,0.0,534.24,2217.65,115.37,0.0,0.06,0.0,0.0,0.0,0.0,2333.08,2470.75,14.47,0.0,0.0,0.0,0.0,2485.22,0.0,0.0,-152.14,164.83,0.0,0.0,,0.0,0.0,,0.0,0.0,0.0,164.83,30.0,4.96,0.0,15.23,0.0,0.0,0.0,50.19,0.0,0.0,114.64,8.13,0.0,0.0,504.87,1811.04,0.0,2315.91,100.72,56.52,0.0,0.0,0.03,3.07,3.04,4.28,2.82,1.46,0.01,-3.66,0.0,,5.47,-4.85,-4.85,,0.0,-1737.81,2214.73,0.0,-104.27,0.0,534.24,0.0,38.88,37.31,2277.03,1773.73,0.0,504.87,
000001.SZ,平安银行,2014-03-31 00:00:00,一季报,2014一季报,CNY,2155.91,0.0,0.0,0.0,0.0,0.0,0.0,0.0,0.0,0.0,0.0,0.0,0.0,0.0,0.0,0.0,248.08,0.0,0.0,0.0,,12.22,4.47,0.0,2420.68,442.88,4.76,577.36,0.0,0.0,0.0,0.0,62.5,24.28,38.22,283.27,33.42,249.85,0.0,0.0,142.22,0.0,0.0,49.32,22.79,0.0,234.61,0.0,0.0,1819.71,0.0,0.0,600.97,1125.91,60.53,0.0,0.0,0.0,0.0,0.0,0.0,1186.44,1093.55,12.31,0.0,0.0,0.0,0.0,1105.86,0.0,0.0,80.58,90.0,0.0,0.0,,0.0,0.0,,0.0,0.0,0.0,90.0,0.0,,0.0,0.0,0.0,0.0,0.0,0.0,0.0,0.0,90.0,7.67,0.0,0.0,779.22,1811.04,0.0,2590.26,,,,,,,,,,,,,,,,,,,,,,,,,,,,,,,,,
000001.SZ,平安银行,2013-12-31 00:00:00,年报,2013年报,CNY,2924.03,0.0,0.0,0.0,0.0,0.0,0.0,0.0,0.0,0.0,366.95,366.95,0.0,0.0,0.0,0.0,830.17,0.0,0.0,0.0,,20.66,13.06,0.0,4154.87,1297.67,139.36,182.72,0.0,0.0,0.0,0.0,423.67,0.0,423.67,274.81,164.35,110.46,0.0,0.0,466.87,0.0,0.0,96.6,86.52,0.0,260.88,9.03,0.0,3238.13,0.0,0.0,916.74,4437.13,173.45,0.0,0.28,0.0,0.0,0.0,0.0,4610.86,5463.47,17.5,0.0,0.0,0.0,0.0,5480.97,0.0,0.0,-870.11,0.0,0.0,0.0,,0.0,0.0,147.34,0.0,0.0,0.0,147.34,80.0,9.52,0.0,8.72,0.0,0.0,0.0,98.24,0.0,0.0,49.1,-5.36,0.0,0.0,90.37,1720.67,0.0,1811.04,152.31,68.9,,,-0.53,6.01,5.9,8.12,5.45,2.67,-0.1,2.33,,-164.3,6.72,-16.16,-3.44,-12.72,,-1797.18,2654.65,,-4.03,0.0,916.74,,37.31,32.33,1773.73,1688.34,0.0,90.37,
000001.SZ,平安银行,2013-09-30 00:00:00,三季报,2013三季报,CNY,2734.22,,,,,,,,,,362.06,362.06,,,,,602.86,,,,,18.42,36.24,0.0,3753.8,1128.39,137.17,241.01,,,,,376.98,,376.98,234.57,187.22,47.35,,,330.37,,,73.8,62.28,,144.11,16.89,0.0,2745.57,,0.0,1008.23,2872.41,126.11,,0.29,,,,0.0,2998.81,3951.48,4.48,,,,0.0,3955.96,,0.0,-957.15,,,,,,,,,,,,65.0,8.73,,8.71,,,0.0,82.44,,0.0,-82.44,-4.52,,0.0,-35.88,1720.67,0.0,1684.79,,,,,,,,,,,,,,,,,,,,,,,,,,,,,,,,,
000001.SZ,平安银行,2013-06-30 00:00:00,中报,2013中报,CNY,1972.33,,,,,,,492.63,,,286.77,,,,,,386.04,,,,,19.5,34.03,0.0,3191.3,660.92,149.21,180.07,,,,,1336.85,,1336.85,157.75,157.75,,,,211.06,,,52.51,40.35,,96.04,18.54,0.0,2903.3,,0.0,288.0,2442.87,87.85,,0.15,,,,0.0,2530.87,3168.02,2.31,,,,0.0,3170.33,,0.0,-639.46,,,,,,,,,,,,65.0,8.73,,17.44,,,0.0,82.44,,0.0,-82.44,-4.95,,0.0,-438.85,1720.67,0.0,1281.82,75.31,26.02,0.0,0.0,0.0,2.9,2.84,4.0,2.71,1.29,,3.23,0.0,-70.42,3.86,-3.5,-3.5,,0.0,-1967.51,2216.01,0.0,-72.32,0.0,288.0,0.0,39.37,32.33,1242.45,1688.34,0.0,-438.85,
000001.SZ,平安银行,2013-03-31 00:00:00,一季报,2013一季报,CNY,2134.92,,,,,,,184.33,,184.33,185.14,185.14,,,,,177.27,,,,,28.36,9.7,0.0,2719.72,338.43,147.75,109.41,,,,,1635.02,,1635.02,172.07,172.07,,,,93.1,,,35.83,19.13,,17.72,10.07,0.0,2578.53,,0.0,141.19,1679.9,48.8,,,,,,0.0,1728.7,2132.08,0.49,,,,0.0,2132.57,,0.0,-403.87,,,,,,,,,,,,65.0,3.73,,3.73,,,0.0,68.73,,0.0,-68.73,-1.47,,0.0,-332.88,1720.67,0.0,1387.79,,,,,,,,,,,,,,,,,,,,,,,,,,,,,,,,,
000001.SZ,平安银行,2012-12-31 00:00:00,年报,2012年报,CNY,3690.61,,,150.11,,,,68.6,,68.6,,,,,,,655.18,,,,,23.47,1124.9,0.0,5712.87,781.86,,569.85,,,,,1299.96,110.52,1189.44,61.6,61.6,,,,395.63,,,71.76,81.13,,117.1,475.6,0.0,3854.49,,0.0,1858.38,2132.02,116.56,,1.11,,,,0.0,2249.69,3009.92,14.22,,,25.91,0.0,3050.05,,0.0,-800.36,,,,,,,,,,,,,9.75,,5.13,,,0.0,14.88,,0.0,-14.88,-1.53,,0.0,1041.61,679.06,0.0,1720.67,135.12,31.3,,,0.37,5.47,5.33,7.23,5.01,2.22,0.09,0.85,,-99.87,10.01,-3.63,-3.48,-0.15,,-1592.41,3366.04,,-2.19,0.0,1858.38,,32.33,22.35,1688.34,656.71,0.0,1041.61,
000001.SZ,平安银行,2012-09-30 00:00:00,三季报,2012三季报,CNY,2488.89,,,246.69,,,,,,,,,,,,,489.79,,,,,20.26,721.86,0.0,3967.49,830.29,,500.08,,,,,668.98,16.85,652.13,204.23,150.99,53.24,,,292.96,,,55.28,62.83,,117.09,407.92,0.0,3139.66,,0.0,827.83,1398.06,80.62,,,,,,0.0,1478.68,1841.3,3.28,,,25.75,0.0,1870.33,,0.0,-391.65,,,,,,,,,,,,,8.9,,8.9,,,0.0,8.9,,0.0,-8.9,-0.12,,0.0,427.16,679.06,0.0,1106.22,,,,,,,,,,,,,,,,,,,,,,,,,,,,,,,,,
000001.SZ,平安银行,2012-06-30 00:00:00,中报,2012中报,CNY,2670.49,,,250.99,,,,,,,,,,,,,322.59,,,,,15.64,474.79,0.0,3734.5,608.9,,480.31,,,,,204.36,3.95,200.41,206.72,180.82,25.9,,,197.15,,,40.24,46.1,,67.92,442.5,0.0,2294.2,,0.0,1440.3,958.31,52.35,,,,,,0.0,1010.66,1227.15,1.96,,,22.97,0.0,1252.08,,0.0,-241.42,,,,,,,,,,,,,8.83,,8.83,,,0.0,8.83,,0.0,-8.83,1.43,,0.0,1191.48,679.07,0.0,1870.55,68.7,15.7,,,,2.67,2.6,3.24,2.21,1.03,,0.09,,-47.62,5.01,-0.66,-0.66,,,-875.92,2270.11,-0.17,-0.85,0.0,1440.3,,22.69,22.36,1847.86,656.71,0.0,1191.48,
000001.SZ,平安银行,2012-03-31 00:00:00,一季报,2012一季报,CNY,1578.41,,,1.2,,,,,,,69.21,,69.21,,,,159.51,,,,,5.61,108.75,0.0,1922.69,299.34,,160.02,160.02,,,,4.95,4.95,,285.11,113.0,172.11,,,90.98,,,26.93,15.86,,50.69,220.53,0.0,1154.41,,0.0,768.28,326.67,23.96,,,,,,0.0,350.63,483.71,0.45,,,,0.0,484.16,,0.0,-133.53,,,,,,,,,,,,,3.75,,3.75,,,0.0,3.75,,0.0,-3.75,0.35,,0.0,631.35,679.06,0.0,1310.41,,,,,,,,,,,,,,,,,,,,,,,,,,,,,,,,,
000001.SZ,平安银行,2011-12-31 00:00:00,年报,2011年报,CNY,1260.47,,,,,,,161.21,161.21,,469.42,14.84,454.58,,,,405.11,,,,,43.34,653.18,0.0,2992.73,670.04,13.58,464.47,,,,,,,,28.28,,28.28,,,226.63,,,52.87,51.16,1569.28,60.82,,0.0,3137.12,,0.0,-144.39,1980.03,65.91,,0.1,,,313.58,0.0,2359.63,2262.76,8.5,,,,0.0,2271.25,,0.0,88.37,36.5,,,,,,26.9,,,0.0,63.4,,5.62,,0.0,,,0.0,5.62,,0.0,57.78,-4.17,,0.0,-2.41,681.48,0.0,679.06,103.9,21.49,,,0.29,4.68,4.57,4.53,2.87,1.66,-0.02,-0.21,,-61.91,8.37,-7.43,-7.69,0.26,,-2354.44,2137.14,,-0.78,0.0,-144.39,,22.36,8.37,656.71,673.11,0.0,-2.41,
000001.SZ,平安银行,2011-09-30 00:00:00,三季报,2011三季报,CNY,1152.98,,,,,,,46.28,5.0,41.28,331.69,8.67,323.02,,,,267.67,,,,,19.82,416.15,0.0,2234.59,552.43,12.57,280.75,280.75,,,,,,,,,,,,140.05,,,38.6,36.55,963.98,31.05,,0.0,2055.97,,0.0,178.62,1018.82,34.12,,0.03,,,,0.0,1052.97,1392.17,3.51,,,,0.0,1395.68,,0.0,-342.71,36.5,,,,,,26.9,,,0.0,63.4,,,,4.74,,,0.0,4.74,,0.0,58.66,,,0.0,-105.43,848.76,0.0,743.33,,,,,,,,,,,,,,,,,,,,,,,,,,,,,,,,,
000001.SZ,平安银行,2011-06-30 00:00:00,中报,2011中报,CNY,1080.34,,,,,,,,,,0.04,0.04,,,,,142.73,,,,,16.02,73.97,0.0,1313.1,403.84,7.39,157.94,,,,,97.2,,97.2,36.65,8.64,28.01,,,78.5,,,25.11,21.2,145.93,23.21,,0.0,996.97,,0.0,316.13,443.86,16.57,,0.02,,,,0.0,460.44,676.18,0.95,,,,0.0,677.13,,0.0,-216.69,36.5,,,,,,,,,0.0,36.5,,4.65,,,,,0.0,4.65,,0.0,31.85,-0.39,,0.0,130.9,681.48,0.0,812.38,,,,,,,,,,,,,,,,,,,,,,,,,,,,,,,,,
000001.SZ,平安银行,2011-03-31 00:00:00,一季报,2011一季报,CNY,778.12,,,8.47,,,,,,,,,,,,,60.3,,,,,18.31,24.21,0.0,889.4,148.69,,76.81,76.81,,,,245.5,2.99,242.52,58.25,13.37,44.88,,,36.07,,,17.09,8.08,57.19,28.26,,0.0,675.93,,0.0,213.47,248.51,3.68,,0.0,,,,0.0,252.19,329.7,0.31,,,,0.0,330.01,,0.0,-77.82,,,,,,,,,,,,,3.73,,3.73,,,0.0,3.73,,0.0,-3.73,,,0.0,131.92,681.48,0.0,813.4,,,,,,,,,,,,,,,,,,,,,,,,,,,,,,,,,
000001.SZ,平安银行,2010-12-31 00:00:00,年报,2010年报,CNY,1165.08,,,22.18,,,,37.02,,37.02,,,,,,,212.07,,,,,33.69,42.7,0.0,1512.73,465.76,,187.65,,,,,349.12,9.74,339.37,13.7,13.7,,,,85.8,,,37.48,28.86,89.45,34.47,,0.0,1292.28,,0.0,220.46,1101.34,32.75,,0.1,,,,0.0,1134.19,1272.41,8.38,,,,0.0,1280.79,,0.0,-146.61,,,,,,,69.31,,,0.0,69.31,,5.49,0.24,,,,0.0,5.73,,0.0,63.59,-2.99,,0.0,134.44,547.03,0.0,681.48,62.47,14.88,,,0.01,3.35,3.21,1.7,0.52,1.18,-0.01,0.19,,,5.56,-3.32,-3.29,-0.03,,-1098.52,1267.28,,-33.13,0.0,220.46,,8.37,7.79,673.11,539.24,0.0,134.44,
000001.SZ,平安银行,2010-09-30 00:00:00,三季报,2010三季报,CNY,709.06,,,20.99,,,,41.33,41.33,,,,,,,,176.54,,,,,30.3,6.33,0.0,984.55,390.71,,87.78,87.78,,,,172.82,8.31,164.51,33.79,,33.79,,,61.99,,,29.76,22.65,52.21,27.04,,0.0,878.75,,0.0,105.8,1044.01,21.85,,0.01,,,,0.0,1065.87,1134.63,5.89,,,,0.0,1140.52,,0.0,-74.65,,,,,,,69.07,,,0.0,69.07,,,0.23,4.64,,,0.0,4.88,,0.0,64.2,,,0.0,95.34,547.03,0.0,642.37,,,,,,,,,,,,,,,,,,,,,,,,,,,,,,,,,
000001.SZ,平安银行,2010-06-30 00:00:00,中报,2010中报,CNY,253.53,,,12.04,,,,15.69,,15.69,2.87,2.87,,,,,114.62,,,,,19.92,12.48,0.0,431.16,142.87,,41.77,,,,,102.16,,102.16,25.92,25.92,,,,42.74,,,21.54,16.58,50.88,17.03,,0.0,461.49,,0.0,-30.33,891.07,14.27,,0.03,,,,0.0,905.37,921.03,2.72,,,,0.0,923.76,,0.0,-18.38,,,,,,,69.31,,,0.0,69.31,,4.6,,,,,0.0,4.6,,0.0,64.71,,,0.0,16.0,547.03,0.0,563.03,30.33,4.94,,,0.0,1.51,1.51,0.79,0.24,0.55,-0.0,0.08,8.2,,2.75,-1.85,-1.85,-0.0,,-334.51,273.82,,-16.38,0.0,-30.33,,7.93,7.79,555.1,539.24,0.0,16.0,
000001.SZ,平安银行,2010-03-31 00:00:00,一季报,2010一季报,CNY,295.62,,,,5.55,,,14.3,14.3,,4.06,4.06,,,,,55.26,,,,,15.15,5.68,0.0,395.61,125.2,,,,,,,89.45,,89.45,13.65,,13.65,,,20.57,,,15.02,5.77,29.26,10.6,,0.0,309.52,,0.0,86.1,530.67,3.06,,,,,,0.0,533.73,600.2,1.04,,,,0.0,601.24,,0.0,-67.51,,,,,,,,,,,,,3.7,,3.7,,,0.0,3.7,,0.0,-3.7,,,0.0,14.89,547.03,0.0,561.92,,,,,,,,,,,,,,,,,,,,,,,,,,,,,,,,,
000001.SZ,平安银行,2009-12-31 00:00:00,年报,2009年报,CNY,1321.98,,,,,,,1.9,1.9,,28.49,12.64,15.85,,,,207.14,,,,,14.6,3.43,0.0,1577.53,762.31,,35.63,,,,,,,,251.83,,251.83,,,90.19,,,29.14,26.02,34.23,26.26,,0.0,1255.6,,0.0,321.94,1392.7,24.9,,0.01,,,,0.0,1417.61,1564.17,9.85,,,,0.0,1574.02,,0.0,-156.41,15.0,,,,,,,,,0.0,15.0,,4.64,,4.64,,0.1,0.0,4.73,,0.0,10.27,,,0.0,175.79,371.24,0.0,547.03,50.31,15.75,,,-0.04,2.64,2.64,1.28,0.36,0.92,-0.0,0.49,5.96,-30.94,5.2,2.18,2.29,-0.11,,-801.07,1071.74,,-1.57,0.0,321.94,,7.79,9.82,539.24,361.43,0.0,175.79,
000001.SZ,平安银行,2009-09-30 00:00:00,三季报,2009三季报,CNY,979.04,,,,,,,11.9,11.9,,55.42,,55.42,,,,154.95,,,,,16.01,,0.0,1217.31,768.94,,43.26,43.26,,,,3.14,3.14,,231.69,,231.69,,,73.68,,,22.72,23.85,,52.61,,0.0,1219.89,,0.0,-2.58,1103.77,19.07,,0.01,,,,0.0,1122.85,1056.81,6.86,,,,0.0,1063.67,,0.0,59.18,15.0,,,,,,,,,0.0,15.0,,,,3.78,,0.1,0.0,3.88,,0.0,11.12,,,0.0,67.72,371.24,0.0,438.97,,,,,,,,,,,,,,,,,,,,,,,,,,,,,,,,,
000001.SZ,平安银行,2009-06-30 00:00:00,中报,2009中报,CNY,627.75,,,,,,,67.91,67.91,,37.15,1.04,36.11,,,,105.14,,,,,16.33,,0.0,854.27,588.85,,42.35,,,,,,,,55.86,,55.86,,,50.29,,,16.23,15.1,15.52,28.6,3.03,0.0,815.82,,0.0,38.45,379.01,8.63,,0.0,,,,0.0,387.65,368.1,2.52,,,,0.0,370.62,,0.0,17.03,15.0,,,,,,,,,0.0,15.0,,3.77,,,,0.1,0.0,3.86,,0.0,11.14,,,0.0,66.61,371.24,0.0,437.86,23.11,11.04,,,-0.02,1.29,1.29,0.59,0.16,0.43,-0.0,0.41,3.46,,2.41,1.54,1.63,-0.09,,-625.23,638.34,,-18.5,0.0,38.45,,7.93,9.82,429.92,361.43,0.0,66.61,
000001.SZ,平安银行,2009-03-31 00:00:00,一季报,2009一季报,CNY,421.21,,,,,,,121.72,121.72,,22.58,,22.58,,,,54.62,,,,,12.45,,0.0,632.57,358.56,,111.49,,,,,6.0,6.0,,75.29,,75.29,,,30.75,,,10.27,8.02,0.05,0.42,4.65,0.0,605.51,,0.0,27.06,214.29,3.32,,0.14,,,,0.0,217.75,242.04,0.85,,,,0.0,242.89,,0.0,-25.14,,,,,,,,,,,,,,,2.54,,,0.0,2.54,,0.0,-2.54,,,0.0,-0.62,371.24,0.0,370.63,,,,,,,,,,,,,,,,,,,,,,,,,,,,,,,,,
000001.SZ,平安银行,2008-12-31 00:00:00,年报,2008年报,CNY,829.11,,,,,,,275.29,50.8,224.49,,,,,,,246.91,,,,,20.58,1.67,0.0,1373.57,736.38,,147.83,,,,,27.39,20.9,6.49,,,,,,128.13,,,23.63,18.21,5.82,42.74,,0.0,1130.14,,0.0,243.43,1047.01,15.1,,0.43,0.61,,,0.0,1063.15,1336.91,8.38,,,,0.0,1345.29,,0.0,-282.14,80.0,,,26.02,,,,,,0.0,106.02,,,0.22,1.02,,0.38,0.0,1.62,,0.0,104.41,,,0.0,65.69,305.55,0.0,371.24,6.14,73.34,,,0.3,2.12,2.12,0.99,0.21,0.78,0.0,-0.81,0.3,-26.94,3.25,-8.39,-8.3,-0.09,,-905.48,1102.29,,-3.69,0.0,243.43,,9.82,10.62,361.43,294.93,0.0,65.69,
000001.SZ,平安银行,2008-09-30 00:00:00,三季报,2008三季报,CNY,760.32,,,,,,,7.8,7.8,,75.3,,75.3,,,,181.21,,,,,18.42,,0.0,1043.05,392.5,,81.75,,,,,8.39,8.39,,7.21,,7.21,,,92.15,,,18.12,13.42,,34.06,,0.0,647.6,,0.0,395.46,1000.65,14.39,,0.18,,,,0.0,1015.22,1311.88,4.78,,,,0.0,1316.66,,0.0,-301.44,64.81,,,18.05,,,,,,0.0,82.86,,,,0.15,,0.09,0.0,0.24,,0.0,82.62,,,0.0,176.64,305.55,0.0,482.2,,,,,,,,,,,,,,,,,,,,,,,,,,,,,,,,,
000001.SZ,平安银行,2008-06-30 00:00:00,中报,2008中报,CNY,818.96,,,,,,,,,,,,,,,,125.39,,,,,20.79,,0.0,965.14,262.87,,141.25,,,,,295.62,57.27,238.35,62.8,10.0,52.8,,,60.28,,,12.68,9.56,,27.21,,0.0,872.27,,0.0,92.87,479.38,3.57,,0.13,,,,0.0,483.08,624.18,0.99,,,,0.0,625.17,,0.0,-142.09,64.81,,,12.74,,,,,,0.0,77.55,,0.07,,0.07,,0.09,0.0,0.17,,0.0,77.38,,,0.0,28.16,305.55,0.0,333.72,21.44,12.14,,,0.13,1.03,,0.48,0.1,0.38,-0.01,-0.58,0.03,-8.44,1.1,4.37,3.25,1.11,,-723.41,786.57,,-1.96,0.0,92.87,,11.34,10.62,322.38,294.93,0.0,28.16,
000001.SZ,平安银行,2007-12-31 00:00:00,年报,2007年报,CNY,643.9,,,,,,,14.93,,,,,,,,,166.86,,,,,12.16,157.27,,995.12,420.84,,155.82,,,,,,,,,,,,,78.0,,,18.2,17.85,,21.11,112.8,,824.61,,,170.52,1113.71,6.81,,1.28,,,,,1121.8,1235.4,3.72,,,,,1239.12,,,-117.32,,,,,,,,,31.36,,31.36,,,,0.21,,0.13,,0.34,,,31.02,,,,84.22,221.33,,305.55,,,,,,,,,,,,,,,,,,,,,,,,,,,,,,,,,
000001.SZ,平安银行,2007-09-30 00:00:00,三季报,2007三季报,CNY,645.19,,,,,,,-6.88,,,,,,,,,113.69,,,,,98.63,92.55,,850.63,329.69,,99.84,,,,,,,,,,,,,48.11,,,12.93,14.23,,139.99,499.82,0.0,644.79,,,205.84,722.26,8.74,,2.63,,,,,733.63,822.05,6.37,,,,,828.42,,,-94.79,,,,,,,,,,,,,,,0.13,,,,0.13,,,-0.13,,,0.0,110.92,221.33,,332.26,,,,,,,,,,,,,,,,,,,,,,,,,,,,,,,,,
000001.SZ,平安银行,2007-06-30 00:00:00,中报,2007中报,CNY,416.25,,,0.86,,,,14.6,,,,,,,,,70.04,,,,,2.19,64.14,,568.08,259.57,,63.3,,,,,,,,,,,,,28.02,,,9.23,9.17,,1.21,65.87,,436.37,,,131.71,566.0,5.47,,,,0.17,,,571.64,596.4,0.97,,,,,597.37,,,-25.73,,,,,,,,,,,,,,,0.13,,,,0.13,,,-0.13,,,,105.85,221.33,,327.18,,,,,,,,,,,,,,,,,,,,,,,,,,,,,,,,,
000001.SZ,平安银行,2007-03-31 00:00:00,一季报,2007一季报,CNY,201.75,,,36.39,,,,-37.37,,,,,,,,,31.46,,,,,50.91,264.12,-0.0,283.14,104.68,,,,,,,,,,,,,,,13.03,,,6.09,3.45,,118.7,292.0,-72.77,245.95,,0.0,37.19,265.43,1.46,,0.67,,,267.57,0.0,267.57,296.83,7.46,,,304.29,,304.29,,,-36.73,,,,,,,,,,,,,,,,,,,,,,,,,-0.0,0.47,180.08,,180.54,,,,,,,,,,,,,,,,,,,,,,,,,,,,,,,,,
000001.SZ,平安银行,2006-12-31 00:00:00,年报,2006年报,CNY,369.91,,,,,,,11.32,,,,,,,,,109.89,,,,,3.04,11.39,,494.16,271.63,,26.75,,,,,,,,,,,,,50.23,,,12.67,11.7,,6.11,314.32,,379.1,,,115.06,500.23,7.35,,3.64,,,507.58,,511.22,597.22,2.19,,,597.22,,599.41,,,-88.19,,,,,,,,,,,,,,,0.01,,0.01,,0.01,,,-0.01,,,,26.85,194.48,,221.33,,,,,,,,,,,,,,,,,,,,,,,,,,,,,,,,,
000001.SZ,平安银行,2006-09-30 00:00:00,三季报,2006三季报,CNY,212.87,,,,,,,0.18,,,,,,,,,75.05,,,,,19.62,0.0,,308.44,199.51,,4.69,,,,,,,,,,,,,36.2,,,8.72,,,17.85,-21.07,,245.9,,,62.54,,,,3.05,,,12.84,,15.89,,0.64,,-1.51,100.38,-0.0,99.51,,,-83.61,,,,,,,,,,,,,,,,,,,,,,,-0.27,,-0.0,-21.35,,,,,,,,,,,,,,,,,,,,,,,,,,,,,,,,,,,,
000001.SZ,平安银行,2006-06-30 00:00:00,中报,2006中报,CNY,83.15,,,,,,,,,,,,,,,,48.19,,,,,115.33,160.92,,246.67,200.67,,-8.89,,,,,,,,,,,,,23.09,,,5.79,7.43,,7.57,-1.64,,234.03,,,12.64,404.72,3.3,,3.1,,3.1,10.2,,411.13,487.86,0.98,,2.02,88.02,,488.84,,,-77.71,,,,,,,,,,,,,,,,,,,,,,,-0.13,,,-65.19,256.32,,191.13,,,,,,,,,,,,,,,,,,,,,,,,,,,,,,,,,
000001.SZ,平安银行,2006-03-31 00:00:00,一季报,2006一季报,CNY,,,,,,,,,,,,,,,,,,,,,,5.48,,,144.78,,,,,,,,,,,,,,,,,,,3.04,1.7,,3.46,,,8.15,,,136.63,209.46,,,,,,,,211.19,339.28,0.36,,,,,339.64,,,-128.45,,,,,,,,,,,,,,,,,,,,,,,0.01,,,8.17,,,,,,,,,,,,,,,,,,,,,,,,,,,,,,,,,,,,
000001.SZ,平安银行,2005-12-31 00:00:00,年报,2005年报,CNY,367.51,,1953161626.0,,,,,-130.51,-130.51,,,,,,,,79.7,79.7,3.07,,0.04,16.96,26.69,0.0,490.86,307.06,,22.95,,2295155563.0,,,-26.66,-26.66,,,,,,,36.63,36.63,0.68,10.41,8.49,,17.67,130.51,0.0,533.72,,0.0,-42.86,81.4,,,,,,96.43,0.0,96.43,6.23,8.73,,,6.23,0.0,14.96,,0.0,81.47,,,,,,,,,,,,,,,0.0,,0.0,0.0,0.0,,0.0,-0.0,-0.43,6.49,0.0,38.19,156.29,-38.19,194.48,3.52,18.07,,,,3.3,3.3,0.51,0.32,0.2,,,,-8.25,,-2.12,,,,-309.19,250.92,,0.38,0.0,-42.86,,7.88,7.03,186.6,149.26,0.0,38.19,
000001.SZ,平安银行,2005-09-30 00:00:00,三季报,2005三季报,CNY,14.32,,1431586725.0,,,,,-126.02,-126.02,,,,,,,,60.72,58.69,2.03,,0.01,11.52,364.36,0.0,324.9,,,85.15,,8514822355.0,,,-29.4,-29.4,,,,,,,25.05,24.58,0.47,7.39,7.01,,11.47,257.86,0.0,364.53,,0.0,-39.63,648.08,,,,,,6.04,0.0,654.13,596.09,1.0,,,,0.0,597.09,,0.0,57.04,,,,,,,,,,,,,,,0.0,,,0.0,0.0,,0.0,-0.0,-0.36,-0.12,0.0,16.92,,-16.92,,,,,,,,,,,,,,,,,,,,,,,,,,,,,,,,,,
000001.SZ,平安银行,2005-06-30 00:00:00,中报,2005中报,CNY,,,,,,,,,,,,,,,,,,,,,,13.02,,,170.6,,,,,,,,,,,,,,,,,,,4.93,5.71,,4.44,,,184.21,,,-13.61,467.85,,,,,,,,471.73,417.64,0.63,,,,,418.27,,,53.46,,,,,,,,,,,,,,,0.0,,,,0.0,,,-0.0,,,,39.64,,,,,,,,,,,,,,,,,,,,,,,,,,,,,,,,,,,,
000001.SZ,平安银行,2005-03-31 00:00:00,一季报,2005一季报,CNY,,,,,,,,,,,,,,,,,,,,,,10.62,,,9.85,,,,,,,,,,,,,,,,,,,2.26,2.19,,2.22,,,28.96,,,-19.11,118.78,,,0.01,,,,,123.41,101.86,1.89,,,,,103.75,,,19.66,,,,,,,,,,,,,,,0.0,,,,0.0,,,-0.0,,,,0.55,,,,,,,,,,,,,,,,,,,,,,,,,,,,,,,,,,,,
000001.SZ,平安银行,2004-12-31 00:00:00,年报,2004年报,CNY,221.57,,,,,,,-192.39,,,,,,,,,44.32,,,,,7.33,,,80.83,-51.26,,19.83,,,,,,,,,,,,,,,,8.64,5.26,,27.9,,,10.38,,,70.46,222.62,67.31,,0.58,,,,,290.52,392.94,2.46,,,,,395.39,,,-104.88,,,,,,,,,,,,,,,0.39,,,,0.39,,,-0.39,-0.0,0.04,,-34.77,,,,,,,,,,,,,,,,,,,,,,,,,,,,,,,,,,,,
000001.SZ,平安银行,2004-09-30 00:00:00,三季报,2004三季报,CNY,,,,,,,,,,,,,,,,,,,,,,16.48,,,185.48,,,,,,,,,,,,,,,,,,,6.52,3.84,,8.38,,,226.8,,,-41.32,238.19,,,0.39,,,,,243.37,287.04,1.72,,,,,288.76,,,-45.4,,,,,,,,,,,,,,,0.38,,,,0.38,,,-0.38,-0.0,,,-87.09,,,,,,,,,,,,,,,,,,,,,,,,,,,,,,,,,,,,
000001.SZ,平安银行,2004-06-30 00:00:00,中报,2004中报,CNY,,,,,,,,,,,,,,,,,,,,,,11.47,,,176.24,,,,,,,,,,,,,,,,,,,4.45,3.21,,5.01,,,205.14,,,-28.89,159.65,,,0.39,,,,,163.21,190.79,1.34,,,,,192.13,,,-28.91,,,,,,,,,,,,,,,0.07,,,,0.07,,,-0.07,-0.0,,,-57.87,,,,,,,,,,,,,,,,,,,,,,,,,,,,,,,,,,,,
000001.SZ,平安银行,2004-03-31 00:00:00,一季报,2004一季报,CNY,,,,,,,,,,,,,,,,,,,,,,11.37,,,233.12,,,,,,,,,,,,,,,,,,,2.54,0.38,,4.71,,,202.09,,,31.03,23.37,,,0.84,,,,,24.95,51.35,1.68,,,,,53.04,,,-28.08,,,,,,,,,,,,,,,0.07,,,,0.07,,,-0.07,-0.01,,,2.87,,,,,,,,,,,,,,,,,,,,,,,,,,,,,,,,,,,,
000001.SZ,平安银行,2003-12-31 00:00:00,年报,2003年报,CNY,294.55,,,,,,,-93.03,,,,,,,,,30.61,,,,,2.9,,,235.03,203.35,,27.88,,,,,,,,,,,,,,,,8.07,3.86,,8.55,,,251.72,,,-16.69,402.27,7.2,,0.1,,,,,409.57,428.27,4.86,,,,,433.13,,,-23.57,,,,,,,,,,,,,,,2.68,,,,2.68,,,-2.68,-0.0,,,-42.93,,,,,,,,,,,,,,,,,,,,,,,,,,,,,,,,,,,,
000001.SZ,平安银行,2003-09-30 00:00:00,三季报,2003三季报,CNY,,,,,,,,,,,,,,,,,,,,,,11.29,,,439.8,,,,,,,,,,,,,,,,,,,6.24,4.17,,8.61,,,513.32,,,-73.52,39.22,,,0.07,,,,,44.79,55.08,2.16,,,,,57.24,,,-12.44,,,,,,,,,,,,,,,1.95,,,,1.95,,,-1.95,0.02,,,-87.9,,,,,,,,,,,,,,,,,,,,,,,,,,,,,,,,,,,,
000001.SZ,平安银行,2003-06-30 00:00:00,中报,2003中报,CNY,,,,,,,,,,,,,,,,,,,,,,18.58,,,215.29,,,,,,,,,,,,,,,,,,,4.61,3.42,,5.13,,,254.08,,,-38.78,39.22,,,0.07,,,,,43.21,62.5,1.2,,,,,63.7,,,-20.49,,,,,,,,,,,,,,,0.01,,,,0.01,,,-0.01,0.0,,,-59.28,,,,,,,,,,,,,,,,,,,,,,,,,,,,,,,,,,,,
000001.SZ,平安银行,2003-03-31 00:00:00,一季报,2003一季报,CNY,,,,,,,,,,,,,,,,,,,,,,13.17,,,-22.81,,,,,,,,,,,,,,,,,,,2.09,1.58,,5.54,,,66.34,,,-89.15,28.25,,,0.01,,,,,29.63,36.04,1.05,,,,,37.08,,,-7.45,,,,,,,,,,,,,,,0.0,,,,0.0,,,-0.0,-0.0,,,-96.61,,,,,,,,,,,,,,,,,,,,,,,,,,,,,,,,,,,,
000001.SZ,平安银行,2002-12-31 00:00:00,年报,2002年报,CNY,264.21,,,,,,,246.24,,,,,,,,,29.72,,,,,2.26,,,542.44,426.78,,12.32,,,,,,,,,,,,,,,,7.59,4.89,,5.41,,,457.0,,,85.44,108.21,5.55,,0.29,,,,,114.05,176.3,5.95,,,,,182.25,,,-68.2,,,,,,,,,,,,,,,2.76,,,,2.76,,,-2.76,-0.0,,,14.48,,,,,,,,,,,,,,,,,,,,,,,,,,,,,,,,,,,,
000001.SZ,平安银行,2002-06-30 00:00:00,中报,2002中报,CNY,,,,,,,,,,,,,,,,,,,,,,7.17,,,230.1,,,,,,,,,,,,,,,,,,,3.27,2.0,,4.19,,,333.85,,,-103.75,24.06,,,0.16,,,,,27.43,63.81,2.65,,,,,66.47,,,-39.04,,,,,,,,,,,,,,,,,,,,,,,0.0,,,-142.78,,,,,,,,,,,,,,,,,,,,,,,,,,,,,,,,,,,,
000001.SZ,平安银行,2001-12-31 00:00:00,年报,2001年报,CNY,398.34,,4432088901.0,,,,,66.64,84.06,,,,,,,,22.28,37.45,0.8,,,0.09,394.3,0.0,487.35,322.83,,5.21,,520556979.0,,,17.42,17.42,,,,,,,15.96,15.79,0.17,4.95,2.98,,4.96,363.11,0.0,340.93,,0.0,146.42,24.86,4.42,0.27,0.06,,,4.15,0.0,29.34,80.88,7.0,,,,0.0,87.88,,0.0,-58.53,,,,,,,,,,,,,,,0.01,,,0.0,0.01,,0.0,-0.01,-0.0,,0.0,87.87,,-87.87,,,,,,,,,,,,,,,,,,,,,,,,,,,,,,,,,,
000001.SZ,平安银行,2001-06-30 00:00:00,中报,2001中报,CNY,,,,,,,,,,,,,,,,,,,,,,4.39,,,649.88,,,,,,,,,,,,,,,,,,,1.88,1.57,,4.78,,,637.57,,,12.3,15.75,,,0.0,,,,,18.15,17.93,6.04,,,,,23.97,,,-5.82,,,,,,,,,,,,,,,0.01,,,,0.01,,,-0.01,-0.0,,,6.46,,,,,,,,,,,,,,,,,,,,,,,,,,,,,,,,,,,,
000001.SZ,平安银行,2000-12-31 00:00:00,年报,2000年报,CNY,185.01,,,,,,,-26.76,,,,,,,,,13.84,,,,,0.5,,,172.58,112.54,,33.11,,,,,,,,,,,,,,,,3.61,2.34,,5.07,,,156.67,,,15.91,13.89,2.67,,0.03,,,,,16.59,41.83,5.77,,,,,47.59,,,-31.0,,,,31.52,,,,,,,31.52,,,,2.64,,0.61,,3.25,,,28.27,-0.0,,,13.18,,,,,,,,,,,,,,,,,,,,,,,,,,,,,,,,,,,,
000001.SZ,平安银行,2000-06-30 00:00:00,中报,2000中报,CNY,,,,,,,,,,,,,,,,,,,,,,0.23,,,200.12,,,,,,,,,,,,,,,,,,,1.84,1.11,,1.21,,,198.34,,,1.77,1.84,,,0.02,,,,,3.08,17.55,2.85,,,,,20.4,,,-17.32,,,,,,,,,,,0.8,0.75,,,1.33,,,,1.33,,,-1.33,-0.0,,,-16.88,,,,,,,,,,,,,,,,,,,,,,,,,,,,,,,,,,,,
000001.SZ,平安银行,1999-12-31 00:00:00,年报,1999年报,CNY,65.8,,,,,,,0.86,,,,,,,,,8.98,,,,,0.72,10.02,,331.19,26.49,,,,,,,,,,,,,,,,,,1.92,2.66,,6.56,5.08,,285.19,,,46.0,7.24,0.58,,0.0,,,,,7.82,18.78,3.45,,,,,22.23,,,-14.4,,,,,,,,,,,,0.6,,,5.24,,,,5.24,,,-5.24,0.0,,,26.35,,,,,,,,,,,,,,,,,,,,,,,,,,,,,,,,,,,,
000001.SZ,平安银行,1999-06-30 00:00:00,中报,1999中报,CNY,,,,,,,,,,,,,,,,,,,,,,0.84,,,114.06,,,,,,,,,,,,,,,,,,,1.72,1.56,,2.04,,,128.97,,,-14.91,0.51,,,,,0.0,,,0.51,3.95,1.16,,,,,5.11,,,-4.6,,,,,,,,,,,,0.25,,,0.01,,,,0.26,,,-0.26,-0.0,,,-19.76,,,,,,,,,,,,,,,,,,,,,,,,,,,,,,,,,,,,
000001.SZ,平安银行,1998-12-31 00:00:00,年报,1998年报,CNY,61.33,,,-10.69,,,,4.96,,,,,,,,,13.67,,,,,0.62,12.71,,313.57,48.34,,,,,,,,,,,,,,,,,,2.77,3.5,,0.59,4.49,,289.12,,,24.45,6.13,0.02,,-0.0,,0.0,,,6.15,23.64,3.19,,,,,26.82,,,-20.67,,,,,,,,,0.56,,0.56,1.59,,,0.05,,,,1.64,,,-1.08,0.0,,,2.7,,,,,,,,,,,,,,,,,,,,,,,,,,,,,,,,,,,,
000001.SZ,平安银行,1998-06-30 00:00:00,中报,1998中报,CNY,26.18,25.26,91541643.69,13.36,,,,,,,,,,,,,9.58,9.49,0.09,,,1.92,5.77,0.0,56.81,29.82,,,,,,,,,,,,,,,4.91,4.91,,1.58,0.7,,1.06,2.93,0.0,40.99,,0.0,15.82,0.01,0.01,0.01,0.0,,0.0,,0.0,0.02,11.99,1.68,,,,0.0,13.67,,0.0,-13.65,,,,,,,,,0.37,0.0,0.37,,,,0.0,,,0.0,0.0,,0.0,0.37,0.0,,0.0,2.54,,-2.54,,,,,,,,,,,,,,,,,,,,,,,,,,,,,,,,,,
