SECUCODE,SECURITY_CODE,SECURITY_NAME_ABBR,ORG_CODE,REPORT_DATE,DATE_TYPE_CODE,FISCAL_YEAR,START_DATE,STD_ITEM_CODE,STD_ITEM_NAME,AMOUNT
00001.HK,00001,长和,10434094,2024-12-31 00:00:00,001,12-31,2024-01-01 00:00:00,004001001,营业额,260542280040.0
00001.HK,00001,长和,10434094,2024-12-31 00:00:00,001,12-31,2024-01-01 00:00:00,004001999,营运收入,260542280040.0
00001.HK,00001,长和,10434094,2024-12-31 00:00:00,001,12-31,2024-01-01 00:00:00,004005001,营运支出,98339891760.0
00001.HK,00001,长和,10434094,2024-12-31 00:00:00,001,12-31,2024-01-01 00:00:00,004005003,其他成本,14291575320.0
00001.HK,00001,长和,10434094,2024-12-31 00:00:00,001,12-31,2024-01-01 00:00:00,004007999,毛利,147910812960.0
00001.HK,00001,长和,10434094,2024-12-31 00:00:00,001,12-31,2024-01-01 00:00:00,004010001,其他收入,485244960.0
00001.HK,00001,长和,10434094,2024-12-31 00:00:00,001,12-31,2024-01-01 00:00:00,004010008,折旧与摊销,37467578400.0
00001.HK,00001,长和,10434094,2024-12-31 00:00:00,001,12-31,2024-01-01 00:00:00,004010009,薪金福利支出,38514929640.0
00001.HK,00001,长和,10434094,2024-12-31 00:00:00,001,12-31,2024-01-01 00:00:00,004010012,其他支出,48982885800.0
00001.HK,00001,长和,10434094,2024-12-31 00:00:00,001,12-31,2024-01-01 00:00:00,004010999,经营溢利,23430664080.0
00001.HK,00001,长和,10434094,2024-12-31 00:00:00,001,12-31,2024-01-01 00:00:00,004011201,融资成本,12401527680.0
00001.HK,00001,长和,10434094,2024-12-31 00:00:00,001,12-31,2024-01-01 00:00:00,004011202,应占联营公司溢利,6392454120.0
00001.HK,00001,长和,10434094,2024-12-31 00:00:00,001,12-31,2024-01-01 00:00:00,004011203,应占合营公司溢利,9035372280.0
00001.HK,00001,长和,10434094,2024-12-31 00:00:00,001,12-31,2024-01-01 00:00:00,004011999,除税前溢利,26456962800.0
00001.HK,00001,长和,10434094,2024-12-31 00:00:00,001,12-31,2024-01-01 00:00:00,004012001,税项,4368130680.0
00001.HK,00001,长和,10434094,2024-12-31 00:00:00,001,12-31,2024-01-01 00:00:00,004012002,持续经营业务税后利润,22088832120.0
00001.HK,00001,长和,10434094,2024-12-31 00:00:00,001,12-31,2024-01-01 00:00:00,004012999,除税后溢利,22088832120.0
00001.HK,00001,长和,10434094,2024-12-31 00:00:00,001,12-31,2024-01-01 00:00:00,004025001,少数股东损益,6264660600.0
00001.HK,00001,长和,10434094,2024-12-31 00:00:00,001,12-31,2024-01-01 00:00:00,004025002,股东应占溢利,15824171520.0
00001.HK,00001,长和,10434094,2024-12-31 00:00:00,001,12-31,2024-01-01 00:00:00,004027002,每股基本盈利,4.1301384
00001.HK,00001,长和,10434094,2024-12-31 00:00:00,001,12-31,2024-01-01 00:00:00,004030997,其他全面收益其他项目,-18406897080.0
00001.HK,00001,长和,10434094,2024-12-31 00:00:00,001,12-31,2024-01-01 00:00:00,004030999,其他全面收益,-18406897080.0
00001.HK,00001,长和,10434094,2024-12-31 00:00:00,001,12-31,2024-01-01 00:00:00,004039999,全面收益总额,3681935040.0
00001.HK,00001,长和,10434094,2024-12-31 00:00:00,001,12-31,2024-01-01 00:00:00,004040001,非控股权益应占全面收益总额,3847696200.0
00001.HK,00001,长和,10434094,2024-12-31 00:00:00,001,12-31,2024-01-01 00:00:00,004040002,本公司拥有人应占全面收益总额,-165761160.0
00001.HK,00001,长和,10434094,2024-12-31 00:00:00,001,12-31,2024-01-01 00:00:00,004099999,非运算项目,-112631467080.0
00001.HK,00001,长和,10434094,2023-12-31 00:00:00,001,12-31,2023-01-01 00:00:00,004001001,营业额,249731576500.0
00001.HK,00001,长和,10434094,2023-12-31 00:00:00,001,12-31,2023-01-01 00:00:00,004001999,营运收入,249731576500.0
00001.HK,00001,长和,10434094,2023-12-31 00:00:00,001,12-31,2023-01-01 00:00:00,004005001,营运支出,95822796580.0
00001.HK,00001,长和,10434094,2023-12-31 00:00:00,001,12-31,2023-01-01 00:00:00,004005003,其他成本,13763669360.0
00001.HK,00001,长和,10434094,2023-12-31 00:00:00,001,12-31,2023-01-01 00:00:00,004007999,毛利,140145110560.0
00001.HK,00001,长和,10434094,2023-12-31 00:00:00,001,12-31,2023-01-01 00:00:00,004010001,其他收入,1873156740.0
00001.HK,00001,长和,10434094,2023-12-31 00:00:00,001,12-31,2023-01-01 00:00:00,004010008,折旧与摊销,36324016260.0
00001.HK,00001,长和,10434094,2023-12-31 00:00:00,001,12-31,2023-01-01 00:00:00,004010009,薪金福利支出,35547385720.0
00001.HK,00001,长和,10434094,2023-12-31 00:00:00,001,12-31,2023-01-01 00:00:00,004010012,其他支出,43584650900.0
00001.HK,00001,长和,10434094,2023-12-31 00:00:00,001,12-31,2023-01-01 00:00:00,004010999,经营溢利,26562214420.0
00001.HK,00001,长和,10434094,2023-12-31 00:00:00,001,12-31,2023-01-01 00:00:00,004011201,融资成本,11080351940.0
00001.HK,00001,长和,10434094,2023-12-31 00:00:00,001,12-31,2023-01-01 00:00:00,004011202,应占联营公司溢利,7374818360.0
00001.HK,00001,长和,10434094,2023-12-31 00:00:00,001,12-31,2023-01-01 00:00:00,004011203,应占合营公司溢利,7240697800.0
00001.HK,00001,长和,10434094,2023-12-31 00:00:00,001,12-31,2023-01-01 00:00:00,004011999,除税前溢利,30097378640.0
00001.HK,00001,长和,10434094,2023-12-31 00:00:00,001,12-31,2023-01-01 00:00:00,004012001,税项,2721378660.0
00001.HK,00001,长和,10434094,2023-12-31 00:00:00,001,12-31,2023-01-01 00:00:00,004012002,持续经营业务税后利润,27375999980.0
00001.HK,00001,长和,10434094,2023-12-31 00:00:00,001,12-31,2023-01-01 00:00:00,004012999,除税后溢利,27375999980.0
00001.HK,00001,长和,10434094,2023-12-31 00:00:00,001,12-31,2023-01-01 00:00:00,004025001,少数股东损益,6079829980.0
00001.HK,00001,长和,10434094,2023-12-31 00:00:00,001,12-31,2023-01-01 00:00:00,004025002,股东应占溢利,21296170000.0
00001.HK,00001,长和,10434094,2023-12-31 00:00:00,001,12-31,2023-01-01 00:00:00,004027002,每股基本盈利,5.5641908
00001.HK,00001,长和,10434094,2023-12-31 00:00:00,001,12-31,2023-01-01 00:00:00,004030997,其他全面收益其他项目,7931237440.0
00001.HK,00001,长和,10434094,2023-12-31 00:00:00,001,12-31,2023-01-01 00:00:00,004030999,其他全面收益,7931237440.0
00001.HK,00001,长和,10434094,2023-12-31 00:00:00,001,12-31,2023-01-01 00:00:00,004039999,全面收益总额,35307237420.0
00001.HK,00001,长和,10434094,2023-12-31 00:00:00,001,12-31,2023-01-01 00:00:00,004040001,非控股权益应占全面收益总额,6774900720.0
00001.HK,00001,长和,10434094,2023-12-31 00:00:00,001,12-31,2023-01-01 00:00:00,004040002,本公司拥有人应占全面收益总额,28532336700.0
00001.HK,00001,长和,10434094,2023-12-31 00:00:00,001,12-31,2023-01-01 00:00:00,004099999,非运算项目,-109586465940.0
00001.HK,00001,长和,10434094,2022-12-31 00:00:00,001,12-31,2022-01-01 00:00:00,004001001,营业额,234480695190.0
00001.HK,00001,长和,10434094,2022-12-31 00:00:00,001,12-31,2022-01-01 00:00:00,004001999,营运收入,234480695190.0
00001.HK,00001,长和,10434094,2022-12-31 00:00:00,001,12-31,2022-01-01 00:00:00,004005001,营运支出,90866997480.0
00001.HK,00001,长和,10434094,2022-12-31 00:00:00,001,12-31,2022-01-01 00:00:00,004005003,其他成本,12976533290.0
00001.HK,00001,长和,10434094,2022-12-31 00:00:00,001,12-31,2022-01-01 00:00:00,004007999,毛利,130637164420.0
00001.HK,00001,长和,10434094,2022-12-31 00:00:00,001,12-31,2022-01-01 00:00:00,004010001,其他收入,25172348600.0
00001.HK,00001,长和,10434094,2022-12-31 00:00:00,001,12-31,2022-01-01 00:00:00,004010008,折旧与摊销,35541426760.0
00001.HK,00001,长和,10434094,2022-12-31 00:00:00,001,12-31,2022-01-01 00:00:00,004010009,薪金福利支出,33202845900.0
00001.HK,00001,长和,10434094,2022-12-31 00:00:00,001,12-31,2022-01-01 00:00:00,004010012,其他支出,49779257290.0
00001.HK,00001,长和,10434094,2022-12-31 00:00:00,001,12-31,2022-01-01 00:00:00,004010999,经营溢利,37285983070.0
00001.HK,00001,长和,10434094,2022-12-31 00:00:00,001,12-31,2022-01-01 00:00:00,004011201,融资成本,8085880040.0
00001.HK,00001,长和,10434094,2022-12-31 00:00:00,001,12-31,2022-01-01 00:00:00,004011202,应占联营公司溢利,10560237940.0
00001.HK,00001,长和,10434094,2022-12-31 00:00:00,001,12-31,2022-01-01 00:00:00,004011203,应占合营公司溢利,6629849940.0
00001.HK,00001,长和,10434094,2022-12-31 00:00:00,001,12-31,2022-01-01 00:00:00,004011999,除税前溢利,46390190910.0
00001.HK,00001,长和,10434094,2022-12-31 00:00:00,001,12-31,2022-01-01 00:00:00,004012001,税项,7390915980.0
00001.HK,00001,长和,10434094,2022-12-31 00:00:00,001,12-31,2022-01-01 00:00:00,004012002,持续经营业务税后利润,38999274930.0
00001.HK,00001,长和,10434094,2022-12-31 00:00:00,001,12-31,2022-01-01 00:00:00,004012999,除税后溢利,38999274930.0
00001.HK,00001,长和,10434094,2022-12-31 00:00:00,001,12-31,2022-01-01 00:00:00,004025001,少数股东损益,6234131330.0
00001.HK,00001,长和,10434094,2022-12-31 00:00:00,001,12-31,2022-01-01 00:00:00,004025002,股东应占溢利,32765143600.0
00001.HK,00001,长和,10434094,2022-12-31 00:00:00,001,12-31,2022-01-01 00:00:00,004027002,每股基本盈利,8.5485939
00001.HK,00001,长和,10434094,2022-12-31 00:00:00,001,12-31,2022-01-01 00:00:00,004030997,其他全面收益其他项目,-14121705430.0
00001.HK,00001,长和,10434094,2022-12-31 00:00:00,001,12-31,2022-01-01 00:00:00,004030999,其他全面收益,-14121705430.0
00001.HK,00001,长和,10434094,2022-12-31 00:00:00,001,12-31,2022-01-01 00:00:00,004039999,全面收益总额,24877569500.0
00001.HK,00001,长和,10434094,2022-12-31 00:00:00,001,12-31,2022-01-01 00:00:00,004040001,非控股权益应占全面收益总额,5157740980.0
00001.HK,00001,长和,10434094,2022-12-31 00:00:00,001,12-31,2022-01-01 00:00:00,004040002,本公司拥有人应占全面收益总额,19719828520.0
00001.HK,00001,长和,10434094,2022-12-31 00:00:00,001,12-31,2022-01-01 00:00:00,004099999,非运算项目,-103843530770.0
00001.HK,00001,长和,10434094,2021-12-31 00:00:00,001,12-31,2021-01-01 00:00:00,004001001,营业额,229620507200.0
00001.HK,00001,长和,10434094,2021-12-31 00:00:00,001,12-31,2021-01-01 00:00:00,004001999,营运收入,229620507200.0
00001.HK,00001,长和,10434094,2021-12-31 00:00:00,001,12-31,2021-01-01 00:00:00,004005001,营运支出,85247881600.0
00001.HK,00001,长和,10434094,2021-12-31 00:00:00,001,12-31,2021-01-01 00:00:00,004005003,其他成本,13417633600.0
00001.HK,00001,长和,10434094,2021-12-31 00:00:00,001,12-31,2021-01-01 00:00:00,004007999,毛利,130954992000.0
00001.HK,00001,长和,10434094,2021-12-31 00:00:00,001,12-31,2021-01-01 00:00:00,004010001,其他收入,22488088000.0
00001.HK,00001,长和,10434094,2021-12-31 00:00:00,001,12-31,2021-01-01 00:00:00,004010008,折旧与摊销,37001305600.0
00001.HK,00001,长和,10434094,2021-12-31 00:00:00,001,12-31,2021-01-01 00:00:00,004010009,薪金福利支出,30628931200.0
00001.HK,00001,长和,10434094,2021-12-31 00:00:00,001,12-31,2021-01-01 00:00:00,004010012,其他支出,52128540800.0
00001.HK,00001,长和,10434094,2021-12-31 00:00:00,001,12-31,2021-01-01 00:00:00,004010999,经营溢利,33684302400.0
00001.HK,00001,长和,10434094,2021-12-31 00:00:00,001,12-31,2021-01-01 00:00:00,004011201,融资成本,8673100800.0
00001.HK,00001,长和,10434094,2021-12-31 00:00:00,001,12-31,2021-01-01 00:00:00,004011202,应占联营公司溢利,4675036800.0
00001.HK,00001,长和,10434094,2021-12-31 00:00:00,001,12-31,2021-01-01 00:00:00,004011203,应占合营公司溢利,5226916800.0
00001.HK,00001,长和,10434094,2021-12-31 00:00:00,001,12-31,2021-01-01 00:00:00,004011999,除税前溢利,34913155200.0
00001.HK,00001,长和,10434094,2021-12-31 00:00:00,001,12-31,2021-01-01 00:00:00,004012001,税项,1823248000.0
00001.HK,00001,长和,10434094,2021-12-31 00:00:00,001,12-31,2021-01-01 00:00:00,004012002,持续经营业务税后利润,33089907200.0
00001.HK,00001,长和,10434094,2021-12-31 00:00:00,001,12-31,2021-01-01 00:00:00,004012999,除税后溢利,33089907200.0
00001.HK,00001,长和,10434094,2021-12-31 00:00:00,001,12-31,2021-01-01 00:00:00,004025001,少数股东损益,5713388800.0
00001.HK,00001,长和,10434094,2021-12-31 00:00:00,001,12-31,2021-01-01 00:00:00,004025002,股东应占溢利,27376518400.0
00001.HK,00001,长和,10434094,2021-12-31 00:00:00,001,12-31,2021-01-01 00:00:00,004027002,每股基本盈利,7.11312
00001.HK,00001,长和,10434094,2021-12-31 00:00:00,001,12-31,2021-01-01 00:00:00,004030997,其他全面收益其他项目,-3274488000.0
00001.HK,00001,长和,10434094,2021-12-31 00:00:00,001,12-31,2021-01-01 00:00:00,004030999,其他全面收益,-3274488000.0
00001.HK,00001,长和,10434094,2021-12-31 00:00:00,001,12-31,2021-01-01 00:00:00,004039999,全面收益总额,29815419200.0
00001.HK,00001,长和,10434094,2021-12-31 00:00:00,001,12-31,2021-01-01 00:00:00,004040001,非控股权益应占全面收益总额,5521252800.0
00001.HK,00001,长和,10434094,2021-12-31 00:00:00,001,12-31,2021-01-01 00:00:00,004040002,本公司拥有人应占全面收益总额,24294166400.0
00001.HK,00001,长和,10434094,2021-12-31 00:00:00,001,12-31,2021-01-01 00:00:00,004099999,非运算项目,-98665515200.0
00001.HK,00001,长和,10434094,2020-12-31 00:00:00,001,12-31,2020-01-01 00:00:00,004001001,营业额,224209529440.0
00001.HK,00001,长和,10434094,2020-12-31 00:00:00,001,12-31,2020-01-01 00:00:00,004001999,营运收入,224209529440.0
00001.HK,00001,长和,10434094,2020-12-31 00:00:00,001,12-31,2020-01-01 00:00:00,004005001,营运支出,80417860360.0
00001.HK,00001,长和,10434094,2020-12-31 00:00:00,001,12-31,2020-01-01 00:00:00,004005003,其他成本,13770913680.0
00001.HK,00001,长和,10434094,2020-12-31 00:00:00,001,12-31,2020-01-01 00:00:00,004007999,毛利,130020755400.0
00001.HK,00001,长和,10434094,2020-12-31 00:00:00,001,12-31,2020-01-01 00:00:00,004010001,其他收入,26321449360.0
00001.HK,00001,长和,10434094,2020-12-31 00:00:00,001,12-31,2020-01-01 00:00:00,004010008,折旧与摊销,35061039120.0
00001.HK,00001,长和,10434094,2020-12-31 00:00:00,001,12-31,2020-01-01 00:00:00,004010009,薪金福利支出,29874011800.0
00001.HK,00001,长和,10434094,2020-12-31 00:00:00,001,12-31,2020-01-01 00:00:00,004010012,其他支出,35754550480.0
00001.HK,00001,长和,10434094,2020-12-31 00:00:00,001,12-31,2020-01-01 00:00:00,004010999,经营溢利,55652603360.0
00001.HK,00001,长和,10434094,2020-12-31 00:00:00,001,12-31,2020-01-01 00:00:00,004011201,融资成本,9131794000.0
00001.HK,00001,长和,10434094,2020-12-31 00:00:00,001,12-31,2020-01-01 00:00:00,004011202,应占联营公司溢利,-15594747560.0
00001.HK,00001,长和,10434094,2020-12-31 00:00:00,001,12-31,2020-01-01 00:00:00,004011203,应占合营公司溢利,4169484560.0
00001.HK,00001,长和,10434094,2020-12-31 00:00:00,001,12-31,2020-01-01 00:00:00,004011999,除税前溢利,35095546360.0
00001.HK,00001,长和,10434094,2020-12-31 00:00:00,001,12-31,2020-01-01 00:00:00,004012001,税项,3620735280.0
00001.HK,00001,长和,10434094,2020-12-31 00:00:00,001,12-31,2020-01-01 00:00:00,004012002,持续经营业务税后利润,31474811080.0
00001.HK,00001,长和,10434094,2020-12-31 00:00:00,001,12-31,2020-01-01 00:00:00,004012999,除税后溢利,31474811080.0
00001.HK,00001,长和,10434094,2020-12-31 00:00:00,001,12-31,2020-01-01 00:00:00,004025001,少数股东损益,6946896560.0
00001.HK,00001,长和,10434094,2020-12-31 00:00:00,001,12-31,2020-01-01 00:00:00,004025002,股东应占溢利,24527914520.0
00001.HK,00001,长和,10434094,2020-12-31 00:00:00,001,12-31,2020-01-01 00:00:00,004027002,每股基本盈利,6.3627984
00001.HK,00001,长和,10434094,2020-12-31 00:00:00,001,12-31,2020-01-01 00:00:00,004030997,其他全面收益其他项目,14575521520.0
00001.HK,00001,长和,10434094,2020-12-31 00:00:00,001,12-31,2020-01-01 00:00:00,004030999,其他全面收益,14575521520.0
00001.HK,00001,长和,10434094,2020-12-31 00:00:00,001,12-31,2020-01-01 00:00:00,004039999,全面收益总额,46050332600.0
00001.HK,00001,长和,10434094,2020-12-31 00:00:00,001,12-31,2020-01-01 00:00:00,004040001,非控股权益应占全面收益总额,8069644320.0
00001.HK,00001,长和,10434094,2020-12-31 00:00:00,001,12-31,2020-01-01 00:00:00,004040002,本公司拥有人应占全面收益总额,37980688280.0
00001.HK,00001,长和,10434094,2020-12-31 00:00:00,001,12-31,2020-01-01 00:00:00,004099999,非运算项目,-94188774040.0
00001.HK,00001,长和,10434094,2019-12-31 00:00:00,001,12-31,2019-01-01 00:00:00,004001001,营业额,267857031380.0
00001.HK,00001,长和,10434094,2019-12-31 00:00:00,001,12-31,2019-01-01 00:00:00,004001999,营运收入,267857031380.0
00001.HK,00001,长和,10434094,2019-12-31 00:00:00,001,12-31,2019-01-01 00:00:00,004005001,营运支出,94915953020.0
00001.HK,00001,长和,10434094,2019-12-31 00:00:00,001,12-31,2019-01-01 00:00:00,004005003,其他成本,15904573900.0
00001.HK,00001,长和,10434094,2019-12-31 00:00:00,001,12-31,2019-01-01 00:00:00,004007999,毛利,157036504460.0
00001.HK,00001,长和,10434094,2019-12-31 00:00:00,001,12-31,2019-01-01 00:00:00,004010001,其他收入,6532923540.0
00001.HK,00001,长和,10434094,2019-12-31 00:00:00,001,12-31,2019-01-01 00:00:00,004010008,折旧与摊销,34155195620.0
00001.HK,00001,长和,10434094,2019-12-31 00:00:00,001,12-31,2019-01-01 00:00:00,004010009,薪金福利支出,34002017240.0
00001.HK,00001,长和,10434094,2019-12-31 00:00:00,001,12-31,2019-01-01 00:00:00,004010012,其他支出,42405329420.0
00001.HK,00001,长和,10434094,2019-12-31 00:00:00,001,12-31,2019-01-01 00:00:00,004010999,经营溢利,53006885720.0
00001.HK,00001,长和,10434094,2019-12-31 00:00:00,001,12-31,2019-01-01 00:00:00,004011201,融资成本,12814132900.0
00001.HK,00001,长和,10434094,2019-12-31 00:00:00,001,12-31,2019-01-01 00:00:00,004011202,应占联营公司溢利,1365168720.0
00001.HK,00001,长和,10434094,2019-12-31 00:00:00,001,12-31,2019-01-01 00:00:00,004011203,应占合营公司溢利,6632355120.0
00001.HK,00001,长和,10434094,2019-12-31 00:00:00,001,12-31,2019-01-01 00:00:00,004011999,除税前溢利,48190276660.0
00001.HK,00001,长和,10434094,2019-12-31 00:00:00,001,12-31,2019-01-01 00:00:00,004012001,税项,5392595600.0
00001.HK,00001,长和,10434094,2019-12-31 00:00:00,001,12-31,2019-01-01 00:00:00,004012999,除税后溢利,42797681060.0
00001.HK,00001,长和,10434094,2019-12-31 00:00:00,001,12-31,2019-01-01 00:00:00,004025001,少数股东损益,7118763660.0
00001.HK,00001,长和,10434094,2019-12-31 00:00:00,001,12-31,2019-01-01 00:00:00,004025002,股东应占溢利,35678917400.0
00001.HK,00001,长和,10434094,2019-12-31 00:00:00,001,12-31,2019-01-01 00:00:00,004027002,每股基本盈利,9.2534074
00001.HK,00001,长和,10434094,2019-12-31 00:00:00,001,12-31,2019-01-01 00:00:00,004030997,其他全面收益其他项目,1633006940.0
00001.HK,00001,长和,10434094,2019-12-31 00:00:00,001,12-31,2019-01-01 00:00:00,004030999,其他全面收益,1633006940.0
00001.HK,00001,长和,10434094,2019-12-31 00:00:00,001,12-31,2019-01-01 00:00:00,004039999,全面收益总额,44430688000.0
00001.HK,00001,长和,10434094,2019-12-31 00:00:00,001,12-31,2019-01-01 00:00:00,004040001,非控股权益应占全面收益总额,6981709320.0
00001.HK,00001,长和,10434094,2019-12-31 00:00:00,001,12-31,2019-01-01 00:00:00,004040002,本公司拥有人应占全面收益总额,37448978680.0
00001.HK,00001,长和,10434094,2019-12-31 00:00:00,001,12-31,2019-01-01 00:00:00,004099999,非运算项目,61004409560.0
00001.HK,00001,长和,10434094,2018-12-31 00:00:00,001,12-31,2018-01-01 00:00:00,004001001,营业额,242820429800.0
00001.HK,00001,长和,10434094,2018-12-31 00:00:00,001,12-31,2018-01-01 00:00:00,004001999,营运收入,242820429800.0
00001.HK,00001,长和,10434094,2018-12-31 00:00:00,001,12-31,2018-01-01 00:00:00,004005001,营运支出,95999976800.0
00001.HK,00001,长和,10434094,2018-12-31 00:00:00,001,12-31,2018-01-01 00:00:00,004005003,其他成本,14127848800.0
00001.HK,00001,长和,10434094,2018-12-31 00:00:00,001,12-31,2018-01-01 00:00:00,004007999,毛利,132692604200.0
00001.HK,00001,长和,10434094,2018-12-31 00:00:00,001,12-31,2018-01-01 00:00:00,004010008,折旧与摊销,17295311800.0
00001.HK,00001,长和,10434094,2018-12-31 00:00:00,001,12-31,2018-01-01 00:00:00,004010009,薪金福利支出,31962023600.0
00001.HK,00001,长和,10434094,2018-12-31 00:00:00,001,12-31,2018-01-01 00:00:00,004010012,其他支出,43229079400.0
00001.HK,00001,长和,10434094,2018-12-31 00:00:00,001,12-31,2018-01-01 00:00:00,004010999,经营溢利,40206189400.0
00001.HK,00001,长和,10434094,2018-12-31 00:00:00,001,12-31,2018-01-01 00:00:00,004011201,融资成本,8584131400.0
00001.HK,00001,长和,10434094,2018-12-31 00:00:00,001,12-31,2018-01-01 00:00:00,004011202,应占联营公司溢利,2530465600.0
00001.HK,00001,长和,10434094,2018-12-31 00:00:00,001,12-31,2018-01-01 00:00:00,004011203,应占合营公司溢利,8954764000.0
00001.HK,00001,长和,10434094,2018-12-31 00:00:00,001,12-31,2018-01-01 00:00:00,004011999,除税前溢利,43107287600.0
00001.HK,00001,长和,10434094,2018-12-31 00:00:00,001,12-31,2018-01-01 00:00:00,004012001,税项,2293891600.0
00001.HK,00001,长和,10434094,2018-12-31 00:00:00,001,12-31,2018-01-01 00:00:00,004012999,除税后溢利,40813396000.0
00001.HK,00001,长和,10434094,2018-12-31 00:00:00,001,12-31,2018-01-01 00:00:00,004025001,少数股东损益,6641596000.0
00001.HK,00001,长和,10434094,2018-12-31 00:00:00,001,12-31,2018-01-01 00:00:00,004025002,股东应占溢利,34171800000.0
00001.HK,00001,长和,10434094,2018-12-31 00:00:00,001,12-31,2018-01-01 00:00:00,004027002,每股基本盈利,8.858382
00001.HK,00001,长和,10434094,2018-12-31 00:00:00,001,12-31,2018-01-01 00:00:00,004030997,其他全面收益其他项目,-13923694200.0
00001.HK,00001,长和,10434094,2018-12-31 00:00:00,001,12-31,2018-01-01 00:00:00,004030999,其他全面收益,-13923694200.0
00001.HK,00001,长和,10434094,2018-12-31 00:00:00,001,12-31,2018-01-01 00:00:00,004039999,全面收益总额,26889701800.0
00001.HK,00001,长和,10434094,2018-12-31 00:00:00,001,12-31,2018-01-01 00:00:00,004040001,非控股权益应占全面收益总额,4859405200.0
00001.HK,00001,长和,10434094,2018-12-31 00:00:00,001,12-31,2018-01-01 00:00:00,004040002,本公司拥有人应占全面收益总额,22030296600.0
00001.HK,00001,长和,10434094,2017-12-31 00:00:00,001,12-31,2017-01-01 00:00:00,004001001,营业额,207736173650.0
00001.HK,00001,长和,10434094,2017-12-31 00:00:00,001,12-31,2017-01-01 00:00:00,004001999,营运收入,207736173650.0
00001.HK,00001,长和,10434094,2017-12-31 00:00:00,001,12-31,2017-01-01 00:00:00,004005001,营运支出,84701088480.0
00001.HK,00001,长和,10434094,2017-12-31 00:00:00,001,12-31,2017-01-01 00:00:00,004005003,其他成本,13830130950.0
00001.HK,00001,长和,10434094,2017-12-31 00:00:00,001,12-31,2017-01-01 00:00:00,004007999,毛利,109204954220.0
00001.HK,00001,长和,10434094,2017-12-31 00:00:00,001,12-31,2017-01-01 00:00:00,004010008,折旧与摊销,14298240550.0
00001.HK,00001,长和,10434094,2017-12-31 00:00:00,001,12-31,2017-01-01 00:00:00,004010009,薪金福利支出,28063170520.0
00001.HK,00001,长和,10434094,2017-12-31 00:00:00,001,12-31,2017-01-01 00:00:00,004010012,其他支出,37256508700.0
00001.HK,00001,长和,10434094,2017-12-31 00:00:00,001,12-31,2017-01-01 00:00:00,004010999,经营溢利,29587034450.0
00001.HK,00001,长和,10434094,2017-12-31 00:00:00,001,12-31,2017-01-01 00:00:00,004011201,融资成本,6916319340.0
00001.HK,00001,长和,10434094,2017-12-31 00:00:00,001,12-31,2017-01-01 00:00:00,004011202,应占联营公司溢利,5681680270.0
00001.HK,00001,长和,10434094,2017-12-31 00:00:00,001,12-31,2017-01-01 00:00:00,004011203,应占合营公司溢利,10448875000.0
00001.HK,00001,长和,10434094,2017-12-31 00:00:00,001,12-31,2017-01-01 00:00:00,004011999,除税前溢利,38801270380.0
00001.HK,00001,长和,10434094,2017-12-31 00:00:00,001,12-31,2017-01-01 00:00:00,004012001,税项,2353922560.0
00001.HK,00001,长和,10434094,2017-12-31 00:00:00,001,12-31,2017-01-01 00:00:00,004012999,除税后溢利,36447347820.0
00001.HK,00001,长和,10434094,2017-12-31 00:00:00,001,12-31,2017-01-01 00:00:00,004025001,少数股东损益,7106906820.0
00001.HK,00001,长和,10434094,2017-12-31 00:00:00,001,12-31,2017-01-01 00:00:00,004025002,股东应占溢利,29340441000.0
00001.HK,00001,长和,10434094,2017-12-31 00:00:00,001,12-31,2017-01-01 00:00:00,004027002,每股基本盈利,7.606781
00001.HK,00001,长和,10434094,2017-12-31 00:00:00,001,12-31,2017-01-01 00:00:00,004030997,其他全面收益其他项目,12480972210.0
00001.HK,00001,长和,10434094,2017-12-31 00:00:00,001,12-31,2017-01-01 00:00:00,004030999,其他全面收益,12480972210.0
00001.HK,00001,长和,10434094,2017-12-31 00:00:00,001,12-31,2017-01-01 00:00:00,004039999,全面收益总额,48928320030.0
00001.HK,00001,长和,10434094,2017-12-31 00:00:00,001,12-31,2017-01-01 00:00:00,004040001,非控股权益应占全面收益总额,9795193380.0
00001.HK,00001,长和,10434094,2017-12-31 00:00:00,001,12-31,2017-01-01 00:00:00,004040002,本公司拥有人应占全面收益总额,39133126650.0
00001.HK,00001,长和,10434094,2016-12-31 00:00:00,001,12-31,2016-01-01 00:00:00,004001001,营业额,232431267420.0
00001.HK,00001,长和,10434094,2016-12-31 00:00:00,001,12-31,2016-01-01 00:00:00,004001999,营运收入,232431267420.0
00001.HK,00001,长和,10434094,2016-12-31 00:00:00,001,12-31,2016-01-01 00:00:00,004005001,营运支出,91189032930.0
00001.HK,00001,长和,10434094,2016-12-31 00:00:00,001,12-31,2016-01-01 00:00:00,004005003,其他成本,17147756700.0
00001.HK,00001,长和,10434094,2016-12-31 00:00:00,001,12-31,2016-01-01 00:00:00,004007999,毛利,124094477790.0
00001.HK,00001,长和,10434094,2016-12-31 00:00:00,001,12-31,2016-01-01 00:00:00,004010008,折旧与摊销,14324683140.0
00001.HK,00001,长和,10434094,2016-12-31 00:00:00,001,12-31,2016-01-01 00:00:00,004010009,薪金福利支出,29332771920.0
00001.HK,00001,长和,10434094,2016-12-31 00:00:00,001,12-31,2016-01-01 00:00:00,004010012,其他支出,47368777050.0
00001.HK,00001,长和,10434094,2016-12-31 00:00:00,001,12-31,2016-01-01 00:00:00,004010999,经营溢利,33068245680.0
00001.HK,00001,长和,10434094,2016-12-31 00:00:00,001,12-31,2016-01-01 00:00:00,004011201,融资成本,6367122180.0
00001.HK,00001,长和,10434094,2016-12-31 00:00:00,001,12-31,2016-01-01 00:00:00,004011202,应占联营公司溢利,5690872620.0
00001.HK,00001,长和,10434094,2016-12-31 00:00:00,001,12-31,2016-01-01 00:00:00,004011203,应占合营公司溢利,9169622010.0
00001.HK,00001,长和,10434094,2016-12-31 00:00:00,001,12-31,2016-01-01 00:00:00,004011999,除税前溢利,41561618130.0
00001.HK,00001,长和,10434094,2016-12-31 00:00:00,001,12-31,2016-01-01 00:00:00,004012001,税项,4070915010.0
00001.HK,00001,长和,10434094,2016-12-31 00:00:00,001,12-31,2016-01-01 00:00:00,004012999,除税后溢利,37490703120.0
00001.HK,00001,长和,10434094,2016-12-31 00:00:00,001,12-31,2016-01-01 00:00:00,004025001,少数股东损益,7964717040.0
00001.HK,00001,长和,10434094,2016-12-31 00:00:00,001,12-31,2016-01-01 00:00:00,004025002,股东应占溢利,29525986080.0
00001.HK,00001,长和,10434094,2016-12-31 00:00:00,001,12-31,2016-01-01 00:00:00,004027002,每股基本盈利,7.6480605
00001.HK,00001,长和,10434094,2016-12-31 00:00:00,001,12-31,2016-01-01 00:00:00,004030997,其他全面收益其他项目,-24925521150.0
00001.HK,00001,长和,10434094,2016-12-31 00:00:00,001,12-31,2016-01-01 00:00:00,004030999,其他全面收益,-24925521150.0
00001.HK,00001,长和,10434094,2016-12-31 00:00:00,001,12-31,2016-01-01 00:00:00,004039999,全面收益总额,12565181970.0
00001.HK,00001,长和,10434094,2016-12-31 00:00:00,001,12-31,2016-01-01 00:00:00,004040001,非控股权益应占全面收益总额,3101266170.0
00001.HK,00001,长和,10434094,2016-12-31 00:00:00,001,12-31,2016-01-01 00:00:00,004040002,本公司拥有人应占全面收益总额,9463915800.0
00001.HK,00001,长和,10434094,2015-12-31 00:00:00,001,12-31,2015-01-01 00:00:00,004001001,营业额,139708192800.0
00001.HK,00001,长和,10434094,2015-12-31 00:00:00,001,12-31,2015-01-01 00:00:00,004001999,营运收入,139708192800.0
00001.HK,00001,长和,10434094,2015-12-31 00:00:00,001,12-31,2015-01-01 00:00:00,004005001,营运支出,57172620540.0
00001.HK,00001,长和,10434094,2015-12-31 00:00:00,001,12-31,2015-01-01 00:00:00,004005003,其他成本,10358311920.0
00001.HK,00001,长和,10434094,2015-12-31 00:00:00,001,12-31,2015-01-01 00:00:00,004007999,毛利,72177260340.0
00001.HK,00001,长和,10434094,2015-12-31 00:00:00,001,12-31,2015-01-01 00:00:00,004010007,出售资产之溢利,11404699140.0
00001.HK,00001,长和,10434094,2015-12-31 00:00:00,001,12-31,2015-01-01 00:00:00,004010008,折旧与摊销,8057768040.0
00001.HK,00001,长和,10434094,2015-12-31 00:00:00,001,12-31,2015-01-01 00:00:00,004010009,薪金福利支出,16904724840.0
00001.HK,00001,长和,10434094,2015-12-31 00:00:00,001,12-31,2015-01-01 00:00:00,004010012,其他支出,26536681500.0
00001.HK,00001,长和,10434094,2015-12-31 00:00:00,001,12-31,2015-01-01 00:00:00,004010999,经营溢利,32082785100.0
00001.HK,00001,长和,10434094,2015-12-31 00:00:00,001,12-31,2015-01-01 00:00:00,004011201,融资成本,3744876600.0
00001.HK,00001,长和,10434094,2015-12-31 00:00:00,001,12-31,2015-01-01 00:00:00,004011202,应占联营公司溢利,6237272100.0
00001.HK,00001,长和,10434094,2015-12-31 00:00:00,001,12-31,2015-01-01 00:00:00,004011203,应占合营公司溢利,5183344860.0
00001.HK,00001,长和,10434094,2015-12-31 00:00:00,001,12-31,2015-01-01 00:00:00,004011997,溢利其他项目,-164204880.0
00001.HK,00001,长和,10434094,2015-12-31 00:00:00,001,12-31,2015-01-01 00:00:00,004011999,除税前溢利,39594320580.0
00001.HK,00001,长和,10434094,2015-12-31 00:00:00,001,12-31,2015-01-01 00:00:00,004012001,税项,2425373100.0
00001.HK,00001,长和,10434094,2015-12-31 00:00:00,001,12-31,2015-01-01 00:00:00,004012002,持续经营业务税后利润,37168947480.0
00001.HK,00001,长和,10434094,2015-12-31 00:00:00,001,12-31,2015-01-01 00:00:00,004012003,终止或非持续业务溢利,67453018920.0
00001.HK,00001,长和,10434094,2015-12-31 00:00:00,001,12-31,2015-01-01 00:00:00,004012999,除税后溢利,104621966400.0
00001.HK,00001,长和,10434094,2015-12-31 00:00:00,001,12-31,2015-01-01 00:00:00,004025001,少数股东损益,5286391800.0
00001.HK,00001,长和,10434094,2015-12-31 00:00:00,001,12-31,2015-01-01 00:00:00,004025002,股东应占溢利,99335574600.0
00001.HK,00001,长和,10434094,2015-12-31 00:00:00,001,12-31,2015-01-01 00:00:00,004027002,每股基本盈利,30.9224598
00001.HK,00001,长和,10434094,2015-12-31 00:00:00,001,12-31,2015-01-01 00:00:00,004030997,其他全面收益其他项目,-7102698840.0
00001.HK,00001,长和,10434094,2015-12-31 00:00:00,001,12-31,2015-01-01 00:00:00,004030999,其他全面收益,-7102698840.0
00001.HK,00001,长和,10434094,2015-12-31 00:00:00,001,12-31,2015-01-01 00:00:00,004039999,全面收益总额,97519267560.0
00001.HK,00001,长和,10434094,2015-12-31 00:00:00,001,12-31,2015-01-01 00:00:00,004040001,非控股权益应占全面收益总额,3057059220.0
00001.HK,00001,长和,10434094,2015-12-31 00:00:00,001,12-31,2015-01-01 00:00:00,004040002,本公司拥有人应占全面收益总额,94462208340.0
00001.HK,00001,长和,10434094,2014-12-31 00:00:00,001,12-31,2014-01-01 00:00:00,004001001,营业额,1232214940.0
00001.HK,00001,长和,10434094,2014-12-31 00:00:00,001,12-31,2014-01-01 00:00:00,004001999,营运收入,1232214940.0
00001.HK,00001,长和,10434094,2014-12-31 00:00:00,001,12-31,2014-01-01 00:00:00,004007999,毛利,1232214940.0
00001.HK,00001,长和,10434094,2014-12-31 00:00:00,001,12-31,2014-01-01 00:00:00,004010001,其他收入,422045450.0
00001.HK,00001,长和,10434094,2014-12-31 00:00:00,001,12-31,2014-01-01 00:00:00,004010008,折旧与摊销,84409090.0
00001.HK,00001,长和,10434094,2014-12-31 00:00:00,001,12-31,2014-01-01 00:00:00,004010009,薪金福利支出,780981300.0
00001.HK,00001,长和,10434094,2014-12-31 00:00:00,001,12-31,2014-01-01 00:00:00,004010999,经营溢利,788870000.0
00001.HK,00001,长和,10434094,2014-12-31 00:00:00,001,12-31,2014-01-01 00:00:00,004011201,融资成本,516709850.0
00001.HK,00001,长和,10434094,2014-12-31 00:00:00,001,12-31,2014-01-01 00:00:00,004011202,应占联营公司溢利,9414374580.0
00001.HK,00001,长和,10434094,2014-12-31 00:00:00,001,12-31,2014-01-01 00:00:00,004011203,应占合营公司溢利,1444420970.0
00001.HK,00001,长和,10434094,2014-12-31 00:00:00,001,12-31,2014-01-01 00:00:00,004011997,溢利其他项目,3960127400.0
00001.HK,00001,长和,10434094,2014-12-31 00:00:00,001,12-31,2014-01-01 00:00:00,004011999,除税前溢利,15091083100.0
00001.HK,00001,长和,10434094,2014-12-31 00:00:00,001,12-31,2014-01-01 00:00:00,004012001,税项,-240605350.0
00001.HK,00001,长和,10434094,2014-12-31 00:00:00,001,12-31,2014-01-01 00:00:00,004012002,持续经营业务税后利润,15331688450.0
00001.HK,00001,长和,10434094,2014-12-31 00:00:00,001,12-31,2014-01-01 00:00:00,004012003,终止或非持续业务溢利,27746924510.0
00001.HK,00001,长和,10434094,2014-12-31 00:00:00,001,12-31,2014-01-01 00:00:00,004012999,除税后溢利,43078612960.0
00001.HK,00001,长和,10434094,2014-12-31 00:00:00,001,12-31,2014-01-01 00:00:00,004025001,少数股东损益,582974930.0
00001.HK,00001,长和,10434094,2014-12-31 00:00:00,001,12-31,2014-01-01 00:00:00,004025002,股东应占溢利,42495638030.0
00001.HK,00001,长和,10434094,2014-12-31 00:00:00,001,12-31,2014-01-01 00:00:00,004027002,每股基本盈利,18.3491162
00001.HK,00001,长和,10434094,2014-12-31 00:00:00,001,12-31,2014-01-01 00:00:00,004030997,其他全面收益其他项目,-12223540650.0
00001.HK,00001,长和,10434094,2014-12-31 00:00:00,001,12-31,2014-01-01 00:00:00,004030999,其他全面收益,-12223540650.0
00001.HK,00001,长和,10434094,2014-12-31 00:00:00,001,12-31,2014-01-01 00:00:00,004039999,全面收益总额,30855072310.0
00001.HK,00001,长和,10434094,2014-12-31 00:00:00,001,12-31,2014-01-01 00:00:00,004040001,非控股权益应占全面收益总额,582186060.0
00001.HK,00001,长和,10434094,2014-12-31 00:00:00,001,12-31,2014-01-01 00:00:00,004040002,本公司拥有人应占全面收益总额,30272886250.0
00001.HK,00001,长和,10434094,2014-12-31 00:00:00,001,12-31,2014-01-01 00:00:00,004099999,非运算项目,73933685288.3491
00001.HK,00001,长和,10434094,2013-12-31 00:00:00,001,12-31,2013-01-01 00:00:00,004001001,营业额,13376130990.0
00001.HK,00001,长和,10434094,2013-12-31 00:00:00,001,12-31,2013-01-01 00:00:00,004001999,营运收入,13376130990.0
00001.HK,00001,长和,10434094,2013-12-31 00:00:00,001,12-31,2013-01-01 00:00:00,004005002,销售成本,6276474090.0
00001.HK,00001,长和,10434094,2013-12-31 00:00:00,001,12-31,2013-01-01 00:00:00,004007999,毛利,7099656900.0
00001.HK,00001,长和,10434094,2013-12-31 00:00:00,001,12-31,2013-01-01 00:00:00,004010001,其他收入,3512089410.0
00001.HK,00001,长和,10434094,2013-12-31 00:00:00,001,12-31,2013-01-01 00:00:00,004010002,其他收益,4537333330.0
00001.HK,00001,长和,10434094,2013-12-31 00:00:00,001,12-31,2013-01-01 00:00:00,004010006,重估盈余,1401061860.0
00001.HK,00001,长和,10434094,2013-12-31 00:00:00,001,12-31,2013-01-01 00:00:00,004010007,出售资产之溢利,2797406340.0
00001.HK,00001,长和,10434094,2013-12-31 00:00:00,001,12-31,2013-01-01 00:00:00,004010008,折旧与摊销,255524750.0
00001.HK,00001,长和,10434094,2013-12-31 00:00:00,001,12-31,2013-01-01 00:00:00,004010009,薪金福利支出,1265044070.0
00001.HK,00001,长和,10434094,2013-12-31 00:00:00,001,12-31,2013-01-01 00:00:00,004010011,营运利息支出,279897880.0
00001.HK,00001,长和,10434094,2013-12-31 00:00:00,001,12-31,2013-01-01 00:00:00,004010012,其他支出,371886790.0
00001.HK,00001,长和,10434094,2013-12-31 00:00:00,001,12-31,2013-01-01 00:00:00,004010999,经营溢利,17175194350.0
00001.HK,00001,长和,10434094,2013-12-31 00:00:00,001,12-31,2013-01-01 00:00:00,004011202,应占联营公司溢利,12303713270.0
00001.HK,00001,长和,10434094,2013-12-31 00:00:00,001,12-31,2013-01-01 00:00:00,004011999,除税前溢利,29478907620.0
00001.HK,00001,长和,10434094,2013-12-31 00:00:00,001,12-31,2013-01-01 00:00:00,004012001,税项,1196642060.0
00001.HK,00001,长和,10434094,2013-12-31 00:00:00,001,12-31,2013-01-01 00:00:00,004012002,持续经营业务税后利润,28282265560.0
00001.HK,00001,长和,10434094,2013-12-31 00:00:00,001,12-31,2013-01-01 00:00:00,004012999,除税后溢利,28282265560.0
00001.HK,00001,长和,10434094,2013-12-31 00:00:00,001,12-31,2013-01-01 00:00:00,004025001,少数股东损益,559795760.0
00001.HK,00001,长和,10434094,2013-12-31 00:00:00,001,12-31,2013-01-01 00:00:00,004025002,股东应占溢利,27722469800.0
00001.HK,00001,长和,10434094,2013-12-31 00:00:00,001,12-31,2013-01-01 00:00:00,004027002,每股基本盈利,11.9664206
00001.HK,00001,长和,10434094,2013-12-31 00:00:00,001,12-31,2013-01-01 00:00:00,004030997,其他全面收益其他项目,-772864090.0
00001.HK,00001,长和,10434094,2013-12-31 00:00:00,001,12-31,2013-01-01 00:00:00,004030999,其他全面收益,-772864090.0
00001.HK,00001,长和,10434094,2013-12-31 00:00:00,001,12-31,2013-01-01 00:00:00,004039999,全面收益总额,27509401470.0
00001.HK,00001,长和,10434094,2013-12-31 00:00:00,001,12-31,2013-01-01 00:00:00,004040001,非控股权益应占全面收益总额,564513140.0
00001.HK,00001,长和,10434094,2013-12-31 00:00:00,001,12-31,2013-01-01 00:00:00,004040002,本公司拥有人应占全面收益总额,26944888330.0
00001.HK,00001,长和,10434094,2013-12-31 00:00:00,001,12-31,2013-01-01 00:00:00,004099999,非运算项目,31415392110.0
00001.HK,00001,长和,10434094,2012-12-31 00:00:00,001,12-31,2012-01-01 00:00:00,004001001,营业额,15567509150.0
00001.HK,00001,长和,10434094,2012-12-31 00:00:00,001,12-31,2012-01-01 00:00:00,004001999,营运收入,15567509150.0
00001.HK,00001,长和,10434094,2012-12-31 00:00:00,001,12-31,2012-01-01 00:00:00,004005002,销售成本,7954438500.0
00001.HK,00001,长和,10434094,2012-12-31 00:00:00,001,12-31,2012-01-01 00:00:00,004007999,毛利,7613070650.0
00001.HK,00001,长和,10434094,2012-12-31 00:00:00,001,12-31,2012-01-01 00:00:00,004010001,其他收入,1767653000.0
00001.HK,00001,长和,10434094,2012-12-31 00:00:00,001,12-31,2012-01-01 00:00:00,004010002,其他收益,4862667450.0
00001.HK,00001,长和,10434094,2012-12-31 00:00:00,001,12-31,2012-01-01 00:00:00,004010006,重估盈余,3624499500.0
00001.HK,00001,长和,10434094,2012-12-31 00:00:00,001,12-31,2012-01-01 00:00:00,004010007,出售资产之溢利,1238167950.0
00001.HK,00001,长和,10434094,2012-12-31 00:00:00,001,12-31,2012-01-01 00:00:00,004010008,折旧与摊销,275689000.0
00001.HK,00001,长和,10434094,2012-12-31 00:00:00,001,12-31,2012-01-01 00:00:00,004010009,薪金福利支出,1303035950.0
00001.HK,00001,长和,10434094,2012-12-31 00:00:00,001,12-31,2012-01-01 00:00:00,004010011,营运利息支出,402181600.0
00001.HK,00001,长和,10434094,2012-12-31 00:00:00,001,12-31,2012-01-01 00:00:00,004010012,其他支出,402181600.0
00001.HK,00001,长和,10434094,2012-12-31 00:00:00,001,12-31,2012-01-01 00:00:00,004010999,经营溢利,16722970400.0
00001.HK,00001,长和,10434094,2012-12-31 00:00:00,001,12-31,2012-01-01 00:00:00,004011202,应占联营公司溢利,10555645300.0
00001.HK,00001,长和,10434094,2012-12-31 00:00:00,001,12-31,2012-01-01 00:00:00,004011999,除税前溢利,27278615700.0
00001.HK,00001,长和,10434094,2012-12-31 00:00:00,001,12-31,2012-01-01 00:00:00,004012001,税项,1000588900.0
00001.HK,00001,长和,10434094,2012-12-31 00:00:00,001,12-31,2012-01-01 00:00:00,004012002,持续经营业务税后利润,26278026800.0
00001.HK,00001,长和,10434094,2012-12-31 00:00:00,001,12-31,2012-01-01 00:00:00,004012999,除税后溢利,26278026800.0
00001.HK,00001,长和,10434094,2012-12-31 00:00:00,001,12-31,2012-01-01 00:00:00,004025001,少数股东损益,301636200.0
00001.HK,00001,长和,10434094,2012-12-31 00:00:00,001,12-31,2012-01-01 00:00:00,004025002,股东应占溢利,25976390600.0
00001.HK,00001,长和,10434094,2012-12-31 00:00:00,001,12-31,2012-01-01 00:00:00,004027002,每股基本盈利,11.2140555
00001.HK,00001,长和,10434094,2012-12-31 00:00:00,001,12-31,2012-01-01 00:00:00,004030997,其他全面收益其他项目,2755268300.0
00001.HK,00001,长和,10434094,2012-12-31 00:00:00,001,12-31,2012-01-01 00:00:00,004030999,其他全面收益,2755268300.0
00001.HK,00001,长和,10434094,2012-12-31 00:00:00,001,12-31,2012-01-01 00:00:00,004039999,全面收益总额,29033295100.0
00001.HK,00001,长和,10434094,2012-12-31 00:00:00,001,12-31,2012-01-01 00:00:00,004040001,非控股权益应占全面收益总额,302447050.0
00001.HK,00001,长和,10434094,2012-12-31 00:00:00,001,12-31,2012-01-01 00:00:00,004040002,本公司拥有人应占全面收益总额,28730848050.0
00001.HK,00001,长和,10434094,2012-12-31 00:00:00,001,12-31,2012-01-01 00:00:00,004099999,非运算项目,-7678749500.0
00001.HK,00001,长和,10434094,2011-12-31 00:00:00,001,12-31,2011-01-01 00:00:00,004001001,营业额,26729589700.0
00001.HK,00001,长和,10434094,2011-12-31 00:00:00,001,12-31,2011-01-01 00:00:00,004001999,营运收入,26729589700.0
00001.HK,00001,长和,10434094,2011-12-31 00:00:00,001,12-31,2011-01-01 00:00:00,004005002,销售成本,17154412000.0
00001.HK,00001,长和,10434094,2011-12-31 00:00:00,001,12-31,2011-01-01 00:00:00,004007999,毛利,9575177700.0
00001.HK,00001,长和,10434094,2011-12-31 00:00:00,001,12-31,2011-01-01 00:00:00,004010001,其他收入,1270366900.0
00001.HK,00001,长和,10434094,2011-12-31 00:00:00,001,12-31,2011-01-01 00:00:00,004010002,其他收益,4224557700.0
00001.HK,00001,长和,10434094,2011-12-31 00:00:00,001,12-31,2011-01-01 00:00:00,004010006,重估盈余,3250907000.0
00001.HK,00001,长和,10434094,2011-12-31 00:00:00,001,12-31,2011-01-01 00:00:00,004010008,折旧与摊销,324280000.0
00001.HK,00001,长和,10434094,2011-12-31 00:00:00,001,12-31,2011-01-01 00:00:00,004010009,薪金福利支出,1218482100.0
00001.HK,00001,长和,10434094,2011-12-31 00:00:00,001,12-31,2011-01-01 00:00:00,004010011,营运利息支出,301580400.0
00001.HK,00001,长和,10434094,2011-12-31 00:00:00,001,12-31,2011-01-01 00:00:00,004010012,其他支出,381029000.0
00001.HK,00001,长和,10434094,2011-12-31 00:00:00,001,12-31,2011-01-01 00:00:00,004010999,经营溢利,16095637800.0
00001.HK,00001,长和,10434094,2011-12-31 00:00:00,001,12-31,2011-01-01 00:00:00,004011202,应占联营公司溢利,22892546600.0
00001.HK,00001,长和,10434094,2011-12-31 00:00:00,001,12-31,2011-01-01 00:00:00,004011999,除税前溢利,38988184400.0
00001.HK,00001,长和,10434094,2011-12-31 00:00:00,001,12-31,2011-01-01 00:00:00,004012001,税项,1486013100.0
00001.HK,00001,长和,10434094,2011-12-31 00:00:00,001,12-31,2011-01-01 00:00:00,004012002,持续经营业务税后利润,37502171300.0
00001.HK,00001,长和,10434094,2011-12-31 00:00:00,001,12-31,2011-01-01 00:00:00,004012999,除税后溢利,37502171300.0
00001.HK,00001,长和,10434094,2011-12-31 00:00:00,001,12-31,2011-01-01 00:00:00,004025001,少数股东损益,165382800.0
00001.HK,00001,长和,10434094,2011-12-31 00:00:00,001,12-31,2011-01-01 00:00:00,004025002,股东应占溢利,37336788500.0
00001.HK,00001,长和,10434094,2011-12-31 00:00:00,001,12-31,2011-01-01 00:00:00,004027002,每股基本盈利,16.116716
00001.HK,00001,长和,10434094,2011-12-31 00:00:00,001,12-31,2011-01-01 00:00:00,004030997,其他全面收益其他项目,-1867852800.0
00001.HK,00001,长和,10434094,2011-12-31 00:00:00,001,12-31,2011-01-01 00:00:00,004030999,其他全面收益,-1867852800.0
00001.HK,00001,长和,10434094,2011-12-31 00:00:00,001,12-31,2011-01-01 00:00:00,004039999,全面收益总额,35634318500.0
00001.HK,00001,长和,10434094,2011-12-31 00:00:00,001,12-31,2011-01-01 00:00:00,004040001,非控股权益应占全面收益总额,170247000.0
00001.HK,00001,长和,10434094,2011-12-31 00:00:00,001,12-31,2011-01-01 00:00:00,004040002,本公司拥有人应占全面收益总额,35464071500.0
00001.HK,00001,长和,10434094,2011-12-31 00:00:00,001,12-31,2011-01-01 00:00:00,004099999,非运算项目,25121160900.0
00001.HK,00001,长和,10434094,2010-12-31 00:00:00,001,12-31,2010-01-01 00:00:00,004001001,营业额,20407854190.0
00001.HK,00001,长和,10434094,2010-12-31 00:00:00,001,12-31,2010-01-01 00:00:00,004001999,营运收入,20407854190.0
00001.HK,00001,长和,10434094,2010-12-31 00:00:00,001,12-31,2010-01-01 00:00:00,004005002,销售成本,12860105090.0
00001.HK,00001,长和,10434094,2010-12-31 00:00:00,001,12-31,2010-01-01 00:00:00,004007999,毛利,7547749100.0
00001.HK,00001,长和,10434094,2010-12-31 00:00:00,001,12-31,2010-01-01 00:00:00,004010001,其他收入,1113016440.0
00001.HK,00001,长和,10434094,2010-12-31 00:00:00,001,12-31,2010-01-01 00:00:00,004010002,其他收益,6967414840.0
00001.HK,00001,长和,10434094,2010-12-31 00:00:00,001,12-31,2010-01-01 00:00:00,004010006,重估盈余,1478065410.0
00001.HK,00001,长和,10434094,2010-12-31 00:00:00,001,12-31,2010-01-01 00:00:00,004010008,折旧与摊销,338670140.0
00001.HK,00001,长和,10434094,2010-12-31 00:00:00,001,12-31,2010-01-01 00:00:00,004010009,薪金福利支出,1067066220.0
00001.HK,00001,长和,10434094,2010-12-31 00:00:00,001,12-31,2010-01-01 00:00:00,004010011,营运利息支出,188906460.0
00001.HK,00001,长和,10434094,2010-12-31 00:00:00,001,12-31,2010-01-01 00:00:00,004010012,其他支出,285912480.0
00001.HK,00001,长和,10434094,2010-12-31 00:00:00,001,12-31,2010-01-01 00:00:00,004010999,经营溢利,15225690490.0
00001.HK,00001,长和,10434094,2010-12-31 00:00:00,001,12-31,2010-01-01 00:00:00,004011202,应占联营公司溢利,8771386440.0
00001.HK,00001,长和,10434094,2010-12-31 00:00:00,001,12-31,2010-01-01 00:00:00,004011999,除税前溢利,23997076930.0
00001.HK,00001,长和,10434094,2010-12-31 00:00:00,001,12-31,2010-01-01 00:00:00,004012001,税项,886669060.0
00001.HK,00001,长和,10434094,2010-12-31 00:00:00,001,12-31,2010-01-01 00:00:00,004012002,持续经营业务税后利润,23110407870.0
00001.HK,00001,长和,10434094,2010-12-31 00:00:00,001,12-31,2010-01-01 00:00:00,004012999,除税后溢利,23110407870.0
00001.HK,00001,长和,10434094,2010-12-31 00:00:00,001,12-31,2010-01-01 00:00:00,004025001,少数股东损益,274850390.0
00001.HK,00001,长和,10434094,2010-12-31 00:00:00,001,12-31,2010-01-01 00:00:00,004025002,股东应占溢利,22835557480.0
00001.HK,00001,长和,10434094,2010-12-31 00:00:00,001,12-31,2010-01-01 00:00:00,004027002,每股基本盈利,9.8622787
00001.HK,00001,长和,10434094,2010-12-31 00:00:00,001,12-31,2010-01-01 00:00:00,004030997,其他全面收益其他项目,2029468050.0
00001.HK,00001,长和,10434094,2010-12-31 00:00:00,001,12-31,2010-01-01 00:00:00,004030999,其他全面收益,2029468050.0
00001.HK,00001,长和,10434094,2010-12-31 00:00:00,001,12-31,2010-01-01 00:00:00,004039999,全面收益总额,25139875920.0
00001.HK,00001,长和,10434094,2010-12-31 00:00:00,001,12-31,2010-01-01 00:00:00,004040001,非控股权益应占全面收益总额,279955970.0
00001.HK,00001,长和,10434094,2010-12-31 00:00:00,001,12-31,2010-01-01 00:00:00,004040002,本公司拥有人应占全面收益总额,24859919950.0
00001.HK,00001,长和,10434094,2010-12-31 00:00:00,001,12-31,2010-01-01 00:00:00,004099999,非运算项目,22998936040.0
00001.HK,00001,长和,10434094,2009-12-31 00:00:00,001,12-31,2009-01-01 00:00:00,004001001,营业额,15586256960.0
00001.HK,00001,长和,10434094,2009-12-31 00:00:00,001,12-31,2009-01-01 00:00:00,004001999,营运收入,15586256960.0
00001.HK,00001,长和,10434094,2009-12-31 00:00:00,001,12-31,2009-01-01 00:00:00,004005002,销售成本,9081270720.0
00001.HK,00001,长和,10434094,2009-12-31 00:00:00,001,12-31,2009-01-01 00:00:00,004007999,毛利,6504986240.0
00001.HK,00001,长和,10434094,2009-12-31 00:00:00,001,12-31,2009-01-01 00:00:00,004010001,其他收入,2301574720.0
00001.HK,00001,长和,10434094,2009-12-31 00:00:00,001,12-31,2009-01-01 00:00:00,004010002,其他收益,2407232320.0
00001.HK,00001,长和,10434094,2009-12-31 00:00:00,001,12-31,2009-01-01 00:00:00,004010006,重估盈余,3396011360.0
00001.HK,00001,长和,10434094,2009-12-31 00:00:00,001,12-31,2009-01-01 00:00:00,004010008,折旧与摊销,307287520.0
00001.HK,00001,长和,10434094,2009-12-31 00:00:00,001,12-31,2009-01-01 00:00:00,004010009,薪金福利支出,908655360.0
00001.HK,00001,长和,10434094,2009-12-31 00:00:00,001,12-31,2009-01-01 00:00:00,004010011,营运利息支出,205151840.0
00001.HK,00001,长和,10434094,2009-12-31 00:00:00,001,12-31,2009-01-01 00:00:00,004010012,其他支出,284395040.0
00001.HK,00001,长和,10434094,2009-12-31 00:00:00,001,12-31,2009-01-01 00:00:00,004010999,经营溢利,12904314880.0
00001.HK,00001,长和,10434094,2009-12-31 00:00:00,001,12-31,2009-01-01 00:00:00,004011202,应占联营公司溢利,6188013440.0
00001.HK,00001,长和,10434094,2009-12-31 00:00:00,001,12-31,2009-01-01 00:00:00,004011999,除税前溢利,19092328320.0
00001.HK,00001,长和,10434094,2009-12-31 00:00:00,001,12-31,2009-01-01 00:00:00,004012001,税项,1447509120.0
00001.HK,00001,长和,10434094,2009-12-31 00:00:00,001,12-31,2009-01-01 00:00:00,004012002,持续经营业务税后利润,17644819200.0
00001.HK,00001,长和,10434094,2009-12-31 00:00:00,001,12-31,2009-01-01 00:00:00,004012999,除税后溢利,17644819200.0
00001.HK,00001,长和,10434094,2009-12-31 00:00:00,001,12-31,2009-01-01 00:00:00,004025001,少数股东损益,371562560.0
00001.HK,00001,长和,10434094,2009-12-31 00:00:00,001,12-31,2009-01-01 00:00:00,004025002,股东应占溢利,17273256640.0
00001.HK,00001,长和,10434094,2009-12-31 00:00:00,001,12-31,2009-01-01 00:00:00,004027002,每股基本盈利,7.4576656
00001.HK,00001,长和,10434094,2009-12-31 00:00:00,001,12-31,2009-01-01 00:00:00,004030997,其他全面收益其他项目,3747322880.0
00001.HK,00001,长和,10434094,2009-12-31 00:00:00,001,12-31,2009-01-01 00:00:00,004030999,其他全面收益,3747322880.0
00001.HK,00001,长和,10434094,2009-12-31 00:00:00,001,12-31,2009-01-01 00:00:00,004039999,全面收益总额,21392142080.0
00001.HK,00001,长和,10434094,2009-12-31 00:00:00,001,12-31,2009-01-01 00:00:00,004040001,非控股权益应占全面收益总额,372443040.0
00001.HK,00001,长和,10434094,2009-12-31 00:00:00,001,12-31,2009-01-01 00:00:00,004040002,本公司拥有人应占全面收益总额,21019699040.0
00001.HK,00001,长和,10434094,2009-12-31 00:00:00,001,12-31,2009-01-01 00:00:00,004099999,非运算项目,18418761120.0
00001.HK,00001,长和,10434094,2007-12-31 00:00:00,001,12-31,2007-01-01 00:00:00,004001001,营业额,12432317260.0
00001.HK,00001,长和,10434094,2007-12-31 00:00:00,001,12-31,2007-01-01 00:00:00,004001999,营运收入,12432317260.0
00001.HK,00001,长和,10434094,2007-12-31 00:00:00,001,12-31,2007-01-01 00:00:00,004005002,销售成本,6106133980.0
00001.HK,00001,长和,10434094,2007-12-31 00:00:00,001,12-31,2007-01-01 00:00:00,004007999,毛利,6326183280.0
00001.HK,00001,长和,10434094,2007-12-31 00:00:00,001,12-31,2007-01-01 00:00:00,004010001,其他收入,5136044300.0
00001.HK,00001,长和,10434094,2007-12-31 00:00:00,001,12-31,2007-01-01 00:00:00,004010002,其他收益,1589036860.0
00001.HK,00001,长和,10434094,2007-12-31 00:00:00,001,12-31,2007-01-01 00:00:00,004010006,重估盈余,1699529700.0
00001.HK,00001,长和,10434094,2007-12-31 00:00:00,001,12-31,2007-01-01 00:00:00,004010009,薪金福利支出,772513500.0
00001.HK,00001,长和,10434094,2007-12-31 00:00:00,001,12-31,2007-01-01 00:00:00,004010011,营运利息支出,921397920.0
00001.HK,00001,长和,10434094,2007-12-31 00:00:00,001,12-31,2007-01-01 00:00:00,004010012,其他支出,427925660.0
00001.HK,00001,长和,10434094,2007-12-31 00:00:00,001,12-31,2007-01-01 00:00:00,004010999,经营溢利,12628957060.0
00001.HK,00001,长和,10434094,2007-12-31 00:00:00,001,12-31,2007-01-01 00:00:00,004011202,应占联营公司溢利,14684311160.0
00001.HK,00001,长和,10434094,2007-12-31 00:00:00,001,12-31,2007-01-01 00:00:00,004011999,除税前溢利,27313268220.0
00001.HK,00001,长和,10434094,2007-12-31 00:00:00,001,12-31,2007-01-01 00:00:00,004012001,税项,1120846860.0
00001.HK,00001,长和,10434094,2007-12-31 00:00:00,001,12-31,2007-01-01 00:00:00,004012002,持续经营业务税后利润,26192421360.0
00001.HK,00001,长和,10434094,2007-12-31 00:00:00,001,12-31,2007-01-01 00:00:00,004012999,除税后溢利,26192421360.0
00001.HK,00001,长和,10434094,2007-12-31 00:00:00,001,12-31,2007-01-01 00:00:00,004025001,少数股东损益,275295720.0
00001.HK,00001,长和,10434094,2007-12-31 00:00:00,001,12-31,2007-01-01 00:00:00,004025002,股东应占溢利,25917125640.0
00001.HK,00001,长和,10434094,2007-12-31 00:00:00,001,12-31,2007-01-01 00:00:00,004027001,股息,4229628460.0
00001.HK,00001,长和,10434094,2007-12-31 00:00:00,001,12-31,2007-01-01 00:00:00,004027002,每股基本盈利,11.189741
00001.HK,00001,长和,10434094,2007-12-31 00:00:00,001,12-31,2007-01-01 00:00:00,004027004,每股股息,1.825941
00001.HK,00001,长和,10434094,2007-12-31 00:00:00,001,12-31,2007-01-01 00:00:00,004099999,非运算项目,11465036720.4682
00001.HK,00001,长和,10434094,2006-12-31 00:00:00,001,12-31,2006-01-01 00:00:00,004001001,营业额,11002141170.0
00001.HK,00001,长和,10434094,2006-12-31 00:00:00,001,12-31,2006-01-01 00:00:00,004001999,营运收入,11002141170.0
00001.HK,00001,长和,10434094,2006-12-31 00:00:00,001,12-31,2006-01-01 00:00:00,004005002,销售成本,4930920360.0
00001.HK,00001,长和,10434094,2006-12-31 00:00:00,001,12-31,2006-01-01 00:00:00,004007999,毛利,6071220810.0
00001.HK,00001,长和,10434094,2006-12-31 00:00:00,001,12-31,2006-01-01 00:00:00,004010001,其他收入,1312099020.0
00001.HK,00001,长和,10434094,2006-12-31 00:00:00,001,12-31,2006-01-01 00:00:00,004010002,其他收益,1680812910.0
00001.HK,00001,长和,10434094,2006-12-31 00:00:00,001,12-31,2006-01-01 00:00:00,004010006,重估盈余,1945041120.0
00001.HK,00001,长和,10434094,2006-12-31 00:00:00,001,12-31,2006-01-01 00:00:00,004010009,薪金福利支出,699250320.0
00001.HK,00001,长和,10434094,2006-12-31 00:00:00,001,12-31,2006-01-01 00:00:00,004010011,营运利息支出,591750630.0
00001.HK,00001,长和,10434094,2006-12-31 00:00:00,001,12-31,2006-01-01 00:00:00,004010012,其他支出,393830640.0
00001.HK,00001,长和,10434094,2006-12-31 00:00:00,001,12-31,2006-01-01 00:00:00,004010999,经营溢利,9324342270.0
00001.HK,00001,长和,10434094,2006-12-31 00:00:00,001,12-31,2006-01-01 00:00:00,004011202,应占联营公司溢利,10258685370.0
00001.HK,00001,长和,10434094,2006-12-31 00:00:00,001,12-31,2006-01-01 00:00:00,004011999,除税前溢利,19583027640.0
00001.HK,00001,长和,10434094,2006-12-31 00:00:00,001,12-31,2006-01-01 00:00:00,004012001,税项,1218664710.0
00001.HK,00001,长和,10434094,2006-12-31 00:00:00,001,12-31,2006-01-01 00:00:00,004012002,持续经营业务税后利润,18364362930.0
00001.HK,00001,长和,10434094,2006-12-31 00:00:00,001,12-31,2006-01-01 00:00:00,004012999,除税后溢利,18364362930.0
00001.HK,00001,长和,10434094,2006-12-31 00:00:00,001,12-31,2006-01-01 00:00:00,004025001,少数股东损益,204952680.0
00001.HK,00001,长和,10434094,2006-12-31 00:00:00,001,12-31,2006-01-01 00:00:00,004025002,股东应占溢利,18159410250.0
00001.HK,00001,长和,10434094,2006-12-31 00:00:00,001,12-31,2006-01-01 00:00:00,004027001,股息,4049824770.0
00001.HK,00001,长和,10434094,2006-12-31 00:00:00,001,12-31,2006-01-01 00:00:00,004027002,每股基本盈利,7.836426
00001.HK,00001,长和,10434094,2006-12-31 00:00:00,001,12-31,2006-01-01 00:00:00,004027004,每股股息,1.7481258
00001.HK,00001,长和,10434094,2006-12-31 00:00:00,001,12-31,2006-01-01 00:00:00,004099999,非运算项目,21092504128.2
00001.HK,00001,长和,10434094,2005-12-31 00:00:00,001,12-31,2005-01-01 00:00:00,004001001,营业额,6419691300.0
00001.HK,00001,长和,10434094,2005-12-31 00:00:00,001,12-31,2005-01-01 00:00:00,004001999,营运收入,6419691300.0
00001.HK,00001,长和,10434094,2005-12-31 00:00:00,001,12-31,2005-01-01 00:00:00,004005002,销售成本,3786692000.0
00001.HK,00001,长和,10434094,2005-12-31 00:00:00,001,12-31,2005-01-01 00:00:00,004007999,毛利,2632999300.0
00001.HK,00001,长和,10434094,2005-12-31 00:00:00,001,12-31,2005-01-01 00:00:00,004010001,其他收入,979962600.0
00001.HK,00001,长和,10434094,2005-12-31 00:00:00,001,12-31,2005-01-01 00:00:00,004010002,其他收益,3420506400.0
00001.HK,00001,长和,10434094,2005-12-31 00:00:00,001,12-31,2005-01-01 00:00:00,004010006,重估盈余,1847572800.0
00001.HK,00001,长和,10434094,2005-12-31 00:00:00,001,12-31,2005-01-01 00:00:00,004010009,薪金福利支出,675154700.0
00001.HK,00001,长和,10434094,2005-12-31 00:00:00,001,12-31,2005-01-01 00:00:00,004010011,营运利息支出,360984100.0
00001.HK,00001,长和,10434094,2005-12-31 00:00:00,001,12-31,2005-01-01 00:00:00,004010012,其他支出,338097500.0
00001.HK,00001,长和,10434094,2005-12-31 00:00:00,001,12-31,2005-01-01 00:00:00,004010999,经营溢利,7506804800.0
00001.HK,00001,长和,10434094,2005-12-31 00:00:00,001,12-31,2005-01-01 00:00:00,004011202,应占联营公司溢利,7540094400.0
00001.HK,00001,长和,10434094,2005-12-31 00:00:00,001,12-31,2005-01-01 00:00:00,004011999,除税前溢利,15046899200.0
00001.HK,00001,长和,10434094,2005-12-31 00:00:00,001,12-31,2005-01-01 00:00:00,004012001,税项,269437700.0
00001.HK,00001,长和,10434094,2005-12-31 00:00:00,001,12-31,2005-01-01 00:00:00,004012002,持续经营业务税后利润,14777461500.0
00001.HK,00001,长和,10434094,2005-12-31 00:00:00,001,12-31,2005-01-01 00:00:00,004012999,除税后溢利,14777461500.0
00001.HK,00001,长和,10434094,2005-12-31 00:00:00,001,12-31,2005-01-01 00:00:00,004025001,少数股东损益,218463000.0
00001.HK,00001,长和,10434094,2005-12-31 00:00:00,001,12-31,2005-01-01 00:00:00,004025002,股东应占溢利,14558998500.0
00001.HK,00001,长和,10434094,2005-12-31 00:00:00,001,12-31,2005-01-01 00:00:00,004027001,股息,3806457700.0
00001.HK,00001,长和,10434094,2005-12-31 00:00:00,001,12-31,2005-01-01 00:00:00,004027002,每股基本盈利,6.283412
00001.HK,00001,长和,10434094,2005-12-31 00:00:00,001,12-31,2005-01-01 00:00:00,004027004,每股股息,1.643674
00001.HK,00001,长和,10434094,2005-12-31 00:00:00,001,12-31,2005-01-01 00:00:00,004099999,非运算项目,-2774480099.56307
00001.HK,00001,长和,10434094,2004-12-31 00:00:00,001,12-31,2004-01-01 00:00:00,004001001,营业额,12922891300.0
00001.HK,00001,长和,10434094,2004-12-31 00:00:00,001,12-31,2004-01-01 00:00:00,004001999,营运收入,12922891300.0
00001.HK,00001,长和,10434094,2004-12-31 00:00:00,001,12-31,2004-01-01 00:00:00,004005002,销售成本,10824211200.0
00001.HK,00001,长和,10434094,2004-12-31 00:00:00,001,12-31,2004-01-01 00:00:00,004007999,毛利,2098680100.0
00001.HK,00001,长和,10434094,2004-12-31 00:00:00,001,12-31,2004-01-01 00:00:00,004010001,其他收入,2402898300.0
00001.HK,00001,长和,10434094,2004-12-31 00:00:00,001,12-31,2004-01-01 00:00:00,004010002,其他收益,997750600.0
00001.HK,00001,长和,10434094,2004-12-31 00:00:00,001,12-31,2004-01-01 00:00:00,004010006,重估盈余,721188600.0
00001.HK,00001,长和,10434094,2004-12-31 00:00:00,001,12-31,2004-01-01 00:00:00,004010009,薪金福利支出,654175500.0
00001.HK,00001,长和,10434094,2004-12-31 00:00:00,001,12-31,2004-01-01 00:00:00,004010011,营运利息支出,372295000.0
00001.HK,00001,长和,10434094,2004-12-31 00:00:00,001,12-31,2004-01-01 00:00:00,004010012,其他支出,415906700.0
00001.HK,00001,长和,10434094,2004-12-31 00:00:00,001,12-31,2004-01-01 00:00:00,004010999,经营溢利,4778140400.0
00001.HK,00001,长和,10434094,2004-12-31 00:00:00,001,12-31,2004-01-01 00:00:00,004011202,应占联营公司溢利,6924687000.0
00001.HK,00001,长和,10434094,2004-12-31 00:00:00,001,12-31,2004-01-01 00:00:00,004011999,除税前溢利,11702827400.0
00001.HK,00001,长和,10434094,2004-12-31 00:00:00,001,12-31,2004-01-01 00:00:00,004012001,税项,244651000.0
00001.HK,00001,长和,10434094,2004-12-31 00:00:00,001,12-31,2004-01-01 00:00:00,004012002,持续经营业务税后利润,11458176400.0
00001.HK,00001,长和,10434094,2004-12-31 00:00:00,001,12-31,2004-01-01 00:00:00,004012999,除税后溢利,11458176400.0
00001.HK,00001,长和,10434094,2004-12-31 00:00:00,001,12-31,2004-01-01 00:00:00,004025001,少数股东损益,76586400.0
00001.HK,00001,长和,10434094,2004-12-31 00:00:00,001,12-31,2004-01-01 00:00:00,004025002,股东应占溢利,11381590000.0
00001.HK,00001,长和,10434094,2004-12-31 00:00:00,001,12-31,2004-01-01 00:00:00,004027001,股息,3498509300.0
00001.HK,00001,长和,10434094,2004-12-31 00:00:00,001,12-31,2004-01-01 00:00:00,004027002,每股基本盈利,4.914294
00001.HK,00001,长和,10434094,2004-12-31 00:00:00,001,12-31,2004-01-01 00:00:00,004027004,每股股息,1.510454
00001.HK,00001,长和,10434094,2004-12-31 00:00:00,001,12-31,2004-01-01 00:00:00,004099999,非运算项目,-9888155199.5958
00001.HK,00001,长和,10434094,2003-12-31 00:00:00,001,12-31,2003-01-01 00:00:00,004001001,营业额,9023281900.0
00001.HK,00001,长和,10434094,2003-12-31 00:00:00,001,12-31,2003-01-01 00:00:00,004001999,营运收入,9023281900.0
00001.HK,00001,长和,10434094,2003-12-31 00:00:00,001,12-31,2003-01-01 00:00:00,004005002,销售成本,6801297400.0
00001.HK,00001,长和,10434094,2003-12-31 00:00:00,001,12-31,2003-01-01 00:00:00,004007999,毛利,2221984500.0
00001.HK,00001,长和,10434094,2003-12-31 00:00:00,001,12-31,2003-01-01 00:00:00,004010001,其他收入,2306174800.0
00001.HK,00001,长和,10434094,2003-12-31 00:00:00,001,12-31,2003-01-01 00:00:00,004010002,其他收益,1385410000.0
00001.HK,00001,长和,10434094,2003-12-31 00:00:00,001,12-31,2003-01-01 00:00:00,004010006,重估盈余,-835508800.0
00001.HK,00001,长和,10434094,2003-12-31 00:00:00,001,12-31,2003-01-01 00:00:00,004010009,薪金福利支出,660734000.0
00001.HK,00001,长和,10434094,2003-12-31 00:00:00,001,12-31,2003-01-01 00:00:00,004010011,营运利息支出,550966900.0
00001.HK,00001,长和,10434094,2003-12-31 00:00:00,001,12-31,2003-01-01 00:00:00,004010012,其他支出,302658800.0
00001.HK,00001,长和,10434094,2003-12-31 00:00:00,001,12-31,2003-01-01 00:00:00,004010999,经营溢利,3563700800.0
00001.HK,00001,长和,10434094,2003-12-31 00:00:00,001,12-31,2003-01-01 00:00:00,004011202,应占联营公司溢利,5459581100.0
00001.HK,00001,长和,10434094,2003-12-31 00:00:00,001,12-31,2003-01-01 00:00:00,004011999,除税前溢利,9023281900.0
00001.HK,00001,长和,10434094,2003-12-31 00:00:00,001,12-31,2003-01-01 00:00:00,004012001,税项,-258965100.0
00001.HK,00001,长和,10434094,2003-12-31 00:00:00,001,12-31,2003-01-01 00:00:00,004012002,持续经营业务税后利润,9282247000.0
00001.HK,00001,长和,10434094,2003-12-31 00:00:00,001,12-31,2003-01-01 00:00:00,004012999,除税后溢利,9282247000.0
00001.HK,00001,长和,10434094,2003-12-31 00:00:00,001,12-31,2003-01-01 00:00:00,004025001,少数股东损益,2131400.0
00001.HK,00001,长和,10434094,2003-12-31 00:00:00,001,12-31,2003-01-01 00:00:00,004025002,股东应占溢利,9280115600.0
00001.HK,00001,长和,10434094,2003-12-31 00:00:00,001,12-31,2003-01-01 00:00:00,004027001,股息,3208822700.0
00001.HK,00001,长和,10434094,2003-12-31 00:00:00,001,12-31,2003-01-01 00:00:00,004027002,每股基本盈利,4.007032
00001.HK,00001,长和,10434094,2003-12-31 00:00:00,001,12-31,2003-01-01 00:00:00,004027004,每股股息,1.38541
00001.HK,00001,长和,10434094,2003-12-31 00:00:00,001,12-31,2003-01-01 00:00:00,004099999,非运算项目,-5863481399.59503
00001.HK,00001,长和,10434094,2002-12-31 00:00:00,001,12-31,2002-01-01 00:00:00,004001001,营业额,2594389500.0
00001.HK,00001,长和,10434094,2002-12-31 00:00:00,001,12-31,2002-01-01 00:00:00,004001999,营运收入,2594389500.0
00001.HK,00001,长和,10434094,2002-12-31 00:00:00,001,12-31,2002-01-01 00:00:00,004005002,销售成本,1053672300.0
00001.HK,00001,长和,10434094,2002-12-31 00:00:00,001,12-31,2002-01-01 00:00:00,004007999,毛利,1540717200.0
00001.HK,00001,长和,10434094,2002-12-31 00:00:00,001,12-31,2002-01-01 00:00:00,004010001,其他收入,1330619400.0
00001.HK,00001,长和,10434094,2002-12-31 00:00:00,001,12-31,2002-01-01 00:00:00,004010002,其他收益,1705187700.0
00001.HK,00001,长和,10434094,2002-12-31 00:00:00,001,12-31,2002-01-01 00:00:00,004010005,减值及拨备,875407500.0
00001.HK,00001,长和,10434094,2002-12-31 00:00:00,001,12-31,2002-01-01 00:00:00,004010009,薪金福利支出,740647800.0
00001.HK,00001,长和,10434094,2002-12-31 00:00:00,001,12-31,2002-01-01 00:00:00,004010011,营运利息支出,689715000.0
00001.HK,00001,长和,10434094,2002-12-31 00:00:00,001,12-31,2002-01-01 00:00:00,004010012,其他支出,330002100.0
00001.HK,00001,长和,10434094,2002-12-31 00:00:00,001,12-31,2002-01-01 00:00:00,004010999,经营溢利,1940751900.0
00001.HK,00001,长和,10434094,2002-12-31 00:00:00,001,12-31,2002-01-01 00:00:00,004011202,应占联营公司溢利,8706325500.0
00001.HK,00001,长和,10434094,2002-12-31 00:00:00,001,12-31,2002-01-01 00:00:00,004011999,除税前溢利,10647077400.0
00001.HK,00001,长和,10434094,2002-12-31 00:00:00,001,12-31,2002-01-01 00:00:00,004012001,税项,1388979900.0
00001.HK,00001,长和,10434094,2002-12-31 00:00:00,001,12-31,2002-01-01 00:00:00,004012002,持续经营业务税后利润,9258097500.0
00001.HK,00001,长和,10434094,2002-12-31 00:00:00,001,12-31,2002-01-01 00:00:00,004012999,除税后溢利,9258097500.0
00001.HK,00001,长和,10434094,2002-12-31 00:00:00,001,12-31,2002-01-01 00:00:00,004025001,少数股东损益,-60482700.0
00001.HK,00001,长和,10434094,2002-12-31 00:00:00,001,12-31,2002-01-01 00:00:00,004025002,股东应占溢利,9318580200.0
00001.HK,00001,长和,10434094,2002-12-31 00:00:00,001,12-31,2002-01-01 00:00:00,004027001,股息,2998668600.0
00001.HK,00001,长和,10434094,2002-12-31 00:00:00,001,12-31,2002-01-01 00:00:00,004027002,每股基本盈利,4.021569
00001.HK,00001,长和,10434094,2002-12-31 00:00:00,001,12-31,2002-01-01 00:00:00,004027004,每股股息,1.294542
00001.HK,00001,长和,10434094,2002-12-31 00:00:00,001,12-31,2002-01-01 00:00:00,004099999,非运算项目,-119904299.596782
00001.HK,00001,长和,10434094,2001-12-31 00:00:00,001,12-31,2001-01-01 00:00:00,004001001,营业额,6002996000.0
00001.HK,00001,长和,10434094,2001-12-31 00:00:00,001,12-31,2001-01-01 00:00:00,004001999,营运收入,6002996000.0
00001.HK,00001,长和,10434094,2001-12-31 00:00:00,001,12-31,2001-01-01 00:00:00,004005002,销售成本,3104376200.0
00001.HK,00001,长和,10434094,2001-12-31 00:00:00,001,12-31,2001-01-01 00:00:00,004007999,毛利,2898619800.0
00001.HK,00001,长和,10434094,2001-12-31 00:00:00,001,12-31,2001-01-01 00:00:00,004010001,其他收入,1450900800.0
00001.HK,00001,长和,10434094,2001-12-31 00:00:00,001,12-31,2001-01-01 00:00:00,004010002,其他收益,622572200.0
00001.HK,00001,长和,10434094,2001-12-31 00:00:00,001,12-31,2001-01-01 00:00:00,004010005,减值及拨备,1590900000.0
00001.HK,00001,长和,10434094,2001-12-31 00:00:00,001,12-31,2001-01-01 00:00:00,004010009,薪金福利支出,725450400.0
00001.HK,00001,长和,10434094,2001-12-31 00:00:00,001,12-31,2001-01-01 00:00:00,004010011,营运利息支出,823025600.0
00001.HK,00001,长和,10434094,2001-12-31 00:00:00,001,12-31,2001-01-01 00:00:00,004010012,其他支出,361664600.0
00001.HK,00001,长和,10434094,2001-12-31 00:00:00,001,12-31,2001-01-01 00:00:00,004010999,经营溢利,1471052200.0
00001.HK,00001,长和,10434094,2001-12-31 00:00:00,001,12-31,2001-01-01 00:00:00,004011202,应占联营公司溢利,7448593800.0
00001.HK,00001,长和,10434094,2001-12-31 00:00:00,001,12-31,2001-01-01 00:00:00,004011999,除税前溢利,8919646000.0
00001.HK,00001,长和,10434094,2001-12-31 00:00:00,001,12-31,2001-01-01 00:00:00,004012001,税项,1267417000.0
00001.HK,00001,长和,10434094,2001-12-31 00:00:00,001,12-31,2001-01-01 00:00:00,004012002,持续经营业务税后利润,7652229000.0
00001.HK,00001,长和,10434094,2001-12-31 00:00:00,001,12-31,2001-01-01 00:00:00,004012999,除税后溢利,7652229000.0
00001.HK,00001,长和,10434094,2001-12-31 00:00:00,001,12-31,2001-01-01 00:00:00,004025001,少数股东损益,-23333200.0
00001.HK,00001,长和,10434094,2001-12-31 00:00:00,001,12-31,2001-01-01 00:00:00,004025002,股东应占溢利,7675562200.0
00001.HK,00001,长和,10434094,2001-12-31 00:00:00,001,12-31,2001-01-01 00:00:00,004027001,股息,2997255600.0
00001.HK,00001,长和,10434094,2001-12-31 00:00:00,001,12-31,2001-01-01 00:00:00,004027002,每股基本盈利,3.309072
00001.HK,00001,长和,10434094,2001-12-31 00:00:00,001,12-31,2001-01-01 00:00:00,004027004,每股股息,1.293932
00001.HK,00001,长和,10434094,2001-12-31 00:00:00,001,12-31,2001-01-01 00:00:00,004099999,非运算项目,754086600.0
00001.HK,00001,长和,10434094,2000-12-31 00:00:00,001,12-31,2000-01-01 00:00:00,004001001,营业额,6061329000.0
00001.HK,00001,长和,10434094,2000-12-31 00:00:00,001,12-31,2000-01-01 00:00:00,004001999,营运收入,6061329000.0
00001.HK,00001,长和,10434094,2000-12-31 00:00:00,001,12-31,2000-01-01 00:00:00,004005002,销售成本,2903922800.0
00001.HK,00001,长和,10434094,2000-12-31 00:00:00,001,12-31,2000-01-01 00:00:00,004007999,毛利,3157406200.0
00001.HK,00001,长和,10434094,2000-12-31 00:00:00,001,12-31,2000-01-01 00:00:00,004010001,其他收入,1178326600.0
00001.HK,00001,长和,10434094,2000-12-31 00:00:00,001,12-31,2000-01-01 00:00:00,004010002,其他收益,290604400.0
00001.HK,00001,长和,10434094,2000-12-31 00:00:00,001,12-31,2000-01-01 00:00:00,004010009,薪金福利支出,768935000.0
00001.HK,00001,长和,10434094,2000-12-31 00:00:00,001,12-31,2000-01-01 00:00:00,004010011,营运利息支出,768935000.0
00001.HK,00001,长和,10434094,2000-12-31 00:00:00,001,12-31,2000-01-01 00:00:00,004010012,其他支出,416815800.0
00001.HK,00001,长和,10434094,2000-12-31 00:00:00,001,12-31,2000-01-01 00:00:00,004010999,经营溢利,2671651400.0
00001.HK,00001,长和,10434094,2000-12-31 00:00:00,001,12-31,2000-01-01 00:00:00,004011202,应占联营公司溢利,19098224200.0
00001.HK,00001,长和,10434094,2000-12-31 00:00:00,001,12-31,2000-01-01 00:00:00,004011999,除税前溢利,21769875600.0
00001.HK,00001,长和,10434094,2000-12-31 00:00:00,001,12-31,2000-01-01 00:00:00,004012001,税项,1291810800.0
00001.HK,00001,长和,10434094,2000-12-31 00:00:00,001,12-31,2000-01-01 00:00:00,004012002,持续经营业务税后利润,20478064800.0
00001.HK,00001,长和,10434094,2000-12-31 00:00:00,001,12-31,2000-01-01 00:00:00,004012999,除税后溢利,20478064800.0
00001.HK,00001,长和,10434094,2000-12-31 00:00:00,001,12-31,2000-01-01 00:00:00,004025001,少数股东损益,-135756800.0
00001.HK,00001,长和,10434094,2000-12-31 00:00:00,001,12-31,2000-01-01 00:00:00,004025002,股东应占溢利,20613821600.0
00001.HK,00001,长和,10434094,2000-12-31 00:00:00,001,12-31,2000-01-01 00:00:00,004027001,股息,2997255600.0
00001.HK,00001,长和,10434094,2000-12-31 00:00:00,001,12-31,2000-01-01 00:00:00,004027002,每股基本盈利,8.930252
00001.HK,00001,长和,10434094,2000-12-31 00:00:00,001,12-31,2000-01-01 00:00:00,004027004,每股股息,1.293932
00001.HK,00001,长和,10434094,2000-12-31 00:00:00,001,12-31,2000-01-01 00:00:00,004099999,非运算项目,-1970594799.59697
