,SECUCODE,SECURITY_CODE,SECURITY_NAME_ABBR,ORG_CODE,REPORT_DATE,DATE_TYPE_CODE,FISCAL_YEAR,START_DATE,STD_ITEM_CODE,STD_ITEM_NAME,AMOUNT
0,00700.HK,00700,腾讯控股,10009066,2023-12-31 00:00:00,001,12-31,2023-01-01 00:00:00,001001,除税前溢利(业务利润),161324000000
1,00700.HK,00700,腾讯控股,10009066,2023-12-31 00:00:00,001,12-31,2023-01-01 00:00:00,001002,减:利息收入,13808000000
2,00700.HK,00700,腾讯控股,10009066,2023-12-31 00:00:00,001,12-31,2023-01-01 00:00:00,001003,加:利息支出,11885000000
3,00700.HK,00700,腾讯控股,10009066,2023-12-31 00:00:00,001,12-31,2023-01-01 00:00:00,001004,减:投资收益,546000000
4,00700.HK,00700,腾讯控股,10009066,2023-12-31 00:00:00,001,12-31,2023-01-01 00:00:00,001005,减:应占附属公司溢利,5800000000
5,00700.HK,00700,腾讯控股,10009066,2023-12-31 00:00:00,001,12-31,2023-01-01 00:00:00,001006,加:减值及拨备,6229000000
6,00700.HK,00700,腾讯控股,10009066,2023-12-31 00:00:00,001,12-31,2023-01-01 00:00:00,001007,减:重估盈余,-2119000000
7,00700.HK,00700,腾讯控股,10009066,2023-12-31 00:00:00,001,12-31,2023-01-01 00:00:00,001008,减:出售资产之溢利,4409000000
8,00700.HK,00700,腾讯控股,10009066,2023-12-31 00:00:00,001,12-31,2023-01-01 00:00:00,001009,加:折旧及摊销,59008000000
9,00700.HK,00700,腾讯控股,10009066,2023-12-31 00:00:00,001,12-31,2023-01-01 00:00:00,001010,减:汇兑收益,-383000000
10,00700.HK,00700,腾讯控股,10009066,2023-12-31 00:00:00,001,12-31,2023-01-01 00:00:00,001997,加:经营调整其他项目,21073000000
11,00700.HK,00700,腾讯控股,10009066,2023-12-31 00:00:00,001,12-31,2023-01-01 00:00:00,001999,营运资金变动前经营溢利,237458000000
12,00700.HK,00700,腾讯控股,10009066,2023-12-31 00:00:00,001,12-31,2023-01-01 00:00:00,002001,存货(增加)减少,1882000000
13,00700.HK,00700,腾讯控股,10009066,2023-12-31 00:00:00,001,12-31,2023-01-01 00:00:00,002002,应收帐款减少,-1010000000
14,00700.HK,00700,腾讯控股,10009066,2023-12-31 00:00:00,001,12-31,2023-01-01 00:00:00,002004,应付帐款及应计费用增加(减少),8044000000
15,00700.HK,00700,腾讯控股,10009066,2023-12-31 00:00:00,001,12-31,2023-01-01 00:00:00,002006,营运资本变动其他项目,-322000000
16,00700.HK,00700,腾讯控股,10009066,2023-12-31 00:00:00,001,12-31,2023-01-01 00:00:00,002007,预付款项、按金及其他应收款项减少(增加),5469000000
17,00700.HK,00700,腾讯控股,10009066,2023-12-31 00:00:00,001,12-31,2023-01-01 00:00:00,002008,预收账款、按金及其他应付款增加(减少),1349000000
18,00700.HK,00700,腾讯控股,10009066,2023-12-31 00:00:00,001,12-31,2023-01-01 00:00:00,002009,递延收入(增加)减少,3821000000
19,00700.HK,00700,腾讯控股,10009066,2023-12-31 00:00:00,001,12-31,2023-01-01 00:00:00,002999,经营产生现金,256691000000
20,00700.HK,00700,腾讯控股,10009066,2023-12-31 00:00:00,001,12-31,2023-01-01 00:00:00,003003,已付税项,34729000000
21,00700.HK,00700,腾讯控股,10009066,2023-12-31 00:00:00,001,12-31,2023-01-01 00:00:00,003999,经营业务现金净额,221962000000
22,00700.HK,00700,腾讯控股,10009066,2023-12-31 00:00:00,001,12-31,2023-01-01 00:00:00,005001,已收利息(投资),10349000000
23,00700.HK,00700,腾讯控股,10009066,2023-12-31 00:00:00,001,12-31,2023-01-01 00:00:00,005002,已收股息(投资),2011000000
24,00700.HK,00700,腾讯控股,10009066,2023-12-31 00:00:00,001,12-31,2023-01-01 00:00:00,005003,存款减少(增加),-80706000000
25,00700.HK,00700,腾讯控股,10009066,2023-12-31 00:00:00,001,12-31,2023-01-01 00:00:00,005004,处置固定资产,257000000
26,00700.HK,00700,腾讯控股,10009066,2023-12-31 00:00:00,001,12-31,2023-01-01 00:00:00,005005,购建固定资产,21008000000
27,00700.HK,00700,腾讯控股,10009066,2023-12-31 00:00:00,001,12-31,2023-01-01 00:00:00,005007,购建无形资产及其他资产,26399000000
28,00700.HK,00700,腾讯控股,10009066,2023-12-31 00:00:00,001,12-31,2023-01-01 00:00:00,005008,出售附属公司,4383000000
29,00700.HK,00700,腾讯控股,10009066,2023-12-31 00:00:00,001,12-31,2023-01-01 00:00:00,005009,收购附属公司,13283000000
30,00700.HK,00700,腾讯控股,10009066,2023-12-31 00:00:00,001,12-31,2023-01-01 00:00:00,005010,收回投资所得现金,57051000000
31,00700.HK,00700,腾讯控股,10009066,2023-12-31 00:00:00,001,12-31,2023-01-01 00:00:00,005011,投资支付现金,58471000000
32,00700.HK,00700,腾讯控股,10009066,2023-12-31 00:00:00,001,12-31,2023-01-01 00:00:00,005997,投资业务其他项目,655000000
33,00700.HK,00700,腾讯控股,10009066,2023-12-31 00:00:00,001,12-31,2023-01-01 00:00:00,005999,投资业务现金净额,-125161000000
34,00700.HK,00700,腾讯控股,10009066,2023-12-31 00:00:00,001,12-31,2023-01-01 00:00:00,006999,融资前现金净额,96801000000
35,00700.HK,00700,腾讯控股,10009066,2023-12-31 00:00:00,001,12-31,2023-01-01 00:00:00,007001,新增借款,63450000000
36,00700.HK,00700,腾讯控股,10009066,2023-12-31 00:00:00,001,12-31,2023-01-01 00:00:00,007002,偿还借款,44005000000
37,00700.HK,00700,腾讯控股,10009066,2023-12-31 00:00:00,001,12-31,2023-01-01 00:00:00,007003,已付利息(融资),11478000000
38,00700.HK,00700,腾讯控股,10009066,2023-12-31 00:00:00,001,12-31,2023-01-01 00:00:00,007004,已付股息(融资),21788000000
39,00700.HK,00700,腾讯控股,10009066,2023-12-31 00:00:00,001,12-31,2023-01-01 00:00:00,007006,发行股份,1266000000
40,00700.HK,00700,腾讯控股,10009066,2023-12-31 00:00:00,001,12-31,2023-01-01 00:00:00,007008,回购股份,48145000000
41,00700.HK,00700,腾讯控股,10009066,2023-12-31 00:00:00,001,12-31,2023-01-01 00:00:00,007009,赎回债券,10141000000
42,00700.HK,00700,腾讯控股,10009066,2023-12-31 00:00:00,001,12-31,2023-01-01 00:00:00,007011,偿还融资租赁,6652000000
43,00700.HK,00700,腾讯控股,10009066,2023-12-31 00:00:00,001,12-31,2023-01-01 00:00:00,007013,购买子公司少数股权而支付的现金,4838000000
44,00700.HK,00700,腾讯控股,10009066,2023-12-31 00:00:00,001,12-31,2023-01-01 00:00:00,007997,融资业务其他项目,-242000000
45,00700.HK,00700,腾讯控股,10009066,2023-12-31 00:00:00,001,12-31,2023-01-01 00:00:00,007999,融资业务现金净额,-82573000000
46,00700.HK,00700,腾讯控股,10009066,2023-12-31 00:00:00,001,12-31,2023-01-01 00:00:00,010999,现金净额,14228000000
47,00700.HK,00700,腾讯控股,10009066,2023-12-31 00:00:00,001,12-31,2023-01-01 00:00:00,011001,期初现金,156739000000
48,00700.HK,00700,腾讯控股,10009066,2023-12-31 00:00:00,001,12-31,2023-01-01 00:00:00,011997,期间变动其他项目,1353000000
49,00700.HK,00700,腾讯控股,10009066,2023-12-31 00:00:00,001,12-31,2023-01-01 00:00:00,011999,期末现金,172320000000
50,00700.HK,00700,腾讯控股,10009066,2023-12-31 00:00:00,001,12-31,2023-01-01 00:00:00,013999,非运算项目,161324000000
51,00700.HK,00700,腾讯控股,10009066,2022-12-31 00:00:00,001,12-31,2022-01-01 00:00:00,001001,除税前溢利(业务利润),210225000000
52,00700.HK,00700,腾讯控股,10009066,2022-12-31 00:00:00,001,12-31,2022-01-01 00:00:00,001002,减:利息收入,8592000000
53,00700.HK,00700,腾讯控股,10009066,2022-12-31 00:00:00,001,12-31,2022-01-01 00:00:00,001003,加:利息支出,9985000000
54,00700.HK,00700,腾讯控股,10009066,2022-12-31 00:00:00,001,12-31,2022-01-01 00:00:00,001004,减:投资收益,948000000
55,00700.HK,00700,腾讯控股,10009066,2022-12-31 00:00:00,001,12-31,2022-01-01 00:00:00,001005,减:应占附属公司溢利,-16129000000
56,00700.HK,00700,腾讯控股,10009066,2022-12-31 00:00:00,001,12-31,2022-01-01 00:00:00,001006,加:减值及拨备,44966000000
57,00700.HK,00700,腾讯控股,10009066,2022-12-31 00:00:00,001,12-31,2022-01-01 00:00:00,001007,减:重估盈余,-7750000000
58,00700.HK,00700,腾讯控股,10009066,2022-12-31 00:00:00,001,12-31,2022-01-01 00:00:00,001008,减:出售资产之溢利,172815000000
59,00700.HK,00700,腾讯控股,10009066,2022-12-31 00:00:00,001,12-31,2022-01-01 00:00:00,001009,加:折旧及摊销,61216000000
60,00700.HK,00700,腾讯控股,10009066,2022-12-31 00:00:00,001,12-31,2022-01-01 00:00:00,001010,减:汇兑收益,633000000
61,00700.HK,00700,腾讯控股,10009066,2022-12-31 00:00:00,001,12-31,2022-01-01 00:00:00,001997,加:经营调整其他项目,24949000000
62,00700.HK,00700,腾讯控股,10009066,2022-12-31 00:00:00,001,12-31,2022-01-01 00:00:00,001999,营运资金变动前经营溢利,192232000000
63,00700.HK,00700,腾讯控股,10009066,2022-12-31 00:00:00,001,12-31,2022-01-01 00:00:00,002001,存货(增加)减少,-1201000000
64,00700.HK,00700,腾讯控股,10009066,2022-12-31 00:00:00,001,12-31,2022-01-01 00:00:00,002002,应收帐款减少,4336000000
65,00700.HK,00700,腾讯控股,10009066,2022-12-31 00:00:00,001,12-31,2022-01-01 00:00:00,002004,应付帐款及应计费用增加(减少),-6518000000
66,00700.HK,00700,腾讯控股,10009066,2022-12-31 00:00:00,001,12-31,2022-01-01 00:00:00,002006,营运资本变动其他项目,2239000000
67,00700.HK,00700,腾讯控股,10009066,2022-12-31 00:00:00,001,12-31,2022-01-01 00:00:00,002007,预付款项、按金及其他应收款项减少(增加),-5840000000
68,00700.HK,00700,腾讯控股,10009066,2022-12-31 00:00:00,001,12-31,2022-01-01 00:00:00,002008,预收账款、按金及其他应付款增加(减少),-4851000000
69,00700.HK,00700,腾讯控股,10009066,2022-12-31 00:00:00,001,12-31,2022-01-01 00:00:00,002009,递延收入(增加)减少,-6637000000
70,00700.HK,00700,腾讯控股,10009066,2022-12-31 00:00:00,001,12-31,2022-01-01 00:00:00,002999,经营产生现金,173760000000
71,00700.HK,00700,腾讯控股,10009066,2022-12-31 00:00:00,001,12-31,2022-01-01 00:00:00,003003,已付税项,27669000000
72,00700.HK,00700,腾讯控股,10009066,2022-12-31 00:00:00,001,12-31,2022-01-01 00:00:00,003999,经营业务现金净额,146091000000
73,00700.HK,00700,腾讯控股,10009066,2022-12-31 00:00:00,001,12-31,2022-01-01 00:00:00,005001,已收利息(投资),8506000000
74,00700.HK,00700,腾讯控股,10009066,2022-12-31 00:00:00,001,12-31,2022-01-01 00:00:00,005002,已收股息(投资),2192000000
75,00700.HK,00700,腾讯控股,10009066,2022-12-31 00:00:00,001,12-31,2022-01-01 00:00:00,005003,存款减少(增加),-34847000000
76,00700.HK,00700,腾讯控股,10009066,2022-12-31 00:00:00,001,12-31,2022-01-01 00:00:00,005004,处置固定资产,376000000
77,00700.HK,00700,腾讯控股,10009066,2022-12-31 00:00:00,001,12-31,2022-01-01 00:00:00,005005,购建固定资产,22679000000
78,00700.HK,00700,腾讯控股,10009066,2022-12-31 00:00:00,001,12-31,2022-01-01 00:00:00,005007,购建无形资产及其他资产,28171000000
79,00700.HK,00700,腾讯控股,10009066,2022-12-31 00:00:00,001,12-31,2022-01-01 00:00:00,005008,出售附属公司,22654000000
80,00700.HK,00700,腾讯控股,10009066,2022-12-31 00:00:00,001,12-31,2022-01-01 00:00:00,005009,收购附属公司,23889000000
81,00700.HK,00700,腾讯控股,10009066,2022-12-31 00:00:00,001,12-31,2022-01-01 00:00:00,005010,收回投资所得现金,28067000000
82,00700.HK,00700,腾讯控股,10009066,2022-12-31 00:00:00,001,12-31,2022-01-01 00:00:00,005011,投资支付现金,54632000000
83,00700.HK,00700,腾讯控股,10009066,2022-12-31 00:00:00,001,12-31,2022-01-01 00:00:00,005997,投资业务其他项目,-2448000000
84,00700.HK,00700,腾讯控股,10009066,2022-12-31 00:00:00,001,12-31,2022-01-01 00:00:00,005999,投资业务现金净额,-104871000000
85,00700.HK,00700,腾讯控股,10009066,2022-12-31 00:00:00,001,12-31,2022-01-01 00:00:00,006999,融资前现金净额,41220000000
86,00700.HK,00700,腾讯控股,10009066,2022-12-31 00:00:00,001,12-31,2022-01-01 00:00:00,007001,新增借款,30236000000
87,00700.HK,00700,腾讯控股,10009066,2022-12-31 00:00:00,001,12-31,2022-01-01 00:00:00,007002,偿还借款,23829000000
88,00700.HK,00700,腾讯控股,10009066,2022-12-31 00:00:00,001,12-31,2022-01-01 00:00:00,007003,已付利息(融资),9342000000
89,00700.HK,00700,腾讯控股,10009066,2022-12-31 00:00:00,001,12-31,2022-01-01 00:00:00,007004,已付股息(融资),15117000000
90,00700.HK,00700,腾讯控股,10009066,2022-12-31 00:00:00,001,12-31,2022-01-01 00:00:00,007006,发行股份,1003000000
91,00700.HK,00700,腾讯控股,10009066,2022-12-31 00:00:00,001,12-31,2022-01-01 00:00:00,007008,回购股份,32189000000
92,00700.HK,00700,腾讯控股,10009066,2022-12-31 00:00:00,001,12-31,2022-01-01 00:00:00,007011,偿还融资租赁,5969000000
93,00700.HK,00700,腾讯控股,10009066,2022-12-31 00:00:00,001,12-31,2022-01-01 00:00:00,007013,购买子公司少数股权而支付的现金,4746000000
94,00700.HK,00700,腾讯控股,10009066,2022-12-31 00:00:00,001,12-31,2022-01-01 00:00:00,007999,融资业务现金净额,-59953000000
95,00700.HK,00700,腾讯控股,10009066,2022-12-31 00:00:00,001,12-31,2022-01-01 00:00:00,010999,现金净额,-18733000000
96,00700.HK,00700,腾讯控股,10009066,2022-12-31 00:00:00,001,12-31,2022-01-01 00:00:00,011001,期初现金,167966000000
97,00700.HK,00700,腾讯控股,10009066,2022-12-31 00:00:00,001,12-31,2022-01-01 00:00:00,011997,期间变动其他项目,7506000000
98,00700.HK,00700,腾讯控股,10009066,2022-12-31 00:00:00,001,12-31,2022-01-01 00:00:00,011999,期末现金,156739000000
99,00700.HK,00700,腾讯控股,10009066,2022-12-31 00:00:00,001,12-31,2022-01-01 00:00:00,013999,非运算项目,210225000000
100,00700.HK,00700,腾讯控股,10009066,2021-12-31 00:00:00,001,12-31,2021-01-01 00:00:00,001001,除税前溢利(业务利润),248062000000
101,00700.HK,00700,腾讯控股,10009066,2021-12-31 00:00:00,001,12-31,2021-01-01 00:00:00,001002,减:利息收入,6650000000
102,00700.HK,00700,腾讯控股,10009066,2021-12-31 00:00:00,001,12-31,2021-01-01 00:00:00,001003,加:利息支出,7918000000
103,00700.HK,00700,腾讯控股,10009066,2021-12-31 00:00:00,001,12-31,2021-01-01 00:00:00,001004,减:投资收益,660000000
104,00700.HK,00700,腾讯控股,10009066,2021-12-31 00:00:00,001,12-31,2021-01-01 00:00:00,001005,减:应占附属公司溢利,-16444000000
105,00700.HK,00700,腾讯控股,10009066,2021-12-31 00:00:00,001,12-31,2021-01-01 00:00:00,001006,加:减值及拨备,25019000000
106,00700.HK,00700,腾讯控股,10009066,2021-12-31 00:00:00,001,12-31,2021-01-01 00:00:00,001007,减:重估盈余,47717000000
107,00700.HK,00700,腾讯控股,10009066,2021-12-31 00:00:00,001,12-31,2021-01-01 00:00:00,001008,减:出售资产之溢利,118086000000
108,00700.HK,00700,腾讯控股,10009066,2021-12-31 00:00:00,001,12-31,2021-01-01 00:00:00,001009,加:折旧及摊销,57670000000
109,00700.HK,00700,腾讯控股,10009066,2021-12-31 00:00:00,001,12-31,2021-01-01 00:00:00,001010,减:汇兑收益,804000000
110,00700.HK,00700,腾讯控股,10009066,2021-12-31 00:00:00,001,12-31,2021-01-01 00:00:00,001997,加:经营调整其他项目,21625000000
111,00700.HK,00700,腾讯控股,10009066,2021-12-31 00:00:00,001,12-31,2021-01-01 00:00:00,001999,营运资金变动前经营溢利,202821000000
112,00700.HK,00700,腾讯控股,10009066,2021-12-31 00:00:00,001,12-31,2021-01-01 00:00:00,002001,存货(增加)减少,1297000000
113,00700.HK,00700,腾讯控股,10009066,2021-12-31 00:00:00,001,12-31,2021-01-01 00:00:00,002002,应收帐款减少,-4026000000
114,00700.HK,00700,腾讯控股,10009066,2021-12-31 00:00:00,001,12-31,2021-01-01 00:00:00,002004,应付帐款及应计费用增加(减少),20598000000
115,00700.HK,00700,腾讯控股,10009066,2021-12-31 00:00:00,001,12-31,2021-01-01 00:00:00,002006,营运资本变动其他项目,-305000000
116,00700.HK,00700,腾讯控股,10009066,2021-12-31 00:00:00,001,12-31,2021-01-01 00:00:00,002007,预付款项、按金及其他应收款项减少(增加),-17782000000
117,00700.HK,00700,腾讯控股,10009066,2021-12-31 00:00:00,001,12-31,2021-01-01 00:00:00,002008,预收账款、按金及其他应付款增加(减少),-1184000000
118,00700.HK,00700,腾讯控股,10009066,2021-12-31 00:00:00,001,12-31,2021-01-01 00:00:00,002009,递延收入(增加)减少,2293000000
119,00700.HK,00700,腾讯控股,10009066,2021-12-31 00:00:00,001,12-31,2021-01-01 00:00:00,002999,经营产生现金,203712000000
120,00700.HK,00700,腾讯控股,10009066,2021-12-31 00:00:00,001,12-31,2021-01-01 00:00:00,003003,已付税项,28526000000
121,00700.HK,00700,腾讯控股,10009066,2021-12-31 00:00:00,001,12-31,2021-01-01 00:00:00,003999,经营业务现金净额,175186000000
122,00700.HK,00700,腾讯控股,10009066,2021-12-31 00:00:00,001,12-31,2021-01-01 00:00:00,005001,已收利息(投资),4923000000
123,00700.HK,00700,腾讯控股,10009066,2021-12-31 00:00:00,001,12-31,2021-01-01 00:00:00,005002,已收股息(投资),3324000000
124,00700.HK,00700,腾讯控股,10009066,2021-12-31 00:00:00,001,12-31,2021-01-01 00:00:00,005003,存款减少(增加),-573000000
125,00700.HK,00700,腾讯控股,10009066,2021-12-31 00:00:00,001,12-31,2021-01-01 00:00:00,005004,处置固定资产,191000000
126,00700.HK,00700,腾讯控股,10009066,2021-12-31 00:00:00,001,12-31,2021-01-01 00:00:00,005005,购建固定资产,29302000000
127,00700.HK,00700,腾讯控股,10009066,2021-12-31 00:00:00,001,12-31,2021-01-01 00:00:00,005007,购建无形资产及其他资产,32863000000
128,00700.HK,00700,腾讯控股,10009066,2021-12-31 00:00:00,001,12-31,2021-01-01 00:00:00,005008,出售附属公司,5418000000
129,00700.HK,00700,腾讯控股,10009066,2021-12-31 00:00:00,001,12-31,2021-01-01 00:00:00,005009,收购附属公司,72399000000
130,00700.HK,00700,腾讯控股,10009066,2021-12-31 00:00:00,001,12-31,2021-01-01 00:00:00,005010,收回投资所得现金,62659000000
131,00700.HK,00700,腾讯控股,10009066,2021-12-31 00:00:00,001,12-31,2021-01-01 00:00:00,005011,投资支付现金,109803000000
132,00700.HK,00700,腾讯控股,10009066,2021-12-31 00:00:00,001,12-31,2021-01-01 00:00:00,005997,投资业务其他项目,-10124000000
133,00700.HK,00700,腾讯控股,10009066,2021-12-31 00:00:00,001,12-31,2021-01-01 00:00:00,005999,投资业务现金净额,-178549000000
134,00700.HK,00700,腾讯控股,10009066,2021-12-31 00:00:00,001,12-31,2021-01-01 00:00:00,006999,融资前现金净额,-3363000000
135,00700.HK,00700,腾讯控股,10009066,2021-12-31 00:00:00,001,12-31,2021-01-01 00:00:00,007001,新增借款,56451000000
136,00700.HK,00700,腾讯控股,10009066,2021-12-31 00:00:00,001,12-31,2021-01-01 00:00:00,007002,偿还借款,23721000000
137,00700.HK,00700,腾讯控股,10009066,2021-12-31 00:00:00,001,12-31,2021-01-01 00:00:00,007003,已付利息(融资),7525000000
138,00700.HK,00700,腾讯控股,10009066,2021-12-31 00:00:00,001,12-31,2021-01-01 00:00:00,007004,已付股息(融资),13906000000
139,00700.HK,00700,腾讯控股,10009066,2021-12-31 00:00:00,001,12-31,2021-01-01 00:00:00,007006,发行股份,1770000000
140,00700.HK,00700,腾讯控股,10009066,2021-12-31 00:00:00,001,12-31,2021-01-01 00:00:00,007008,回购股份,4997000000
141,00700.HK,00700,腾讯控股,10009066,2021-12-31 00:00:00,001,12-31,2021-01-01 00:00:00,007010,发行债券,27060000000
142,00700.HK,00700,腾讯控股,10009066,2021-12-31 00:00:00,001,12-31,2021-01-01 00:00:00,007011,偿还融资租赁,4423000000
143,00700.HK,00700,腾讯控股,10009066,2021-12-31 00:00:00,001,12-31,2021-01-01 00:00:00,007013,购买子公司少数股权而支付的现金,9089000000
144,00700.HK,00700,腾讯控股,10009066,2021-12-31 00:00:00,001,12-31,2021-01-01 00:00:00,007999,融资业务现金净额,21620000000
145,00700.HK,00700,腾讯控股,10009066,2021-12-31 00:00:00,001,12-31,2021-01-01 00:00:00,010999,现金净额,18257000000
146,00700.HK,00700,腾讯控股,10009066,2021-12-31 00:00:00,001,12-31,2021-01-01 00:00:00,011001,期初现金,152798000000
147,00700.HK,00700,腾讯控股,10009066,2021-12-31 00:00:00,001,12-31,2021-01-01 00:00:00,011997,期间变动其他项目,-3089000000
148,00700.HK,00700,腾讯控股,10009066,2021-12-31 00:00:00,001,12-31,2021-01-01 00:00:00,011999,期末现金,167966000000
149,00700.HK,00700,腾讯控股,10009066,2021-12-31 00:00:00,001,12-31,2021-01-01 00:00:00,013999,非运算项目,248062000000
150,00700.HK,00700,腾讯控股,10009066,2020-12-31 00:00:00,001,12-31,2020-01-01 00:00:00,001001,除税前溢利(业务利润),180022000000
151,00700.HK,00700,腾讯控股,10009066,2020-12-31 00:00:00,001,12-31,2020-01-01 00:00:00,001002,减:利息收入,6957000000
152,00700.HK,00700,腾讯控股,10009066,2020-12-31 00:00:00,001,12-31,2020-01-01 00:00:00,001003,加:利息支出,7449000000
153,00700.HK,00700,腾讯控股,10009066,2020-12-31 00:00:00,001,12-31,2020-01-01 00:00:00,001004,减:投资收益,1765000000
154,00700.HK,00700,腾讯控股,10009066,2020-12-31 00:00:00,001,12-31,2020-01-01 00:00:00,001005,减:应占附属公司溢利,3672000000
155,00700.HK,00700,腾讯控股,10009066,2020-12-31 00:00:00,001,12-31,2020-01-01 00:00:00,001006,加:减值及拨备,11514000000
156,00700.HK,00700,腾讯控股,10009066,2020-12-31 00:00:00,001,12-31,2020-01-01 00:00:00,001007,减:重估盈余,38909000000
157,00700.HK,00700,腾讯控股,10009066,2020-12-31 00:00:00,001,12-31,2020-01-01 00:00:00,001008,减:出售资产之溢利,24510000000
158,00700.HK,00700,腾讯控股,10009066,2020-12-31 00:00:00,001,12-31,2020-01-01 00:00:00,001009,加:折旧及摊销,50774000000
159,00700.HK,00700,腾讯控股,10009066,2020-12-31 00:00:00,001,12-31,2020-01-01 00:00:00,001010,减:汇兑收益,-438000000
160,00700.HK,00700,腾讯控股,10009066,2020-12-31 00:00:00,001,12-31,2020-01-01 00:00:00,001997,加:经营调整其他项目,12634000000
161,00700.HK,00700,腾讯控股,10009066,2020-12-31 00:00:00,001,12-31,2020-01-01 00:00:00,001999,营运资金变动前经营溢利,187018000000
162,00700.HK,00700,腾讯控股,10009066,2020-12-31 00:00:00,001,12-31,2020-01-01 00:00:00,002001,存货(增加)减少,-95000000
163,00700.HK,00700,腾讯控股,10009066,2020-12-31 00:00:00,001,12-31,2020-01-01 00:00:00,002002,应收帐款减少,-7530000000
164,00700.HK,00700,腾讯控股,10009066,2020-12-31 00:00:00,001,12-31,2020-01-01 00:00:00,002004,应付帐款及应计费用增加(减少),13033000000
165,00700.HK,00700,腾讯控股,10009066,2020-12-31 00:00:00,001,12-31,2020-01-01 00:00:00,002006,营运资本变动其他项目,886000000
166,00700.HK,00700,腾讯控股,10009066,2020-12-31 00:00:00,001,12-31,2020-01-01 00:00:00,002007,预付款项、按金及其他应收款项减少(增加),117000000
167,00700.HK,00700,腾讯控股,10009066,2020-12-31 00:00:00,001,12-31,2020-01-01 00:00:00,002008,预收账款、按金及其他应付款增加(减少),2828000000
168,00700.HK,00700,腾讯控股,10009066,2020-12-31 00:00:00,001,12-31,2020-01-01 00:00:00,002009,递延收入(增加)减少,18184000000
169,00700.HK,00700,腾讯控股,10009066,2020-12-31 00:00:00,001,12-31,2020-01-01 00:00:00,002999,经营产生现金,214441000000
170,00700.HK,00700,腾讯控股,10009066,2020-12-31 00:00:00,001,12-31,2020-01-01 00:00:00,003003,已付税项,20322000000
171,00700.HK,00700,腾讯控股,10009066,2020-12-31 00:00:00,001,12-31,2020-01-01 00:00:00,003999,经营业务现金净额,194119000000
172,00700.HK,00700,腾讯控股,10009066,2020-12-31 00:00:00,001,12-31,2020-01-01 00:00:00,005001,已收利息(投资),5610000000
173,00700.HK,00700,腾讯控股,10009066,2020-12-31 00:00:00,001,12-31,2020-01-01 00:00:00,005002,已收股息(投资),2153000000
174,00700.HK,00700,腾讯控股,10009066,2020-12-31 00:00:00,001,12-31,2020-01-01 00:00:00,005003,存款减少(增加),-26992000000
175,00700.HK,00700,腾讯控股,10009066,2020-12-31 00:00:00,001,12-31,2020-01-01 00:00:00,005005,购建固定资产,34070000000
176,00700.HK,00700,腾讯控股,10009066,2020-12-31 00:00:00,001,12-31,2020-01-01 00:00:00,005007,购建无形资产及其他资产,32529000000
177,00700.HK,00700,腾讯控股,10009066,2020-12-31 00:00:00,001,12-31,2020-01-01 00:00:00,005008,出售附属公司,2223000000
178,00700.HK,00700,腾讯控股,10009066,2020-12-31 00:00:00,001,12-31,2020-01-01 00:00:00,005009,收购附属公司,45877000000
179,00700.HK,00700,腾讯控股,10009066,2020-12-31 00:00:00,001,12-31,2020-01-01 00:00:00,005010,收回投资所得现金,22442000000
180,00700.HK,00700,腾讯控股,10009066,2020-12-31 00:00:00,001,12-31,2020-01-01 00:00:00,005011,投资支付现金,73644000000
181,00700.HK,00700,腾讯控股,10009066,2020-12-31 00:00:00,001,12-31,2020-01-01 00:00:00,005997,投资业务其他项目,-1271000000
182,00700.HK,00700,腾讯控股,10009066,2020-12-31 00:00:00,001,12-31,2020-01-01 00:00:00,005999,投资业务现金净额,-181955000000
183,00700.HK,00700,腾讯控股,10009066,2020-12-31 00:00:00,001,12-31,2020-01-01 00:00:00,006999,融资前现金净额,12164000000
184,00700.HK,00700,腾讯控股,10009066,2020-12-31 00:00:00,001,12-31,2020-01-01 00:00:00,007001,新增借款,31413000000
185,00700.HK,00700,腾讯控股,10009066,2020-12-31 00:00:00,001,12-31,2020-01-01 00:00:00,007002,偿还借款,24411000000
186,00700.HK,00700,腾讯控股,10009066,2020-12-31 00:00:00,001,12-31,2020-01-01 00:00:00,007003,已付利息(融资),7076000000
187,00700.HK,00700,腾讯控股,10009066,2020-12-31 00:00:00,001,12-31,2020-01-01 00:00:00,007004,已付股息(融资),11418000000
188,00700.HK,00700,腾讯控股,10009066,2020-12-31 00:00:00,001,12-31,2020-01-01 00:00:00,007006,发行股份,2316000000
189,00700.HK,00700,腾讯控股,10009066,2020-12-31 00:00:00,001,12-31,2020-01-01 00:00:00,007008,回购股份,1865000000
190,00700.HK,00700,腾讯控股,10009066,2020-12-31 00:00:00,001,12-31,2020-01-01 00:00:00,007009,赎回债券,10460000000
191,00700.HK,00700,腾讯控股,10009066,2020-12-31 00:00:00,001,12-31,2020-01-01 00:00:00,007010,发行债券,47948000000
192,00700.HK,00700,腾讯控股,10009066,2020-12-31 00:00:00,001,12-31,2020-01-01 00:00:00,007011,偿还融资租赁,3537000000
193,00700.HK,00700,腾讯控股,10009066,2020-12-31 00:00:00,001,12-31,2020-01-01 00:00:00,007013,购买子公司少数股权而支付的现金,9263000000
194,00700.HK,00700,腾讯控股,10009066,2020-12-31 00:00:00,001,12-31,2020-01-01 00:00:00,007999,融资业务现金净额,13647000000
195,00700.HK,00700,腾讯控股,10009066,2020-12-31 00:00:00,001,12-31,2020-01-01 00:00:00,010999,现金净额,25811000000
196,00700.HK,00700,腾讯控股,10009066,2020-12-31 00:00:00,001,12-31,2020-01-01 00:00:00,011001,期初现金,132991000000
197,00700.HK,00700,腾讯控股,10009066,2020-12-31 00:00:00,001,12-31,2020-01-01 00:00:00,011997,期间变动其他项目,-6004000000
198,00700.HK,00700,腾讯控股,10009066,2020-12-31 00:00:00,001,12-31,2020-01-01 00:00:00,011999,期末现金,152798000000
199,00700.HK,00700,腾讯控股,10009066,2020-12-31 00:00:00,001,12-31,2020-01-01 00:00:00,013999,非运算项目,180022000000
200,00700.HK,00700,腾讯控股,10009066,2019-12-31 00:00:00,001,12-31,2019-01-01 00:00:00,001001,除税前溢利(业务利润),109400000000
201,00700.HK,00700,腾讯控股,10009066,2019-12-31 00:00:00,001,12-31,2019-01-01 00:00:00,001002,减:利息收入,6314000000
202,00700.HK,00700,腾讯控股,10009066,2019-12-31 00:00:00,001,12-31,2019-01-01 00:00:00,001003,加:利息支出,7690000000
203,00700.HK,00700,腾讯控股,10009066,2019-12-31 00:00:00,001,12-31,2019-01-01 00:00:00,001004,减:投资收益,1014000000
204,00700.HK,00700,腾讯控股,10009066,2019-12-31 00:00:00,001,12-31,2019-01-01 00:00:00,001005,减:应占附属公司溢利,-1681000000
205,00700.HK,00700,腾讯控股,10009066,2019-12-31 00:00:00,001,12-31,2019-01-01 00:00:00,001006,加:减值及拨备,4057000000
206,00700.HK,00700,腾讯控股,10009066,2019-12-31 00:00:00,001,12-31,2019-01-01 00:00:00,001007,减:重估盈余,11158000000
207,00700.HK,00700,腾讯控股,10009066,2019-12-31 00:00:00,001,12-31,2019-01-01 00:00:00,001008,减:出售资产之溢利,8577000000
208,00700.HK,00700,腾讯控股,10009066,2019-12-31 00:00:00,001,12-31,2019-01-01 00:00:00,001009,加:折旧及摊销,44673000000
209,00700.HK,00700,腾讯控股,10009066,2019-12-31 00:00:00,001,12-31,2019-01-01 00:00:00,001010,减:汇兑收益,77000000
210,00700.HK,00700,腾讯控股,10009066,2019-12-31 00:00:00,001,12-31,2019-01-01 00:00:00,001997,加:经营调整其他项目,10127000000
211,00700.HK,00700,腾讯控股,10009066,2019-12-31 00:00:00,001,12-31,2019-01-01 00:00:00,001999,营运资金变动前经营溢利,150488000000
212,00700.HK,00700,腾讯控股,10009066,2019-12-31 00:00:00,001,12-31,2019-01-01 00:00:00,002001,存货(增加)减少,-394000000
213,00700.HK,00700,腾讯控股,10009066,2019-12-31 00:00:00,001,12-31,2019-01-01 00:00:00,002002,应收帐款减少,-6037000000
214,00700.HK,00700,腾讯控股,10009066,2019-12-31 00:00:00,001,12-31,2019-01-01 00:00:00,002004,应付帐款及应计费用增加(减少),6445000000
215,00700.HK,00700,腾讯控股,10009066,2019-12-31 00:00:00,001,12-31,2019-01-01 00:00:00,002006,营运资本变动其他项目,193000000
216,00700.HK,00700,腾讯控股,10009066,2019-12-31 00:00:00,001,12-31,2019-01-01 00:00:00,002007,预付款项、按金及其他应收款项减少(增加),-3953000000
217,00700.HK,00700,腾讯控股,10009066,2019-12-31 00:00:00,001,12-31,2019-01-01 00:00:00,002008,预收账款、按金及其他应付款增加(减少),7022000000
218,00700.HK,00700,腾讯控股,10009066,2019-12-31 00:00:00,001,12-31,2019-01-01 00:00:00,002009,递延收入(增加)减少,12054000000
219,00700.HK,00700,腾讯控股,10009066,2019-12-31 00:00:00,001,12-31,2019-01-01 00:00:00,002999,经营产生现金,165818000000
220,00700.HK,00700,腾讯控股,10009066,2019-12-31 00:00:00,001,12-31,2019-01-01 00:00:00,003003,已付税项,17228000000
221,00700.HK,00700,腾讯控股,10009066,2019-12-31 00:00:00,001,12-31,2019-01-01 00:00:00,003999,经营业务现金净额,148590000000
222,00700.HK,00700,腾讯控股,10009066,2019-12-31 00:00:00,001,12-31,2019-01-01 00:00:00,005001,已收利息(投资),6230000000
223,00700.HK,00700,腾讯控股,10009066,2019-12-31 00:00:00,001,12-31,2019-01-01 00:00:00,005002,已收股息(投资),1670000000
224,00700.HK,00700,腾讯控股,10009066,2019-12-31 00:00:00,001,12-31,2019-01-01 00:00:00,005003,存款减少(增加),-2994000000
225,00700.HK,00700,腾讯控股,10009066,2019-12-31 00:00:00,001,12-31,2019-01-01 00:00:00,005004,处置固定资产,4000000
226,00700.HK,00700,腾讯控股,10009066,2019-12-31 00:00:00,001,12-31,2019-01-01 00:00:00,005005,购建固定资产,22766000000
227,00700.HK,00700,腾讯控股,10009066,2019-12-31 00:00:00,001,12-31,2019-01-01 00:00:00,005007,购建无形资产及其他资产,34222000000
228,00700.HK,00700,腾讯控股,10009066,2019-12-31 00:00:00,001,12-31,2019-01-01 00:00:00,005008,出售附属公司,667000000
229,00700.HK,00700,腾讯控股,10009066,2019-12-31 00:00:00,001,12-31,2019-01-01 00:00:00,005009,收购附属公司,16052000000
230,00700.HK,00700,腾讯控股,10009066,2019-12-31 00:00:00,001,12-31,2019-01-01 00:00:00,005010,收回投资所得现金,16966000000
231,00700.HK,00700,腾讯控股,10009066,2019-12-31 00:00:00,001,12-31,2019-01-01 00:00:00,005011,投资支付现金,60643000000
232,00700.HK,00700,腾讯控股,10009066,2019-12-31 00:00:00,001,12-31,2019-01-01 00:00:00,005997,投资业务其他项目,-5030000000
233,00700.HK,00700,腾讯控股,10009066,2019-12-31 00:00:00,001,12-31,2019-01-01 00:00:00,005999,投资业务现金净额,-116170000000
234,00700.HK,00700,腾讯控股,10009066,2019-12-31 00:00:00,001,12-31,2019-01-01 00:00:00,006999,融资前现金净额,32420000000
235,00700.HK,00700,腾讯控股,10009066,2019-12-31 00:00:00,001,12-31,2019-01-01 00:00:00,007001,新增借款,73450000000
236,00700.HK,00700,腾讯控股,10009066,2019-12-31 00:00:00,001,12-31,2019-01-01 00:00:00,007002,偿还借款,77226000000
237,00700.HK,00700,腾讯控股,10009066,2019-12-31 00:00:00,001,12-31,2019-01-01 00:00:00,007003,已付利息(融资),7047000000
238,00700.HK,00700,腾讯控股,10009066,2019-12-31 00:00:00,001,12-31,2019-01-01 00:00:00,007004,已付股息(融资),9453000000
239,00700.HK,00700,腾讯控股,10009066,2019-12-31 00:00:00,001,12-31,2019-01-01 00:00:00,007006,发行股份,712000000
240,00700.HK,00700,腾讯控股,10009066,2019-12-31 00:00:00,001,12-31,2019-01-01 00:00:00,007008,回购股份,2452000000
241,00700.HK,00700,腾讯控股,10009066,2019-12-31 00:00:00,001,12-31,2019-01-01 00:00:00,007009,赎回债券,13465000000
242,00700.HK,00700,腾讯控股,10009066,2019-12-31 00:00:00,001,12-31,2019-01-01 00:00:00,007010,发行债券,40202000000
243,00700.HK,00700,腾讯控股,10009066,2019-12-31 00:00:00,001,12-31,2019-01-01 00:00:00,007011,偿还融资租赁,2400000000
244,00700.HK,00700,腾讯控股,10009066,2019-12-31 00:00:00,001,12-31,2019-01-01 00:00:00,007013,购买子公司少数股权而支付的现金,649000000
245,00700.HK,00700,腾讯控股,10009066,2019-12-31 00:00:00,001,12-31,2019-01-01 00:00:00,007999,融资业务现金净额,1672000000
246,00700.HK,00700,腾讯控股,10009066,2019-12-31 00:00:00,001,12-31,2019-01-01 00:00:00,010999,现金净额,34092000000
247,00700.HK,00700,腾讯控股,10009066,2019-12-31 00:00:00,001,12-31,2019-01-01 00:00:00,011001,期初现金,97814000000
248,00700.HK,00700,腾讯控股,10009066,2019-12-31 00:00:00,001,12-31,2019-01-01 00:00:00,011997,期间变动其他项目,1085000000
249,00700.HK,00700,腾讯控股,10009066,2019-12-31 00:00:00,001,12-31,2019-01-01 00:00:00,011999,期末现金,132991000000
250,00700.HK,00700,腾讯控股,10009066,2019-12-31 00:00:00,001,12-31,2019-01-01 00:00:00,013999,非运算项目,109400000000
251,00700.HK,00700,腾讯控股,10009066,2018-12-31 00:00:00,001,12-31,2018-01-01 00:00:00,001001,除税前溢利(业务利润),94466000000
252,00700.HK,00700,腾讯控股,10009066,2018-12-31 00:00:00,001,12-31,2018-01-01 00:00:00,001002,减:利息收入,4569000000
253,00700.HK,00700,腾讯控股,10009066,2018-12-31 00:00:00,001,12-31,2018-01-01 00:00:00,001003,加:利息支出,4898000000
254,00700.HK,00700,腾讯控股,10009066,2018-12-31 00:00:00,001,12-31,2018-01-01 00:00:00,001004,减:投资收益,686000000
255,00700.HK,00700,腾讯控股,10009066,2018-12-31 00:00:00,001,12-31,2018-01-01 00:00:00,001005,减:应占附属公司溢利,1487000000
256,00700.HK,00700,腾讯控股,10009066,2018-12-31 00:00:00,001,12-31,2018-01-01 00:00:00,001006,加:减值及拨备,17578000000
257,00700.HK,00700,腾讯控股,10009066,2018-12-31 00:00:00,001,12-31,2018-01-01 00:00:00,001007,减:重估盈余,29757000000
258,00700.HK,00700,腾讯控股,10009066,2018-12-31 00:00:00,001,12-31,2018-01-01 00:00:00,001008,减:出售资产之溢利,2885000000
259,00700.HK,00700,腾讯控股,10009066,2018-12-31 00:00:00,001,12-31,2018-01-01 00:00:00,001009,加:折旧及摊销,34248000000
260,00700.HK,00700,腾讯控股,10009066,2018-12-31 00:00:00,001,12-31,2018-01-01 00:00:00,001010,减:汇兑收益,228000000
261,00700.HK,00700,腾讯控股,10009066,2018-12-31 00:00:00,001,12-31,2018-01-01 00:00:00,001997,加:经营调整其他项目,9388000000
262,00700.HK,00700,腾讯控股,10009066,2018-12-31 00:00:00,001,12-31,2018-01-01 00:00:00,001999,营运资金变动前经营溢利,120966000000
263,00700.HK,00700,腾讯控股,10009066,2018-12-31 00:00:00,001,12-31,2018-01-01 00:00:00,002001,存货(增加)减少,-29000000
264,00700.HK,00700,腾讯控股,10009066,2018-12-31 00:00:00,001,12-31,2018-01-01 00:00:00,002002,应收帐款减少,-10302000000
265,00700.HK,00700,腾讯控股,10009066,2018-12-31 00:00:00,001,12-31,2018-01-01 00:00:00,002004,应付帐款及应计费用增加(减少),22955000000
266,00700.HK,00700,腾讯控股,10009066,2018-12-31 00:00:00,001,12-31,2018-01-01 00:00:00,002006,营运资本变动其他项目,-19000000
267,00700.HK,00700,腾讯控股,10009066,2018-12-31 00:00:00,001,12-31,2018-01-01 00:00:00,002007,预付款项、按金及其他应收款项减少(增加),-4050000000
268,00700.HK,00700,腾讯控股,10009066,2018-12-31 00:00:00,001,12-31,2018-01-01 00:00:00,002008,预收账款、按金及其他应付款增加(减少),-3559000000
269,00700.HK,00700,腾讯控股,10009066,2018-12-31 00:00:00,001,12-31,2018-01-01 00:00:00,002009,递延收入(增加)减少,-505000000
270,00700.HK,00700,腾讯控股,10009066,2018-12-31 00:00:00,001,12-31,2018-01-01 00:00:00,002999,经营产生现金,125457000000
271,00700.HK,00700,腾讯控股,10009066,2018-12-31 00:00:00,001,12-31,2018-01-01 00:00:00,003003,已付税项,14521000000
272,00700.HK,00700,腾讯控股,10009066,2018-12-31 00:00:00,001,12-31,2018-01-01 00:00:00,003999,经营业务现金净额,110936000000
273,00700.HK,00700,腾讯控股,10009066,2018-12-31 00:00:00,001,12-31,2018-01-01 00:00:00,005001,已收利息(投资),4435000000
274,00700.HK,00700,腾讯控股,10009066,2018-12-31 00:00:00,001,12-31,2018-01-01 00:00:00,005002,已收股息(投资),1724000000
275,00700.HK,00700,腾讯控股,10009066,2018-12-31 00:00:00,001,12-31,2018-01-01 00:00:00,005003,存款减少(增加),-20828000000
276,00700.HK,00700,腾讯控股,10009066,2018-12-31 00:00:00,001,12-31,2018-01-01 00:00:00,005004,处置固定资产,33000000
277,00700.HK,00700,腾讯控股,10009066,2018-12-31 00:00:00,001,12-31,2018-01-01 00:00:00,005005,购建固定资产,19743000000
278,00700.HK,00700,腾讯控股,10009066,2018-12-31 00:00:00,001,12-31,2018-01-01 00:00:00,005007,购建无形资产及其他资产,34318000000
279,00700.HK,00700,腾讯控股,10009066,2018-12-31 00:00:00,001,12-31,2018-01-01 00:00:00,005008,出售附属公司,228000000
280,00700.HK,00700,腾讯控股,10009066,2018-12-31 00:00:00,001,12-31,2018-01-01 00:00:00,005009,收购附属公司,43334000000
281,00700.HK,00700,腾讯控股,10009066,2018-12-31 00:00:00,001,12-31,2018-01-01 00:00:00,005010,收回投资所得现金,33478000000
282,00700.HK,00700,腾讯控股,10009066,2018-12-31 00:00:00,001,12-31,2018-01-01 00:00:00,005011,投资支付现金,71810000000
283,00700.HK,00700,腾讯控股,10009066,2018-12-31 00:00:00,001,12-31,2018-01-01 00:00:00,005997,投资业务其他项目,-1778000000
284,00700.HK,00700,腾讯控股,10009066,2018-12-31 00:00:00,001,12-31,2018-01-01 00:00:00,005999,投资业务现金净额,-151913000000
285,00700.HK,00700,腾讯控股,10009066,2018-12-31 00:00:00,001,12-31,2018-01-01 00:00:00,006999,融资前现金净额,-40977000000
286,00700.HK,00700,腾讯控股,10009066,2018-12-31 00:00:00,001,12-31,2018-01-01 00:00:00,007001,新增借款,33700000000
287,00700.HK,00700,腾讯控股,10009066,2018-12-31 00:00:00,001,12-31,2018-01-01 00:00:00,007002,偿还借款,23739000000
288,00700.HK,00700,腾讯控股,10009066,2018-12-31 00:00:00,001,12-31,2018-01-01 00:00:00,007003,已付利息(融资),4493000000
289,00700.HK,00700,腾讯控股,10009066,2018-12-31 00:00:00,001,12-31,2018-01-01 00:00:00,007004,已付股息(融资),7396000000
290,00700.HK,00700,腾讯控股,10009066,2018-12-31 00:00:00,001,12-31,2018-01-01 00:00:00,007006,发行股份,7763000000
291,00700.HK,00700,腾讯控股,10009066,2018-12-31 00:00:00,001,12-31,2018-01-01 00:00:00,007008,回购股份,2750000000
292,00700.HK,00700,腾讯控股,10009066,2018-12-31 00:00:00,001,12-31,2018-01-01 00:00:00,007009,赎回债券,4666000000
293,00700.HK,00700,腾讯控股,10009066,2018-12-31 00:00:00,001,12-31,2018-01-01 00:00:00,007010,发行债券,32547000000
294,00700.HK,00700,腾讯控股,10009066,2018-12-31 00:00:00,001,12-31,2018-01-01 00:00:00,007013,购买子公司少数股权而支付的现金,79000000
295,00700.HK,00700,腾讯控股,10009066,2018-12-31 00:00:00,001,12-31,2018-01-01 00:00:00,007999,融资业务现金净额,30887000000
296,00700.HK,00700,腾讯控股,10009066,2018-12-31 00:00:00,001,12-31,2018-01-01 00:00:00,010999,现金净额,-10090000000
297,00700.HK,00700,腾讯控股,10009066,2018-12-31 00:00:00,001,12-31,2018-01-01 00:00:00,011001,期初现金,105697000000
298,00700.HK,00700,腾讯控股,10009066,2018-12-31 00:00:00,001,12-31,2018-01-01 00:00:00,011997,期间变动其他项目,2207000000
299,00700.HK,00700,腾讯控股,10009066,2018-12-31 00:00:00,001,12-31,2018-01-01 00:00:00,011999,期末现金,97814000000
300,00700.HK,00700,腾讯控股,10009066,2018-12-31 00:00:00,001,12-31,2018-01-01 00:00:00,013999,非运算项目,94466000000
301,00700.HK,00700,腾讯控股,10009066,2017-12-31 00:00:00,001,12-31,2017-01-01 00:00:00,001001,除税前溢利(业务利润),88215000000
302,00700.HK,00700,腾讯控股,10009066,2017-12-31 00:00:00,001,12-31,2017-01-01 00:00:00,001002,减:利息收入,3940000000
303,00700.HK,00700,腾讯控股,10009066,2017-12-31 00:00:00,001,12-31,2017-01-01 00:00:00,001004,减:投资收益,1713000000
304,00700.HK,00700,腾讯控股,10009066,2017-12-31 00:00:00,001,12-31,2017-01-01 00:00:00,001005,减:应占附属公司溢利,821000000
305,00700.HK,00700,腾讯控股,10009066,2017-12-31 00:00:00,001,12-31,2017-01-01 00:00:00,001006,加:减值及拨备,2794000000
306,00700.HK,00700,腾讯控股,10009066,2017-12-31 00:00:00,001,12-31,2017-01-01 00:00:00,001007,减:重估盈余,4298000000
307,00700.HK,00700,腾讯控股,10009066,2017-12-31 00:00:00,001,12-31,2017-01-01 00:00:00,001008,减:出售资产之溢利,13494000000
308,00700.HK,00700,腾讯控股,10009066,2017-12-31 00:00:00,001,12-31,2017-01-01 00:00:00,001009,加:折旧及摊销,23611000000
309,00700.HK,00700,腾讯控股,10009066,2017-12-31 00:00:00,001,12-31,2017-01-01 00:00:00,001010,减:汇兑收益,152000000
310,00700.HK,00700,腾讯控股,10009066,2017-12-31 00:00:00,001,12-31,2017-01-01 00:00:00,001997,加:经营调整其他项目,6137000000
311,00700.HK,00700,腾讯控股,10009066,2017-12-31 00:00:00,001,12-31,2017-01-01 00:00:00,001999,营运资金变动前经营溢利,96339000000
312,00700.HK,00700,腾讯控股,10009066,2017-12-31 00:00:00,001,12-31,2017-01-01 00:00:00,002001,存货(增加)减少,-39000000
313,00700.HK,00700,腾讯控股,10009066,2017-12-31 00:00:00,001,12-31,2017-01-01 00:00:00,002002,应收帐款减少,-6400000000
314,00700.HK,00700,腾讯控股,10009066,2017-12-31 00:00:00,001,12-31,2017-01-01 00:00:00,002004,应付帐款及应计费用增加(减少),16134000000
315,00700.HK,00700,腾讯控股,10009066,2017-12-31 00:00:00,001,12-31,2017-01-01 00:00:00,002006,营运资本变动其他项目,189000000
316,00700.HK,00700,腾讯控股,10009066,2017-12-31 00:00:00,001,12-31,2017-01-01 00:00:00,002007,预付款项、按金及其他应收款项减少(增加),-3760000000
317,00700.HK,00700,腾讯控股,10009066,2017-12-31 00:00:00,001,12-31,2017-01-01 00:00:00,002008,预收账款、按金及其他应付款增加(减少),8422000000
318,00700.HK,00700,腾讯控股,10009066,2017-12-31 00:00:00,001,12-31,2017-01-01 00:00:00,002009,递延收入(增加)减少,9117000000
319,00700.HK,00700,腾讯控股,10009066,2017-12-31 00:00:00,001,12-31,2017-01-01 00:00:00,002999,经营产生现金,120002000000
320,00700.HK,00700,腾讯控股,10009066,2017-12-31 00:00:00,001,12-31,2017-01-01 00:00:00,003003,已付税项,13862000000
321,00700.HK,00700,腾讯控股,10009066,2017-12-31 00:00:00,001,12-31,2017-01-01 00:00:00,003999,经营业务现金净额,106140000000
322,00700.HK,00700,腾讯控股,10009066,2017-12-31 00:00:00,001,12-31,2017-01-01 00:00:00,005001,已收利息(投资),3529000000
323,00700.HK,00700,腾讯控股,10009066,2017-12-31 00:00:00,001,12-31,2017-01-01 00:00:00,005002,已收股息(投资),2009000000
324,00700.HK,00700,腾讯控股,10009066,2017-12-31 00:00:00,001,12-31,2017-01-01 00:00:00,005003,存款减少(增加),13646000000
325,00700.HK,00700,腾讯控股,10009066,2017-12-31 00:00:00,001,12-31,2017-01-01 00:00:00,005004,处置固定资产,28000000
326,00700.HK,00700,腾讯控股,10009066,2017-12-31 00:00:00,001,12-31,2017-01-01 00:00:00,005005,购建固定资产,12108000000
327,00700.HK,00700,腾讯控股,10009066,2017-12-31 00:00:00,001,12-31,2017-01-01 00:00:00,005007,购建无形资产及其他资产,19896000000
328,00700.HK,00700,腾讯控股,10009066,2017-12-31 00:00:00,001,12-31,2017-01-01 00:00:00,005008,出售附属公司,1121000000
329,00700.HK,00700,腾讯控股,10009066,2017-12-31 00:00:00,001,12-31,2017-01-01 00:00:00,005009,收购附属公司,41024000000
330,00700.HK,00700,腾讯控股,10009066,2017-12-31 00:00:00,001,12-31,2017-01-01 00:00:00,005010,收回投资所得现金,5700000000
331,00700.HK,00700,腾讯控股,10009066,2017-12-31 00:00:00,001,12-31,2017-01-01 00:00:00,005011,投资支付现金,48711000000
332,00700.HK,00700,腾讯控股,10009066,2017-12-31 00:00:00,001,12-31,2017-01-01 00:00:00,005997,投资业务其他项目,-686000000
333,00700.HK,00700,腾讯控股,10009066,2017-12-31 00:00:00,001,12-31,2017-01-01 00:00:00,005999,投资业务现金净额,-96392000000
334,00700.HK,00700,腾讯控股,10009066,2017-12-31 00:00:00,001,12-31,2017-01-01 00:00:00,006999,融资前现金净额,9748000000
335,00700.HK,00700,腾讯控股,10009066,2017-12-31 00:00:00,001,12-31,2017-01-01 00:00:00,007001,新增借款,50193000000
336,00700.HK,00700,腾讯控股,10009066,2017-12-31 00:00:00,001,12-31,2017-01-01 00:00:00,007002,偿还借款,17731000000
337,00700.HK,00700,腾讯控股,10009066,2017-12-31 00:00:00,001,12-31,2017-01-01 00:00:00,007004,已付股息(融资),5998000000
338,00700.HK,00700,腾讯控股,10009066,2017-12-31 00:00:00,001,12-31,2017-01-01 00:00:00,007006,发行股份,6637000000
339,00700.HK,00700,腾讯控股,10009066,2017-12-31 00:00:00,001,12-31,2017-01-01 00:00:00,007008,回购股份,2232000000
340,00700.HK,00700,腾讯控股,10009066,2017-12-31 00:00:00,001,12-31,2017-01-01 00:00:00,007009,赎回债券,3450000000
341,00700.HK,00700,腾讯控股,10009066,2017-12-31 00:00:00,001,12-31,2017-01-01 00:00:00,007013,购买子公司少数股权而支付的现金,821000000
342,00700.HK,00700,腾讯控股,10009066,2017-12-31 00:00:00,001,12-31,2017-01-01 00:00:00,007999,融资业务现金净额,26598000000
343,00700.HK,00700,腾讯控股,10009066,2017-12-31 00:00:00,001,12-31,2017-01-01 00:00:00,010999,现金净额,36346000000
344,00700.HK,00700,腾讯控股,10009066,2017-12-31 00:00:00,001,12-31,2017-01-01 00:00:00,011001,期初现金,71902000000
345,00700.HK,00700,腾讯控股,10009066,2017-12-31 00:00:00,001,12-31,2017-01-01 00:00:00,011997,期间变动其他项目,-2551000000
346,00700.HK,00700,腾讯控股,10009066,2017-12-31 00:00:00,001,12-31,2017-01-01 00:00:00,011999,期末现金,105697000000
347,00700.HK,00700,腾讯控股,10009066,2017-12-31 00:00:00,001,12-31,2017-01-01 00:00:00,013999,非运算项目,88215000000
348,00700.HK,00700,腾讯控股,10009066,2016-12-31 00:00:00,001,12-31,2016-01-01 00:00:00,001001,除税前溢利(业务利润),51640000000
349,00700.HK,00700,腾讯控股,10009066,2016-12-31 00:00:00,001,12-31,2016-01-01 00:00:00,001002,减:利息收入,2619000000
350,00700.HK,00700,腾讯控股,10009066,2016-12-31 00:00:00,001,12-31,2016-01-01 00:00:00,001004,减:投资收益,563000000
351,00700.HK,00700,腾讯控股,10009066,2016-12-31 00:00:00,001,12-31,2016-01-01 00:00:00,001005,减:应占附属公司溢利,-2522000000
352,00700.HK,00700,腾讯控股,10009066,2016-12-31 00:00:00,001,12-31,2016-01-01 00:00:00,001006,加:减值及拨备,366000000
353,00700.HK,00700,腾讯控股,10009066,2016-12-31 00:00:00,001,12-31,2016-01-01 00:00:00,001007,减:重估盈余,658000000
354,00700.HK,00700,腾讯控股,10009066,2016-12-31 00:00:00,001,12-31,2016-01-01 00:00:00,001008,减:出售资产之溢利,2463000000
355,00700.HK,00700,腾讯控股,10009066,2016-12-31 00:00:00,001,12-31,2016-01-01 00:00:00,001009,加:折旧及摊销,12741000000
356,00700.HK,00700,腾讯控股,10009066,2016-12-31 00:00:00,001,12-31,2016-01-01 00:00:00,001010,减:汇兑收益,212000000
357,00700.HK,00700,腾讯控股,10009066,2016-12-31 00:00:00,001,12-31,2016-01-01 00:00:00,001997,加:经营调整其他项目,4313000000
358,00700.HK,00700,腾讯控股,10009066,2016-12-31 00:00:00,001,12-31,2016-01-01 00:00:00,001999,营运资金变动前经营溢利,65067000000
359,00700.HK,00700,腾讯控股,10009066,2016-12-31 00:00:00,001,12-31,2016-01-01 00:00:00,002001,存货(增加)减少,-38000000
360,00700.HK,00700,腾讯控股,10009066,2016-12-31 00:00:00,001,12-31,2016-01-01 00:00:00,002002,应收帐款减少,-2930000000
361,00700.HK,00700,腾讯控股,10009066,2016-12-31 00:00:00,001,12-31,2016-01-01 00:00:00,002004,应付帐款及应计费用增加(减少),7060000000
362,00700.HK,00700,腾讯控股,10009066,2016-12-31 00:00:00,001,12-31,2016-01-01 00:00:00,002006,营运资本变动其他项目,49000000
363,00700.HK,00700,腾讯控股,10009066,2016-12-31 00:00:00,001,12-31,2016-01-01 00:00:00,002007,预付款项、按金及其他应收款项减少(增加),-4108000000
364,00700.HK,00700,腾讯控股,10009066,2016-12-31 00:00:00,001,12-31,2016-01-01 00:00:00,002008,预收账款、按金及其他应付款增加(减少),2506000000
365,00700.HK,00700,腾讯控股,10009066,2016-12-31 00:00:00,001,12-31,2016-01-01 00:00:00,002009,递延收入(增加)减少,8428000000
366,00700.HK,00700,腾讯控股,10009066,2016-12-31 00:00:00,001,12-31,2016-01-01 00:00:00,002999,经营产生现金,76034000000
367,00700.HK,00700,腾讯控股,10009066,2016-12-31 00:00:00,001,12-31,2016-01-01 00:00:00,003003,已付税项,10516000000
368,00700.HK,00700,腾讯控股,10009066,2016-12-31 00:00:00,001,12-31,2016-01-01 00:00:00,003999,经营业务现金净额,65518000000
369,00700.HK,00700,腾讯控股,10009066,2016-12-31 00:00:00,001,12-31,2016-01-01 00:00:00,005001,已收利息(投资),1718000000
370,00700.HK,00700,腾讯控股,10009066,2016-12-31 00:00:00,001,12-31,2016-01-01 00:00:00,005002,已收股息(投资),719000000
371,00700.HK,00700,腾讯控股,10009066,2016-12-31 00:00:00,001,12-31,2016-01-01 00:00:00,005003,存款减少(增加),-14730000000
372,00700.HK,00700,腾讯控股,10009066,2016-12-31 00:00:00,001,12-31,2016-01-01 00:00:00,005004,处置固定资产,31000000
373,00700.HK,00700,腾讯控股,10009066,2016-12-31 00:00:00,001,12-31,2016-01-01 00:00:00,005005,购建固定资产,8399000000
374,00700.HK,00700,腾讯控股,10009066,2016-12-31 00:00:00,001,12-31,2016-01-01 00:00:00,005007,购建无形资产及其他资产,10355000000
375,00700.HK,00700,腾讯控股,10009066,2016-12-31 00:00:00,001,12-31,2016-01-01 00:00:00,005008,出售附属公司,1995000000
376,00700.HK,00700,腾讯控股,10009066,2016-12-31 00:00:00,001,12-31,2016-01-01 00:00:00,005009,收购附属公司,11035000000
377,00700.HK,00700,腾讯控股,10009066,2016-12-31 00:00:00,001,12-31,2016-01-01 00:00:00,005010,收回投资所得现金,1637000000
378,00700.HK,00700,腾讯控股,10009066,2016-12-31 00:00:00,001,12-31,2016-01-01 00:00:00,005011,投资支付现金,33556000000
379,00700.HK,00700,腾讯控股,10009066,2016-12-31 00:00:00,001,12-31,2016-01-01 00:00:00,005997,投资业务其他项目,1052000000
380,00700.HK,00700,腾讯控股,10009066,2016-12-31 00:00:00,001,12-31,2016-01-01 00:00:00,005999,投资业务现金净额,-70923000000
381,00700.HK,00700,腾讯控股,10009066,2016-12-31 00:00:00,001,12-31,2016-01-01 00:00:00,006999,融资前现金净额,-5405000000
382,00700.HK,00700,腾讯控股,10009066,2016-12-31 00:00:00,001,12-31,2016-01-01 00:00:00,007001,新增借款,57781000000
383,00700.HK,00700,腾讯控股,10009066,2016-12-31 00:00:00,001,12-31,2016-01-01 00:00:00,007002,偿还借款,15691000000
384,00700.HK,00700,腾讯控股,10009066,2016-12-31 00:00:00,001,12-31,2016-01-01 00:00:00,007004,已付股息(融资),4606000000
385,00700.HK,00700,腾讯控股,10009066,2016-12-31 00:00:00,001,12-31,2016-01-01 00:00:00,007006,发行股份,1618000000
386,00700.HK,00700,腾讯控股,10009066,2016-12-31 00:00:00,001,12-31,2016-01-01 00:00:00,007008,回购股份,1936000000
387,00700.HK,00700,腾讯控股,10009066,2016-12-31 00:00:00,001,12-31,2016-01-01 00:00:00,007009,赎回债券,4626000000
388,00700.HK,00700,腾讯控股,10009066,2016-12-31 00:00:00,001,12-31,2016-01-01 00:00:00,007013,购买子公司少数股权而支付的现金,1097000000
389,00700.HK,00700,腾讯控股,10009066,2016-12-31 00:00:00,001,12-31,2016-01-01 00:00:00,007999,融资业务现金净额,31443000000
390,00700.HK,00700,腾讯控股,10009066,2016-12-31 00:00:00,001,12-31,2016-01-01 00:00:00,010999,现金净额,26038000000
391,00700.HK,00700,腾讯控股,10009066,2016-12-31 00:00:00,001,12-31,2016-01-01 00:00:00,011001,期初现金,43438000000
392,00700.HK,00700,腾讯控股,10009066,2016-12-31 00:00:00,001,12-31,2016-01-01 00:00:00,011997,期间变动其他项目,2426000000
393,00700.HK,00700,腾讯控股,10009066,2016-12-31 00:00:00,001,12-31,2016-01-01 00:00:00,011999,期末现金,71902000000
394,00700.HK,00700,腾讯控股,10009066,2016-12-31 00:00:00,001,12-31,2016-01-01 00:00:00,013999,非运算项目,51640000000
395,00700.HK,00700,腾讯控股,10009066,2015-12-31 00:00:00,001,12-31,2015-01-01 00:00:00,001001,除税前溢利(业务利润),36216000000
396,00700.HK,00700,腾讯控股,10009066,2015-12-31 00:00:00,001,12-31,2015-01-01 00:00:00,001002,减:利息收入,2327000000
397,00700.HK,00700,腾讯控股,10009066,2015-12-31 00:00:00,001,12-31,2015-01-01 00:00:00,001004,减:投资收益,272000000
398,00700.HK,00700,腾讯控股,10009066,2015-12-31 00:00:00,001,12-31,2015-01-01 00:00:00,001005,减:应占附属公司溢利,-2793000000
399,00700.HK,00700,腾讯控股,10009066,2015-12-31 00:00:00,001,12-31,2015-01-01 00:00:00,001006,加:减值及拨备,2373000000
400,00700.HK,00700,腾讯控股,10009066,2015-12-31 00:00:00,001,12-31,2015-01-01 00:00:00,001007,减:重估盈余,462000000
401,00700.HK,00700,腾讯控股,10009066,2015-12-31 00:00:00,001,12-31,2015-01-01 00:00:00,001008,减:出售资产之溢利,3770000000
402,00700.HK,00700,腾讯控股,10009066,2015-12-31 00:00:00,001,12-31,2015-01-01 00:00:00,001009,加:折旧及摊销,6674000000
403,00700.HK,00700,腾讯控股,10009066,2015-12-31 00:00:00,001,12-31,2015-01-01 00:00:00,001010,减:汇兑收益,-108000000
404,00700.HK,00700,腾讯控股,10009066,2015-12-31 00:00:00,001,12-31,2015-01-01 00:00:00,001997,加:经营调整其他项目,2756000000
405,00700.HK,00700,腾讯控股,10009066,2015-12-31 00:00:00,001,12-31,2015-01-01 00:00:00,001999,营运资金变动前经营溢利,44089000000
406,00700.HK,00700,腾讯控股,10009066,2015-12-31 00:00:00,001,12-31,2015-01-01 00:00:00,002001,存货(增加)减少,-17000000
407,00700.HK,00700,腾讯控股,10009066,2015-12-31 00:00:00,001,12-31,2015-01-01 00:00:00,002002,应收帐款减少,-2469000000
408,00700.HK,00700,腾讯控股,10009066,2015-12-31 00:00:00,001,12-31,2015-01-01 00:00:00,002004,应付帐款及应计费用增加(减少),5969000000
409,00700.HK,00700,腾讯控股,10009066,2015-12-31 00:00:00,001,12-31,2015-01-01 00:00:00,002006,营运资本变动其他项目,-106000000
410,00700.HK,00700,腾讯控股,10009066,2015-12-31 00:00:00,001,12-31,2015-01-01 00:00:00,002007,预付款项、按金及其他应收款项减少(增加),-5081000000
411,00700.HK,00700,腾讯控股,10009066,2015-12-31 00:00:00,001,12-31,2015-01-01 00:00:00,002008,预收账款、按金及其他应付款增加(减少),3654000000
412,00700.HK,00700,腾讯控股,10009066,2015-12-31 00:00:00,001,12-31,2015-01-01 00:00:00,002009,递延收入(增加)减少,4439000000
413,00700.HK,00700,腾讯控股,10009066,2015-12-31 00:00:00,001,12-31,2015-01-01 00:00:00,002999,经营产生现金,50478000000
414,00700.HK,00700,腾讯控股,10009066,2015-12-31 00:00:00,001,12-31,2015-01-01 00:00:00,003003,已付税项,5047000000
415,00700.HK,00700,腾讯控股,10009066,2015-12-31 00:00:00,001,12-31,2015-01-01 00:00:00,003999,经营业务现金净额,45431000000
416,00700.HK,00700,腾讯控股,10009066,2015-12-31 00:00:00,001,12-31,2015-01-01 00:00:00,005001,已收利息(投资),2274000000
417,00700.HK,00700,腾讯控股,10009066,2015-12-31 00:00:00,001,12-31,2015-01-01 00:00:00,005002,已收股息(投资),515000000
418,00700.HK,00700,腾讯控股,10009066,2015-12-31 00:00:00,001,12-31,2015-01-01 00:00:00,005003,存款减少(增加),-25376000000
419,00700.HK,00700,腾讯控股,10009066,2015-12-31 00:00:00,001,12-31,2015-01-01 00:00:00,005004,处置固定资产,70000000
420,00700.HK,00700,腾讯控股,10009066,2015-12-31 00:00:00,001,12-31,2015-01-01 00:00:00,005005,购建固定资产,5440000000
421,00700.HK,00700,腾讯控股,10009066,2015-12-31 00:00:00,001,12-31,2015-01-01 00:00:00,005006,处置无形资产及其他资产,115000000
422,00700.HK,00700,腾讯控股,10009066,2015-12-31 00:00:00,001,12-31,2015-01-01 00:00:00,005007,购建无形资产及其他资产,7665000000
423,00700.HK,00700,腾讯控股,10009066,2015-12-31 00:00:00,001,12-31,2015-01-01 00:00:00,005008,出售附属公司,1188000000
424,00700.HK,00700,腾讯控股,10009066,2015-12-31 00:00:00,001,12-31,2015-01-01 00:00:00,005009,收购附属公司,15666000000
425,00700.HK,00700,腾讯控股,10009066,2015-12-31 00:00:00,001,12-31,2015-01-01 00:00:00,005010,收回投资所得现金,223000000
426,00700.HK,00700,腾讯控股,10009066,2015-12-31 00:00:00,001,12-31,2015-01-01 00:00:00,005011,投资支付现金,13001000000
427,00700.HK,00700,腾讯控股,10009066,2015-12-31 00:00:00,001,12-31,2015-01-01 00:00:00,005997,投资业务其他项目,-842000000
428,00700.HK,00700,腾讯控股,10009066,2015-12-31 00:00:00,001,12-31,2015-01-01 00:00:00,005999,投资业务现金净额,-63605000000
429,00700.HK,00700,腾讯控股,10009066,2015-12-31 00:00:00,001,12-31,2015-01-01 00:00:00,006999,融资前现金净额,-18174000000
430,00700.HK,00700,腾讯控股,10009066,2015-12-31 00:00:00,001,12-31,2015-01-01 00:00:00,007001,新增借款,17146000000
431,00700.HK,00700,腾讯控股,10009066,2015-12-31 00:00:00,001,12-31,2015-01-01 00:00:00,007002,偿还借款,2200000000
432,00700.HK,00700,腾讯控股,10009066,2015-12-31 00:00:00,001,12-31,2015-01-01 00:00:00,007004,已付股息(融资),3189000000
433,00700.HK,00700,腾讯控股,10009066,2015-12-31 00:00:00,001,12-31,2015-01-01 00:00:00,007005,吸收投资所得,99000000
434,00700.HK,00700,腾讯控股,10009066,2015-12-31 00:00:00,001,12-31,2015-01-01 00:00:00,007006,发行股份,169000000
435,00700.HK,00700,腾讯控股,10009066,2015-12-31 00:00:00,001,12-31,2015-01-01 00:00:00,007008,回购股份,652000000
436,00700.HK,00700,腾讯控股,10009066,2015-12-31 00:00:00,001,12-31,2015-01-01 00:00:00,007009,赎回债券,1917000000
437,00700.HK,00700,腾讯控股,10009066,2015-12-31 00:00:00,001,12-31,2015-01-01 00:00:00,007010,发行债券,13619000000
438,00700.HK,00700,腾讯控股,10009066,2015-12-31 00:00:00,001,12-31,2015-01-01 00:00:00,007013,购买子公司少数股权而支付的现金,4547000000
439,00700.HK,00700,腾讯控股,10009066,2015-12-31 00:00:00,001,12-31,2015-01-01 00:00:00,007999,融资业务现金净额,18528000000
440,00700.HK,00700,腾讯控股,10009066,2015-12-31 00:00:00,001,12-31,2015-01-01 00:00:00,010999,现金净额,354000000
441,00700.HK,00700,腾讯控股,10009066,2015-12-31 00:00:00,001,12-31,2015-01-01 00:00:00,011001,期初现金,42713000000
442,00700.HK,00700,腾讯控股,10009066,2015-12-31 00:00:00,001,12-31,2015-01-01 00:00:00,011997,期间变动其他项目,371000000
443,00700.HK,00700,腾讯控股,10009066,2015-12-31 00:00:00,001,12-31,2015-01-01 00:00:00,011999,期末现金,43438000000
444,00700.HK,00700,腾讯控股,10009066,2015-12-31 00:00:00,001,12-31,2015-01-01 00:00:00,013999,非运算项目,36216000000
445,00700.HK,00700,腾讯控股,10009066,2014-12-31 00:00:00,001,12-31,2014-01-01 00:00:00,001001,除税前溢利(业务利润),29013000000
446,00700.HK,00700,腾讯控股,10009066,2014-12-31 00:00:00,001,12-31,2014-01-01 00:00:00,001002,减:利息收入,1676000000
447,00700.HK,00700,腾讯控股,10009066,2014-12-31 00:00:00,001,12-31,2014-01-01 00:00:00,001004,减:投资收益,144000000
448,00700.HK,00700,腾讯控股,10009066,2014-12-31 00:00:00,001,12-31,2014-01-01 00:00:00,001005,减:应占附属公司溢利,-347000000
449,00700.HK,00700,腾讯控股,10009066,2014-12-31 00:00:00,001,12-31,2014-01-01 00:00:00,001006,加:减值及拨备,2510000000
450,00700.HK,00700,腾讯控股,10009066,2014-12-31 00:00:00,001,12-31,2014-01-01 00:00:00,001007,减:重估盈余,86000000
451,00700.HK,00700,腾讯控股,10009066,2014-12-31 00:00:00,001,12-31,2014-01-01 00:00:00,001008,减:出售资产之溢利,5054000000
452,00700.HK,00700,腾讯控股,10009066,2014-12-31 00:00:00,001,12-31,2014-01-01 00:00:00,001009,加:折旧及摊销,4818000000
453,00700.HK,00700,腾讯控股,10009066,2014-12-31 00:00:00,001,12-31,2014-01-01 00:00:00,001010,减:汇兑收益,-316000000
454,00700.HK,00700,腾讯控股,10009066,2014-12-31 00:00:00,001,12-31,2014-01-01 00:00:00,001997,加:经营调整其他项目,1814000000
455,00700.HK,00700,腾讯控股,10009066,2014-12-31 00:00:00,001,12-31,2014-01-01 00:00:00,001999,营运资金变动前经营溢利,31858000000
456,00700.HK,00700,腾讯控股,10009066,2014-12-31 00:00:00,001,12-31,2014-01-01 00:00:00,002001,存货(增加)减少,1300000000
457,00700.HK,00700,腾讯控股,10009066,2014-12-31 00:00:00,001,12-31,2014-01-01 00:00:00,002002,应收帐款减少,-1418000000
458,00700.HK,00700,腾讯控股,10009066,2014-12-31 00:00:00,001,12-31,2014-01-01 00:00:00,002004,应付帐款及应计费用增加(减少),1788000000
459,00700.HK,00700,腾讯控股,10009066,2014-12-31 00:00:00,001,12-31,2014-01-01 00:00:00,002006,营运资本变动其他项目,-25000000
460,00700.HK,00700,腾讯控股,10009066,2014-12-31 00:00:00,001,12-31,2014-01-01 00:00:00,002007,预付款项、按金及其他应收款项减少(增加),-1751000000
461,00700.HK,00700,腾讯控股,10009066,2014-12-31 00:00:00,001,12-31,2014-01-01 00:00:00,002008,预收账款、按金及其他应付款增加(减少),2975000000
462,00700.HK,00700,腾讯控股,10009066,2014-12-31 00:00:00,001,12-31,2014-01-01 00:00:00,002009,递延收入(增加)减少,2687000000
463,00700.HK,00700,腾讯控股,10009066,2014-12-31 00:00:00,001,12-31,2014-01-01 00:00:00,002999,经营产生现金,37414000000
464,00700.HK,00700,腾讯控股,10009066,2014-12-31 00:00:00,001,12-31,2014-01-01 00:00:00,003003,已付税项,4703000000
465,00700.HK,00700,腾讯控股,10009066,2014-12-31 00:00:00,001,12-31,2014-01-01 00:00:00,003999,经营业务现金净额,32711000000
466,00700.HK,00700,腾讯控股,10009066,2014-12-31 00:00:00,001,12-31,2014-01-01 00:00:00,005001,已收利息(投资),1468000000
467,00700.HK,00700,腾讯控股,10009066,2014-12-31 00:00:00,001,12-31,2014-01-01 00:00:00,005002,已收股息(投资),290000000
468,00700.HK,00700,腾讯控股,10009066,2014-12-31 00:00:00,001,12-31,2014-01-01 00:00:00,005003,存款减少(增加),15444000000
469,00700.HK,00700,腾讯控股,10009066,2014-12-31 00:00:00,001,12-31,2014-01-01 00:00:00,005004,处置固定资产,40000000
470,00700.HK,00700,腾讯控股,10009066,2014-12-31 00:00:00,001,12-31,2014-01-01 00:00:00,005005,购建固定资产,4296000000
471,00700.HK,00700,腾讯控股,10009066,2014-12-31 00:00:00,001,12-31,2014-01-01 00:00:00,005006,处置无形资产及其他资产,175000000
472,00700.HK,00700,腾讯控股,10009066,2014-12-31 00:00:00,001,12-31,2014-01-01 00:00:00,005007,购建无形资产及其他资产,2343000000
473,00700.HK,00700,腾讯控股,10009066,2014-12-31 00:00:00,001,12-31,2014-01-01 00:00:00,005008,出售附属公司,1407000000
474,00700.HK,00700,腾讯控股,10009066,2014-12-31 00:00:00,001,12-31,2014-01-01 00:00:00,005009,收购附属公司,36366000000
475,00700.HK,00700,腾讯控股,10009066,2014-12-31 00:00:00,001,12-31,2014-01-01 00:00:00,005010,收回投资所得现金,352000000
476,00700.HK,00700,腾讯控股,10009066,2014-12-31 00:00:00,001,12-31,2014-01-01 00:00:00,005011,投资支付现金,4622000000
477,00700.HK,00700,腾讯控股,10009066,2014-12-31 00:00:00,001,12-31,2014-01-01 00:00:00,005997,投资业务其他项目,63000000
478,00700.HK,00700,腾讯控股,10009066,2014-12-31 00:00:00,001,12-31,2014-01-01 00:00:00,005999,投资业务现金净额,-28388000000
479,00700.HK,00700,腾讯控股,10009066,2014-12-31 00:00:00,001,12-31,2014-01-01 00:00:00,006999,融资前现金净额,4323000000
480,00700.HK,00700,腾讯控股,10009066,2014-12-31 00:00:00,001,12-31,2014-01-01 00:00:00,007001,新增借款,6842000000
481,00700.HK,00700,腾讯控股,10009066,2014-12-31 00:00:00,001,12-31,2014-01-01 00:00:00,007002,偿还借款,4065000000
482,00700.HK,00700,腾讯控股,10009066,2014-12-31 00:00:00,001,12-31,2014-01-01 00:00:00,007004,已付股息(融资),1919000000
483,00700.HK,00700,腾讯控股,10009066,2014-12-31 00:00:00,001,12-31,2014-01-01 00:00:00,007005,吸收投资所得,44000000
484,00700.HK,00700,腾讯控股,10009066,2014-12-31 00:00:00,001,12-31,2014-01-01 00:00:00,007006,发行股份,299000000
485,00700.HK,00700,腾讯控股,10009066,2014-12-31 00:00:00,001,12-31,2014-01-01 00:00:00,007008,回购股份,590000000
486,00700.HK,00700,腾讯控股,10009066,2014-12-31 00:00:00,001,12-31,2014-01-01 00:00:00,007010,发行债券,17842000000
487,00700.HK,00700,腾讯控股,10009066,2014-12-31 00:00:00,001,12-31,2014-01-01 00:00:00,007013,购买子公司少数股权而支付的现金,103000000
488,00700.HK,00700,腾讯控股,10009066,2014-12-31 00:00:00,001,12-31,2014-01-01 00:00:00,007999,融资业务现金净额,18350000000
489,00700.HK,00700,腾讯控股,10009066,2014-12-31 00:00:00,001,12-31,2014-01-01 00:00:00,010999,现金净额,22673000000
490,00700.HK,00700,腾讯控股,10009066,2014-12-31 00:00:00,001,12-31,2014-01-01 00:00:00,011001,期初现金,20228000000
491,00700.HK,00700,腾讯控股,10009066,2014-12-31 00:00:00,001,12-31,2014-01-01 00:00:00,011997,期间变动其他项目,-188000000
492,00700.HK,00700,腾讯控股,10009066,2014-12-31 00:00:00,001,12-31,2014-01-01 00:00:00,011999,期末现金,42713000000
493,00700.HK,00700,腾讯控股,10009066,2014-12-31 00:00:00,001,12-31,2014-01-01 00:00:00,013999,非运算项目,29013000000
494,00700.HK,00700,腾讯控股,10009066,2013-12-31 00:00:00,001,12-31,2013-01-01 00:00:00,001001,除税前溢利(业务利润),19281000000
495,00700.HK,00700,腾讯控股,10009066,2013-12-31 00:00:00,001,12-31,2013-01-01 00:00:00,001002,减:利息收入,1314000000
496,00700.HK,00700,腾讯控股,10009066,2013-12-31 00:00:00,001,12-31,2013-01-01 00:00:00,001004,减:投资收益,509000000
497,00700.HK,00700,腾讯控股,10009066,2013-12-31 00:00:00,001,12-31,2013-01-01 00:00:00,001005,减:应占附属公司溢利,171000000
498,00700.HK,00700,腾讯控股,10009066,2013-12-31 00:00:00,001,12-31,2013-01-01 00:00:00,001006,加:减值及拨备,87000000
499,00700.HK,00700,腾讯控股,10009066,2013-12-31 00:00:00,001,12-31,2013-01-01 00:00:00,001008,减:出售资产之溢利,261000000
500,00700.HK,00700,腾讯控股,10009066,2013-12-31 00:00:00,001,12-31,2013-01-01 00:00:00,001009,加:折旧及摊销,3606000000
501,00700.HK,00700,腾讯控股,10009066,2013-12-31 00:00:00,001,12-31,2013-01-01 00:00:00,001010,减:汇兑收益,310000000
502,00700.HK,00700,腾讯控股,10009066,2013-12-31 00:00:00,001,12-31,2013-01-01 00:00:00,001997,加:经营调整其他项目,1168000000
503,00700.HK,00700,腾讯控股,10009066,2013-12-31 00:00:00,001,12-31,2013-01-01 00:00:00,001999,营运资金变动前经营溢利,21577000000
504,00700.HK,00700,腾讯控股,10009066,2013-12-31 00:00:00,001,12-31,2013-01-01 00:00:00,002001,存货(增加)减少,-815000000
505,00700.HK,00700,腾讯控股,10009066,2013-12-31 00:00:00,001,12-31,2013-01-01 00:00:00,002002,应收帐款减少,-606000000
506,00700.HK,00700,腾讯控股,10009066,2013-12-31 00:00:00,001,12-31,2013-01-01 00:00:00,002004,应付帐款及应计费用增加(减少),2036000000
507,00700.HK,00700,腾讯控股,10009066,2013-12-31 00:00:00,001,12-31,2013-01-01 00:00:00,002006,营运资本变动其他项目,52000000
508,00700.HK,00700,腾讯控股,10009066,2013-12-31 00:00:00,001,12-31,2013-01-01 00:00:00,002007,预付款项、按金及其他应收款项减少(增加),-940000000
509,00700.HK,00700,腾讯控股,10009066,2013-12-31 00:00:00,001,12-31,2013-01-01 00:00:00,002008,预收账款、按金及其他应付款增加(减少),4071000000
510,00700.HK,00700,腾讯控股,10009066,2013-12-31 00:00:00,001,12-31,2013-01-01 00:00:00,002009,递延收入(增加)减少,3728000000
511,00700.HK,00700,腾讯控股,10009066,2013-12-31 00:00:00,001,12-31,2013-01-01 00:00:00,002014,存款(增加)减少,-1611000000
512,00700.HK,00700,腾讯控股,10009066,2013-12-31 00:00:00,001,12-31,2013-01-01 00:00:00,002999,经营产生现金,27492000000
513,00700.HK,00700,腾讯控股,10009066,2013-12-31 00:00:00,001,12-31,2013-01-01 00:00:00,003003,已付税项,3118000000
514,00700.HK,00700,腾讯控股,10009066,2013-12-31 00:00:00,001,12-31,2013-01-01 00:00:00,003999,经营业务现金净额,24374000000
515,00700.HK,00700,腾讯控股,10009066,2013-12-31 00:00:00,001,12-31,2013-01-01 00:00:00,005001,已收利息(投资),536000000
516,00700.HK,00700,腾讯控股,10009066,2013-12-31 00:00:00,001,12-31,2013-01-01 00:00:00,005002,已收股息(投资),551000000
517,00700.HK,00700,腾讯控股,10009066,2013-12-31 00:00:00,001,12-31,2013-01-01 00:00:00,005003,存款减少(增加),-6345000000
518,00700.HK,00700,腾讯控股,10009066,2013-12-31 00:00:00,001,12-31,2013-01-01 00:00:00,005004,处置固定资产,17000000
519,00700.HK,00700,腾讯控股,10009066,2013-12-31 00:00:00,001,12-31,2013-01-01 00:00:00,005005,购建固定资产,4788000000
520,00700.HK,00700,腾讯控股,10009066,2013-12-31 00:00:00,001,12-31,2013-01-01 00:00:00,005007,购建无形资产及其他资产,1293000000
521,00700.HK,00700,腾讯控股,10009066,2013-12-31 00:00:00,001,12-31,2013-01-01 00:00:00,005008,出售附属公司,358000000
522,00700.HK,00700,腾讯控股,10009066,2013-12-31 00:00:00,001,12-31,2013-01-01 00:00:00,005009,收购附属公司,4461000000
523,00700.HK,00700,腾讯控股,10009066,2013-12-31 00:00:00,001,12-31,2013-01-01 00:00:00,005011,投资支付现金,3651000000
524,00700.HK,00700,腾讯控股,10009066,2013-12-31 00:00:00,001,12-31,2013-01-01 00:00:00,005997,投资业务其他项目,-58000000
525,00700.HK,00700,腾讯控股,10009066,2013-12-31 00:00:00,001,12-31,2013-01-01 00:00:00,005999,投资业务现金净额,-19134000000
526,00700.HK,00700,腾讯控股,10009066,2013-12-31 00:00:00,001,12-31,2013-01-01 00:00:00,006999,融资前现金净额,5240000000
527,00700.HK,00700,腾讯控股,10009066,2013-12-31 00:00:00,001,12-31,2013-01-01 00:00:00,007001,新增借款,5166000000
528,00700.HK,00700,腾讯控股,10009066,2013-12-31 00:00:00,001,12-31,2013-01-01 00:00:00,007002,偿还借款,2314000000
529,00700.HK,00700,腾讯控股,10009066,2013-12-31 00:00:00,001,12-31,2013-01-01 00:00:00,007004,已付股息(融资),1541000000
530,00700.HK,00700,腾讯控股,10009066,2013-12-31 00:00:00,001,12-31,2013-01-01 00:00:00,007005,吸收投资所得,5000000
531,00700.HK,00700,腾讯控股,10009066,2013-12-31 00:00:00,001,12-31,2013-01-01 00:00:00,007006,发行股份,308000000
532,00700.HK,00700,腾讯控股,10009066,2013-12-31 00:00:00,001,12-31,2013-01-01 00:00:00,007008,回购股份,1603000000
533,00700.HK,00700,腾讯控股,10009066,2013-12-31 00:00:00,001,12-31,2013-01-01 00:00:00,007010,发行债券,1847000000
534,00700.HK,00700,腾讯控股,10009066,2013-12-31 00:00:00,001,12-31,2013-01-01 00:00:00,007013,购买子公司少数股权而支付的现金,160000000
535,00700.HK,00700,腾讯控股,10009066,2013-12-31 00:00:00,001,12-31,2013-01-01 00:00:00,007999,融资业务现金净额,1708000000
536,00700.HK,00700,腾讯控股,10009066,2013-12-31 00:00:00,001,12-31,2013-01-01 00:00:00,010999,现金净额,6948000000
537,00700.HK,00700,腾讯控股,10009066,2013-12-31 00:00:00,001,12-31,2013-01-01 00:00:00,011001,期初现金,13383000000
538,00700.HK,00700,腾讯控股,10009066,2013-12-31 00:00:00,001,12-31,2013-01-01 00:00:00,011997,期间变动其他项目,-103000000
539,00700.HK,00700,腾讯控股,10009066,2013-12-31 00:00:00,001,12-31,2013-01-01 00:00:00,011999,期末现金,20228000000
540,00700.HK,00700,腾讯控股,10009066,2013-12-31 00:00:00,001,12-31,2013-01-01 00:00:00,013999,非运算项目,19281000000
541,00700.HK,00700,腾讯控股,10009066,2012-12-31 00:00:00,001,12-31,2012-01-01 00:00:00,001001,除税前溢利(业务利润),15051000000
542,00700.HK,00700,腾讯控股,10009066,2012-12-31 00:00:00,001,12-31,2012-01-01 00:00:00,001002,减:利息收入,836000000
543,00700.HK,00700,腾讯控股,10009066,2012-12-31 00:00:00,001,12-31,2012-01-01 00:00:00,001004,减:投资收益,386000000
544,00700.HK,00700,腾讯控股,10009066,2012-12-31 00:00:00,001,12-31,2012-01-01 00:00:00,001005,减:应占附属公司溢利,-80000000
545,00700.HK,00700,腾讯控股,10009066,2012-12-31 00:00:00,001,12-31,2012-01-01 00:00:00,001006,加:减值及拨备,699000000
546,00700.HK,00700,腾讯控股,10009066,2012-12-31 00:00:00,001,12-31,2012-01-01 00:00:00,001008,减:出售资产之溢利,8000000
547,00700.HK,00700,腾讯控股,10009066,2012-12-31 00:00:00,001,12-31,2012-01-01 00:00:00,001009,加:折旧及摊销,2621000000
548,00700.HK,00700,腾讯控股,10009066,2012-12-31 00:00:00,001,12-31,2012-01-01 00:00:00,001010,减:汇兑收益,-21000000
549,00700.HK,00700,腾讯控股,10009066,2012-12-31 00:00:00,001,12-31,2012-01-01 00:00:00,001997,加:经营调整其他项目,905000000
550,00700.HK,00700,腾讯控股,10009066,2012-12-31 00:00:00,001,12-31,2012-01-01 00:00:00,001999,营运资金变动前经营溢利,18147000000
551,00700.HK,00700,腾讯控股,10009066,2012-12-31 00:00:00,001,12-31,2012-01-01 00:00:00,002001,存货(增加)减少,-301000000
552,00700.HK,00700,腾讯控股,10009066,2012-12-31 00:00:00,001,12-31,2012-01-01 00:00:00,002002,应收帐款减少,-267000000
553,00700.HK,00700,腾讯控股,10009066,2012-12-31 00:00:00,001,12-31,2012-01-01 00:00:00,002004,应付帐款及应计费用增加(减少),1689000000
554,00700.HK,00700,腾讯控股,10009066,2012-12-31 00:00:00,001,12-31,2012-01-01 00:00:00,002006,营运资本变动其他项目,397000000
555,00700.HK,00700,腾讯控股,10009066,2012-12-31 00:00:00,001,12-31,2012-01-01 00:00:00,002007,预付款项、按金及其他应收款项减少(增加),-2255000000
556,00700.HK,00700,腾讯控股,10009066,2012-12-31 00:00:00,001,12-31,2012-01-01 00:00:00,002008,预收账款、按金及其他应付款增加(减少),1786000000
557,00700.HK,00700,腾讯控股,10009066,2012-12-31 00:00:00,001,12-31,2012-01-01 00:00:00,002009,递延收入(增加)减少,3098000000
558,00700.HK,00700,腾讯控股,10009066,2012-12-31 00:00:00,001,12-31,2012-01-01 00:00:00,002014,存款(增加)减少,-640000000
559,00700.HK,00700,腾讯控股,10009066,2012-12-31 00:00:00,001,12-31,2012-01-01 00:00:00,002999,经营产生现金,21654000000
560,00700.HK,00700,腾讯控股,10009066,2012-12-31 00:00:00,001,12-31,2012-01-01 00:00:00,003003,已付税项,2225000000
561,00700.HK,00700,腾讯控股,10009066,2012-12-31 00:00:00,001,12-31,2012-01-01 00:00:00,003999,经营业务现金净额,19429000000
562,00700.HK,00700,腾讯控股,10009066,2012-12-31 00:00:00,001,12-31,2012-01-01 00:00:00,005001,已收利息(投资),626000000
563,00700.HK,00700,腾讯控股,10009066,2012-12-31 00:00:00,001,12-31,2012-01-01 00:00:00,005002,已收股息(投资),440000000
564,00700.HK,00700,腾讯控股,10009066,2012-12-31 00:00:00,001,12-31,2012-01-01 00:00:00,005003,存款减少(增加),-7918000000
565,00700.HK,00700,腾讯控股,10009066,2012-12-31 00:00:00,001,12-31,2012-01-01 00:00:00,005004,处置固定资产,4000000
566,00700.HK,00700,腾讯控股,10009066,2012-12-31 00:00:00,001,12-31,2012-01-01 00:00:00,005005,购建固定资产,3657000000
567,00700.HK,00700,腾讯控股,10009066,2012-12-31 00:00:00,001,12-31,2012-01-01 00:00:00,005007,购建无形资产及其他资产,1182000000
568,00700.HK,00700,腾讯控股,10009066,2012-12-31 00:00:00,001,12-31,2012-01-01 00:00:00,005008,出售附属公司,111000000
569,00700.HK,00700,腾讯控股,10009066,2012-12-31 00:00:00,001,12-31,2012-01-01 00:00:00,005009,收购附属公司,4103000000
570,00700.HK,00700,腾讯控股,10009066,2012-12-31 00:00:00,001,12-31,2012-01-01 00:00:00,005011,投资支付现金,557000000
571,00700.HK,00700,腾讯控股,10009066,2012-12-31 00:00:00,001,12-31,2012-01-01 00:00:00,005997,投资业务其他项目,-34000000
572,00700.HK,00700,腾讯控股,10009066,2012-12-31 00:00:00,001,12-31,2012-01-01 00:00:00,005999,投资业务现金净额,-16270000000
573,00700.HK,00700,腾讯控股,10009066,2012-12-31 00:00:00,001,12-31,2012-01-01 00:00:00,006999,融资前现金净额,3159000000
574,00700.HK,00700,腾讯控股,10009066,2012-12-31 00:00:00,001,12-31,2012-01-01 00:00:00,007001,新增借款,3197000000
575,00700.HK,00700,腾讯控股,10009066,2012-12-31 00:00:00,001,12-31,2012-01-01 00:00:00,007002,偿还借款,8024000000
576,00700.HK,00700,腾讯控股,10009066,2012-12-31 00:00:00,001,12-31,2012-01-01 00:00:00,007004,已付股息(融资),1225000000
577,00700.HK,00700,腾讯控股,10009066,2012-12-31 00:00:00,001,12-31,2012-01-01 00:00:00,007005,吸收投资所得,22000000
578,00700.HK,00700,腾讯控股,10009066,2012-12-31 00:00:00,001,12-31,2012-01-01 00:00:00,007006,发行股份,238000000
579,00700.HK,00700,腾讯控股,10009066,2012-12-31 00:00:00,001,12-31,2012-01-01 00:00:00,007008,回购股份,141000000
580,00700.HK,00700,腾讯控股,10009066,2012-12-31 00:00:00,001,12-31,2012-01-01 00:00:00,007010,发行债券,3768000000
581,00700.HK,00700,腾讯控股,10009066,2012-12-31 00:00:00,001,12-31,2012-01-01 00:00:00,007013,购买子公司少数股权而支付的现金,179000000
582,00700.HK,00700,腾讯控股,10009066,2012-12-31 00:00:00,001,12-31,2012-01-01 00:00:00,007997,融资业务其他项目,-42000000
583,00700.HK,00700,腾讯控股,10009066,2012-12-31 00:00:00,001,12-31,2012-01-01 00:00:00,007999,融资业务现金净额,-2386000000
584,00700.HK,00700,腾讯控股,10009066,2012-12-31 00:00:00,001,12-31,2012-01-01 00:00:00,010999,现金净额,773000000
585,00700.HK,00700,腾讯控股,10009066,2012-12-31 00:00:00,001,12-31,2012-01-01 00:00:00,011001,期初现金,12612000000
586,00700.HK,00700,腾讯控股,10009066,2012-12-31 00:00:00,001,12-31,2012-01-01 00:00:00,011997,期间变动其他项目,-2000000
587,00700.HK,00700,腾讯控股,10009066,2012-12-31 00:00:00,001,12-31,2012-01-01 00:00:00,011999,期末现金,13383000000
588,00700.HK,00700,腾讯控股,10009066,2012-12-31 00:00:00,001,12-31,2012-01-01 00:00:00,013999,非运算项目,15051000000
589,00700.HK,00700,腾讯控股,10009066,2011-12-31 00:00:00,001,12-31,2011-01-01 00:00:00,001001,除税前溢利(业务利润),12099069000
590,00700.HK,00700,腾讯控股,10009066,2011-12-31 00:00:00,001,12-31,2011-01-01 00:00:00,001002,减:利息收入,468990000
591,00700.HK,00700,腾讯控股,10009066,2011-12-31 00:00:00,001,12-31,2011-01-01 00:00:00,001004,减:投资收益,-96790000
592,00700.HK,00700,腾讯控股,10009066,2011-12-31 00:00:00,001,12-31,2011-01-01 00:00:00,001005,减:应占附属公司溢利,-189986000
593,00700.HK,00700,腾讯控股,10009066,2011-12-31 00:00:00,001,12-31,2011-01-01 00:00:00,001006,加:减值及拨备,243000000
594,00700.HK,00700,腾讯控股,10009066,2011-12-31 00:00:00,001,12-31,2011-01-01 00:00:00,001008,减:出售资产之溢利,706792000
595,00700.HK,00700,腾讯控股,10009066,2011-12-31 00:00:00,001,12-31,2011-01-01 00:00:00,001009,加:折旧及摊销,1939407000
596,00700.HK,00700,腾讯控股,10009066,2011-12-31 00:00:00,001,12-31,2011-01-01 00:00:00,001010,减:汇兑收益,108042000
597,00700.HK,00700,腾讯控股,10009066,2011-12-31 00:00:00,001,12-31,2011-01-01 00:00:00,001997,加:经营调整其他项目,732691000
598,00700.HK,00700,腾讯控股,10009066,2011-12-31 00:00:00,001,12-31,2011-01-01 00:00:00,001999,营运资金变动前经营溢利,14017119000
599,00700.HK,00700,腾讯控股,10009066,2011-12-31 00:00:00,001,12-31,2011-01-01 00:00:00,002002,应收帐款减少,-250693000
600,00700.HK,00700,腾讯控股,10009066,2011-12-31 00:00:00,001,12-31,2011-01-01 00:00:00,002004,应付帐款及应计费用增加(减少),827573000
601,00700.HK,00700,腾讯控股,10009066,2011-12-31 00:00:00,001,12-31,2011-01-01 00:00:00,002006,营运资本变动其他项目,-2676057000
602,00700.HK,00700,腾讯控股,10009066,2011-12-31 00:00:00,001,12-31,2011-01-01 00:00:00,002008,预收账款、按金及其他应付款增加(减少),2873982000
603,00700.HK,00700,腾讯控股,10009066,2011-12-31 00:00:00,001,12-31,2011-01-01 00:00:00,002009,递延收入(增加)减少,2253098000
604,00700.HK,00700,腾讯控股,10009066,2011-12-31 00:00:00,001,12-31,2011-01-01 00:00:00,002014,存款(增加)减少,-1850652000
605,00700.HK,00700,腾讯控股,10009066,2011-12-31 00:00:00,001,12-31,2011-01-01 00:00:00,002999,经营产生现金,15194370000
606,00700.HK,00700,腾讯控股,10009066,2011-12-31 00:00:00,001,12-31,2011-01-01 00:00:00,003003,已付税项,1836263000
607,00700.HK,00700,腾讯控股,10009066,2011-12-31 00:00:00,001,12-31,2011-01-01 00:00:00,003999,经营业务现金净额,13358107000
608,00700.HK,00700,腾讯控股,10009066,2011-12-31 00:00:00,001,12-31,2011-01-01 00:00:00,005001,已收利息(投资),415055000
609,00700.HK,00700,腾讯控股,10009066,2011-12-31 00:00:00,001,12-31,2011-01-01 00:00:00,005002,已收股息(投资),20000000
610,00700.HK,00700,腾讯控股,10009066,2011-12-31 00:00:00,001,12-31,2011-01-01 00:00:00,005003,存款减少(增加),-4045783000
611,00700.HK,00700,腾讯控股,10009066,2011-12-31 00:00:00,001,12-31,2011-01-01 00:00:00,005004,处置固定资产,599000
612,00700.HK,00700,腾讯控股,10009066,2011-12-31 00:00:00,001,12-31,2011-01-01 00:00:00,005005,购建固定资产,4059717000
613,00700.HK,00700,腾讯控股,10009066,2011-12-31 00:00:00,001,12-31,2011-01-01 00:00:00,005007,购建无形资产及其他资产,794325000
614,00700.HK,00700,腾讯控股,10009066,2011-12-31 00:00:00,001,12-31,2011-01-01 00:00:00,005009,收购附属公司,5168071000
615,00700.HK,00700,腾讯控股,10009066,2011-12-31 00:00:00,001,12-31,2011-01-01 00:00:00,005011,投资支付现金,1706752000
616,00700.HK,00700,腾讯控股,10009066,2011-12-31 00:00:00,001,12-31,2011-01-01 00:00:00,005997,投资业务其他项目,-15764000
617,00700.HK,00700,腾讯控股,10009066,2011-12-31 00:00:00,001,12-31,2011-01-01 00:00:00,005999,投资业务现金净额,-15354758000
618,00700.HK,00700,腾讯控股,10009066,2011-12-31 00:00:00,001,12-31,2011-01-01 00:00:00,006999,融资前现金净额,-1996651000
619,00700.HK,00700,腾讯控股,10009066,2011-12-31 00:00:00,001,12-31,2011-01-01 00:00:00,007001,新增借款,6682837000
620,00700.HK,00700,腾讯控股,10009066,2011-12-31 00:00:00,001,12-31,2011-01-01 00:00:00,007002,偿还借款,3765941000
621,00700.HK,00700,腾讯控股,10009066,2011-12-31 00:00:00,001,12-31,2011-01-01 00:00:00,007004,已付股息(融资),894821000
622,00700.HK,00700,腾讯控股,10009066,2011-12-31 00:00:00,001,12-31,2011-01-01 00:00:00,007005,吸收投资所得,9800000
623,00700.HK,00700,腾讯控股,10009066,2011-12-31 00:00:00,001,12-31,2011-01-01 00:00:00,007006,发行股份,159729000
624,00700.HK,00700,腾讯控股,10009066,2011-12-31 00:00:00,001,12-31,2011-01-01 00:00:00,007008,回购股份,1485747000
625,00700.HK,00700,腾讯控股,10009066,2011-12-31 00:00:00,001,12-31,2011-01-01 00:00:00,007010,发行债券,3760928000
626,00700.HK,00700,腾讯控股,10009066,2011-12-31 00:00:00,001,12-31,2011-01-01 00:00:00,007997,融资业务其他项目,-93761000
627,00700.HK,00700,腾讯控股,10009066,2011-12-31 00:00:00,001,12-31,2011-01-01 00:00:00,007999,融资业务现金净额,4373024000
628,00700.HK,00700,腾讯控股,10009066,2011-12-31 00:00:00,001,12-31,2011-01-01 00:00:00,010999,现金净额,2376373000
629,00700.HK,00700,腾讯控股,10009066,2011-12-31 00:00:00,001,12-31,2011-01-01 00:00:00,011001,期初现金,10408257000
630,00700.HK,00700,腾讯控股,10009066,2011-12-31 00:00:00,001,12-31,2011-01-01 00:00:00,011997,期间变动其他项目,-172490000
631,00700.HK,00700,腾讯控股,10009066,2011-12-31 00:00:00,001,12-31,2011-01-01 00:00:00,011999,期末现金,12612140000
632,00700.HK,00700,腾讯控股,10009066,2011-12-31 00:00:00,001,12-31,2011-01-01 00:00:00,013999,非运算项目,12099069000
633,00700.HK,00700,腾讯控股,10009066,2010-12-31 00:00:00,001,12-31,2010-01-01 00:00:00,002999,经营产生现金,13191728000
634,00700.HK,00700,腾讯控股,10009066,2010-12-31 00:00:00,001,12-31,2010-01-01 00:00:00,003003,已付税项,872435000
635,00700.HK,00700,腾讯控股,10009066,2010-12-31 00:00:00,001,12-31,2010-01-01 00:00:00,003999,经营业务现金净额,12319293000
636,00700.HK,00700,腾讯控股,10009066,2010-12-31 00:00:00,001,12-31,2010-01-01 00:00:00,005001,已收利息(投资),219937000
637,00700.HK,00700,腾讯控股,10009066,2010-12-31 00:00:00,001,12-31,2010-01-01 00:00:00,005002,已收股息(投资),15338000
638,00700.HK,00700,腾讯控股,10009066,2010-12-31 00:00:00,001,12-31,2010-01-01 00:00:00,005003,存款减少(增加),-7252032000
639,00700.HK,00700,腾讯控股,10009066,2010-12-31 00:00:00,001,12-31,2010-01-01 00:00:00,005004,处置固定资产,1574000
640,00700.HK,00700,腾讯控股,10009066,2010-12-31 00:00:00,001,12-31,2010-01-01 00:00:00,005005,购建固定资产,1488220000
641,00700.HK,00700,腾讯控股,10009066,2010-12-31 00:00:00,001,12-31,2010-01-01 00:00:00,005007,购建无形资产及其他资产,758386000
642,00700.HK,00700,腾讯控股,10009066,2010-12-31 00:00:00,001,12-31,2010-01-01 00:00:00,005009,收购附属公司,118260000
643,00700.HK,00700,腾讯控股,10009066,2010-12-31 00:00:00,001,12-31,2010-01-01 00:00:00,005010,收回投资所得现金,341410000
644,00700.HK,00700,腾讯控股,10009066,2010-12-31 00:00:00,001,12-31,2010-01-01 00:00:00,005011,投资支付现金,2762206000
645,00700.HK,00700,腾讯控股,10009066,2010-12-31 00:00:00,001,12-31,2010-01-01 00:00:00,005012,应收关联方款项(增加)减少(投资),-54700000
646,00700.HK,00700,腾讯控股,10009066,2010-12-31 00:00:00,001,12-31,2010-01-01 00:00:00,005997,投资业务其他项目,-268852000
647,00700.HK,00700,腾讯控股,10009066,2010-12-31 00:00:00,001,12-31,2010-01-01 00:00:00,005999,投资业务现金净额,-12014997000
648,00700.HK,00700,腾讯控股,10009066,2010-12-31 00:00:00,001,12-31,2010-01-01 00:00:00,007001,新增借款,5298947000
649,00700.HK,00700,腾讯控股,10009066,2010-12-31 00:00:00,001,12-31,2010-01-01 00:00:00,007002,偿还借款,202322000
650,00700.HK,00700,腾讯控股,10009066,2010-12-31 00:00:00,001,12-31,2010-01-01 00:00:00,007004,已付股息(融资),705987000
651,00700.HK,00700,腾讯控股,10009066,2010-12-31 00:00:00,001,12-31,2010-01-01 00:00:00,007006,发行股份,199249000
652,00700.HK,00700,腾讯控股,10009066,2010-12-31 00:00:00,001,12-31,2010-01-01 00:00:00,007008,回购股份,310222000
653,00700.HK,00700,腾讯控股,10009066,2010-12-31 00:00:00,001,12-31,2010-01-01 00:00:00,007997,融资业务其他项目,-167519000
654,00700.HK,00700,腾讯控股,10009066,2010-12-31 00:00:00,001,12-31,2010-01-01 00:00:00,007999,融资业务现金净额,4112146000
655,00700.HK,00700,腾讯控股,10009066,2010-12-31 00:00:00,001,12-31,2010-01-01 00:00:00,010999,现金净额,4416442000
656,00700.HK,00700,腾讯控股,10009066,2010-12-31 00:00:00,001,12-31,2010-01-01 00:00:00,011001,期初现金,6043696000
657,00700.HK,00700,腾讯控股,10009066,2010-12-31 00:00:00,001,12-31,2010-01-01 00:00:00,011997,期间变动其他项目,-51881000
658,00700.HK,00700,腾讯控股,10009066,2010-12-31 00:00:00,001,12-31,2010-01-01 00:00:00,011999,期末现金,10408257000
659,00700.HK,00700,腾讯控股,10009066,2009-12-31 00:00:00,001,12-31,2009-01-01 00:00:00,002999,经营产生现金,8854813000
660,00700.HK,00700,腾讯控股,10009066,2009-12-31 00:00:00,001,12-31,2009-01-01 00:00:00,003003,已付税项,456448000
661,00700.HK,00700,腾讯控股,10009066,2009-12-31 00:00:00,001,12-31,2009-01-01 00:00:00,003999,经营业务现金净额,8398365000
662,00700.HK,00700,腾讯控股,10009066,2009-12-31 00:00:00,001,12-31,2009-01-01 00:00:00,005001,已收利息(投资),116162000
663,00700.HK,00700,腾讯控股,10009066,2009-12-31 00:00:00,001,12-31,2009-01-01 00:00:00,005003,存款减少(增加),-3847667000
664,00700.HK,00700,腾讯控股,10009066,2009-12-31 00:00:00,001,12-31,2009-01-01 00:00:00,005004,处置固定资产,595000
665,00700.HK,00700,腾讯控股,10009066,2009-12-31 00:00:00,001,12-31,2009-01-01 00:00:00,005005,购建固定资产,788824000
666,00700.HK,00700,腾讯控股,10009066,2009-12-31 00:00:00,001,12-31,2009-01-01 00:00:00,005007,购建无形资产及其他资产,31950000
667,00700.HK,00700,腾讯控股,10009066,2009-12-31 00:00:00,001,12-31,2009-01-01 00:00:00,005009,收购附属公司,717000
668,00700.HK,00700,腾讯控股,10009066,2009-12-31 00:00:00,001,12-31,2009-01-01 00:00:00,005010,收回投资所得现金,68346000
669,00700.HK,00700,腾讯控股,10009066,2009-12-31 00:00:00,001,12-31,2009-01-01 00:00:00,005011,投资支付现金,558994000
670,00700.HK,00700,腾讯控股,10009066,2009-12-31 00:00:00,001,12-31,2009-01-01 00:00:00,005012,应收关联方款项(增加)减少(投资),-18394000
671,00700.HK,00700,腾讯控股,10009066,2009-12-31 00:00:00,001,12-31,2009-01-01 00:00:00,005997,投资业务其他项目,-140000
672,00700.HK,00700,腾讯控股,10009066,2009-12-31 00:00:00,001,12-31,2009-01-01 00:00:00,005999,投资业务现金净额,-5024795000
673,00700.HK,00700,腾讯控股,10009066,2009-12-31 00:00:00,001,12-31,2009-01-01 00:00:00,007001,新增借款,202322000
674,00700.HK,00700,腾讯控股,10009066,2009-12-31 00:00:00,001,12-31,2009-01-01 00:00:00,007004,已付股息(融资),586692000
675,00700.HK,00700,腾讯控股,10009066,2009-12-31 00:00:00,001,12-31,2009-01-01 00:00:00,007006,发行股份,165448000
676,00700.HK,00700,腾讯控股,10009066,2009-12-31 00:00:00,001,12-31,2009-01-01 00:00:00,007008,回购股份,74570000
677,00700.HK,00700,腾讯控股,10009066,2009-12-31 00:00:00,001,12-31,2009-01-01 00:00:00,007997,融资业务其他项目,-103618000
678,00700.HK,00700,腾讯控股,10009066,2009-12-31 00:00:00,001,12-31,2009-01-01 00:00:00,007999,融资业务现金净额,-397110000
679,00700.HK,00700,腾讯控股,10009066,2009-12-31 00:00:00,001,12-31,2009-01-01 00:00:00,010999,现金净额,2976460000
680,00700.HK,00700,腾讯控股,10009066,2009-12-31 00:00:00,001,12-31,2009-01-01 00:00:00,011001,期初现金,3067928000
681,00700.HK,00700,腾讯控股,10009066,2009-12-31 00:00:00,001,12-31,2009-01-01 00:00:00,011997,期间变动其他项目,-692000
682,00700.HK,00700,腾讯控股,10009066,2009-12-31 00:00:00,001,12-31,2009-01-01 00:00:00,011999,期末现金,6043696000
683,00700.HK,00700,腾讯控股,10009066,2008-12-31 00:00:00,001,12-31,2008-01-01 00:00:00,002999,经营产生现金,3901927000
684,00700.HK,00700,腾讯控股,10009066,2008-12-31 00:00:00,001,12-31,2008-01-01 00:00:00,003003,已付税项,322300000
685,00700.HK,00700,腾讯控股,10009066,2008-12-31 00:00:00,001,12-31,2008-01-01 00:00:00,003999,经营业务现金净额,3579627000
686,00700.HK,00700,腾讯控股,10009066,2008-12-31 00:00:00,001,12-31,2008-01-01 00:00:00,005001,已收利息(投资),79377000
687,00700.HK,00700,腾讯控股,10009066,2008-12-31 00:00:00,001,12-31,2008-01-01 00:00:00,005003,存款减少(增加),-758015000
688,00700.HK,00700,腾讯控股,10009066,2008-12-31 00:00:00,001,12-31,2008-01-01 00:00:00,005004,处置固定资产,2443000
689,00700.HK,00700,腾讯控股,10009066,2008-12-31 00:00:00,001,12-31,2008-01-01 00:00:00,005005,购建固定资产,1333008000
690,00700.HK,00700,腾讯控股,10009066,2008-12-31 00:00:00,001,12-31,2008-01-01 00:00:00,005007,购建无形资产及其他资产,71368000
691,00700.HK,00700,腾讯控股,10009066,2008-12-31 00:00:00,001,12-31,2008-01-01 00:00:00,005011,投资支付现金,344199000
692,00700.HK,00700,腾讯控股,10009066,2008-12-31 00:00:00,001,12-31,2008-01-01 00:00:00,005012,应收关联方款项(增加)减少(投资),73094000
693,00700.HK,00700,腾讯控股,10009066,2008-12-31 00:00:00,001,12-31,2008-01-01 00:00:00,005997,投资业务其他项目,-16669000
694,00700.HK,00700,腾讯控股,10009066,2008-12-31 00:00:00,001,12-31,2008-01-01 00:00:00,005999,投资业务现金净额,-2514533000
695,00700.HK,00700,腾讯控股,10009066,2008-12-31 00:00:00,001,12-31,2008-01-01 00:00:00,007002,偿还借款,292184000
696,00700.HK,00700,腾讯控股,10009066,2008-12-31 00:00:00,001,12-31,2008-01-01 00:00:00,007004,已付股息(融资),257803000
697,00700.HK,00700,腾讯控股,10009066,2008-12-31 00:00:00,001,12-31,2008-01-01 00:00:00,007005,吸收投资所得,2500000
698,00700.HK,00700,腾讯控股,10009066,2008-12-31 00:00:00,001,12-31,2008-01-01 00:00:00,007006,发行股份,86942000
699,00700.HK,00700,腾讯控股,10009066,2008-12-31 00:00:00,001,12-31,2008-01-01 00:00:00,007008,回购股份,387586000
700,00700.HK,00700,腾讯控股,10009066,2008-12-31 00:00:00,001,12-31,2008-01-01 00:00:00,007997,融资业务其他项目,-21809000
701,00700.HK,00700,腾讯控股,10009066,2008-12-31 00:00:00,001,12-31,2008-01-01 00:00:00,007999,融资业务现金净额,-869940000
702,00700.HK,00700,腾讯控股,10009066,2008-12-31 00:00:00,001,12-31,2008-01-01 00:00:00,010999,现金净额,195154000
703,00700.HK,00700,腾讯控股,10009066,2008-12-31 00:00:00,001,12-31,2008-01-01 00:00:00,011001,期初现金,2948757000
704,00700.HK,00700,腾讯控股,10009066,2008-12-31 00:00:00,001,12-31,2008-01-01 00:00:00,011997,期间变动其他项目,-75983000
705,00700.HK,00700,腾讯控股,10009066,2008-12-31 00:00:00,001,12-31,2008-01-01 00:00:00,011999,期末现金,3067928000
706,00700.HK,00700,腾讯控股,10009066,2007-12-31 00:00:00,001,12-31,2007-01-01 00:00:00,002999,经营产生现金,1941400000
707,00700.HK,00700,腾讯控股,10009066,2007-12-31 00:00:00,001,12-31,2007-01-01 00:00:00,003003,已付税项,105696000
708,00700.HK,00700,腾讯控股,10009066,2007-12-31 00:00:00,001,12-31,2007-01-01 00:00:00,003999,经营业务现金净额,1835704000
709,00700.HK,00700,腾讯控股,10009066,2007-12-31 00:00:00,001,12-31,2007-01-01 00:00:00,005001,已收利息(投资),98333000
710,00700.HK,00700,腾讯控股,10009066,2007-12-31 00:00:00,001,12-31,2007-01-01 00:00:00,005003,存款减少(增加),39889000
711,00700.HK,00700,腾讯控股,10009066,2007-12-31 00:00:00,001,12-31,2007-01-01 00:00:00,005004,处置固定资产,11234000
712,00700.HK,00700,腾讯控股,10009066,2007-12-31 00:00:00,001,12-31,2007-01-01 00:00:00,005005,购建固定资产,566781000
713,00700.HK,00700,腾讯控股,10009066,2007-12-31 00:00:00,001,12-31,2007-01-01 00:00:00,005007,购建无形资产及其他资产,224466000
714,00700.HK,00700,腾讯控股,10009066,2007-12-31 00:00:00,001,12-31,2007-01-01 00:00:00,005009,收购附属公司,510000
715,00700.HK,00700,腾讯控股,10009066,2007-12-31 00:00:00,001,12-31,2007-01-01 00:00:00,005010,收回投资所得现金,222089000
716,00700.HK,00700,腾讯控股,10009066,2007-12-31 00:00:00,001,12-31,2007-01-01 00:00:00,005011,投资支付现金,133903000
717,00700.HK,00700,腾讯控股,10009066,2007-12-31 00:00:00,001,12-31,2007-01-01 00:00:00,005997,投资业务其他项目,-180132000
718,00700.HK,00700,腾讯控股,10009066,2007-12-31 00:00:00,001,12-31,2007-01-01 00:00:00,005999,投资业务现金净额,-734247000
719,00700.HK,00700,腾讯控股,10009066,2007-12-31 00:00:00,001,12-31,2007-01-01 00:00:00,007001,新增借款,292184000
720,00700.HK,00700,腾讯控股,10009066,2007-12-31 00:00:00,001,12-31,2007-01-01 00:00:00,007004,已付股息(融资),210211000
721,00700.HK,00700,腾讯控股,10009066,2007-12-31 00:00:00,001,12-31,2007-01-01 00:00:00,007006,发行股份,104090000
722,00700.HK,00700,腾讯控股,10009066,2007-12-31 00:00:00,001,12-31,2007-01-01 00:00:00,007008,回购股份,107254000
723,00700.HK,00700,腾讯控股,10009066,2007-12-31 00:00:00,001,12-31,2007-01-01 00:00:00,007999,融资业务现金净额,78809000
724,00700.HK,00700,腾讯控股,10009066,2007-12-31 00:00:00,001,12-31,2007-01-01 00:00:00,010999,现金净额,1180266000
725,00700.HK,00700,腾讯控股,10009066,2007-12-31 00:00:00,001,12-31,2007-01-01 00:00:00,011001,期初现金,1844320000
726,00700.HK,00700,腾讯控股,10009066,2007-12-31 00:00:00,001,12-31,2007-01-01 00:00:00,011997,期间变动其他项目,-75829000
727,00700.HK,00700,腾讯控股,10009066,2007-12-31 00:00:00,001,12-31,2007-01-01 00:00:00,011999,期末现金,2948757000
728,00700.HK,00700,腾讯控股,10009066,2006-12-31 00:00:00,001,12-31,2006-01-01 00:00:00,002999,经营产生现金,1573821000
729,00700.HK,00700,腾讯控股,10009066,2006-12-31 00:00:00,001,12-31,2006-01-01 00:00:00,003003,已付税项,66363000
730,00700.HK,00700,腾讯控股,10009066,2006-12-31 00:00:00,001,12-31,2006-01-01 00:00:00,003999,经营业务现金净额,1507458000
731,00700.HK,00700,腾讯控股,10009066,2006-12-31 00:00:00,001,12-31,2006-01-01 00:00:00,005001,已收利息(投资),59002000
732,00700.HK,00700,腾讯控股,10009066,2006-12-31 00:00:00,001,12-31,2006-01-01 00:00:00,005003,存款减少(增加),-498650000
733,00700.HK,00700,腾讯控股,10009066,2006-12-31 00:00:00,001,12-31,2006-01-01 00:00:00,005005,购建固定资产,313714000
734,00700.HK,00700,腾讯控股,10009066,2006-12-31 00:00:00,001,12-31,2006-01-01 00:00:00,005007,购建无形资产及其他资产,33924000
735,00700.HK,00700,腾讯控股,10009066,2006-12-31 00:00:00,001,12-31,2006-01-01 00:00:00,005011,投资支付现金,20367000
736,00700.HK,00700,腾讯控股,10009066,2006-12-31 00:00:00,001,12-31,2006-01-01 00:00:00,005997,投资业务其他项目,-55076000
737,00700.HK,00700,腾讯控股,10009066,2006-12-31 00:00:00,001,12-31,2006-01-01 00:00:00,005999,投资业务现金净额,-862729000
738,00700.HK,00700,腾讯控股,10009066,2006-12-31 00:00:00,001,12-31,2006-01-01 00:00:00,007004,已付股息(融资),145402000
739,00700.HK,00700,腾讯控股,10009066,2006-12-31 00:00:00,001,12-31,2006-01-01 00:00:00,007006,发行股份,34054000
740,00700.HK,00700,腾讯控股,10009066,2006-12-31 00:00:00,001,12-31,2006-01-01 00:00:00,007008,回购股份,241078000
741,00700.HK,00700,腾讯控股,10009066,2006-12-31 00:00:00,001,12-31,2006-01-01 00:00:00,007999,融资业务现金净额,-352426000
742,00700.HK,00700,腾讯控股,10009066,2006-12-31 00:00:00,001,12-31,2006-01-01 00:00:00,010999,现金净额,292303000
743,00700.HK,00700,腾讯控股,10009066,2006-12-31 00:00:00,001,12-31,2006-01-01 00:00:00,011001,期初现金,1576044000
744,00700.HK,00700,腾讯控股,10009066,2006-12-31 00:00:00,001,12-31,2006-01-01 00:00:00,011997,期间变动其他项目,-24027000
745,00700.HK,00700,腾讯控股,10009066,2006-12-31 00:00:00,001,12-31,2006-01-01 00:00:00,011999,期末现金,1844320000
746,00700.HK,00700,腾讯控股,10009066,2005-12-31 00:00:00,001,12-31,2005-01-01 00:00:00,002999,经营产生现金,1017633000
747,00700.HK,00700,腾讯控股,10009066,2005-12-31 00:00:00,001,12-31,2005-01-01 00:00:00,003003,已付税项,24127000
748,00700.HK,00700,腾讯控股,10009066,2005-12-31 00:00:00,001,12-31,2005-01-01 00:00:00,003999,经营业务现金净额,993506000
749,00700.HK,00700,腾讯控股,10009066,2005-12-31 00:00:00,001,12-31,2005-01-01 00:00:00,005001,已收利息(投资),45571000
750,00700.HK,00700,腾讯控股,10009066,2005-12-31 00:00:00,001,12-31,2005-01-01 00:00:00,005003,存款减少(增加),338329000
751,00700.HK,00700,腾讯控股,10009066,2005-12-31 00:00:00,001,12-31,2005-01-01 00:00:00,005004,处置固定资产,161000
752,00700.HK,00700,腾讯控股,10009066,2005-12-31 00:00:00,001,12-31,2005-01-01 00:00:00,005005,购建固定资产,255984000
753,00700.HK,00700,腾讯控股,10009066,2005-12-31 00:00:00,001,12-31,2005-01-01 00:00:00,005007,购建无形资产及其他资产,8118000
754,00700.HK,00700,腾讯控股,10009066,2005-12-31 00:00:00,001,12-31,2005-01-01 00:00:00,005011,投资支付现金,116993000
755,00700.HK,00700,腾讯控股,10009066,2005-12-31 00:00:00,001,12-31,2005-01-01 00:00:00,005997,投资业务其他项目,-13517000
756,00700.HK,00700,腾讯控股,10009066,2005-12-31 00:00:00,001,12-31,2005-01-01 00:00:00,005999,投资业务现金净额,-10551000
757,00700.HK,00700,腾讯控股,10009066,2005-12-31 00:00:00,001,12-31,2005-01-01 00:00:00,007004,已付股息(融资),132181000
758,00700.HK,00700,腾讯控股,10009066,2005-12-31 00:00:00,001,12-31,2005-01-01 00:00:00,007006,发行股份,11409000
759,00700.HK,00700,腾讯控股,10009066,2005-12-31 00:00:00,001,12-31,2005-01-01 00:00:00,007007,发行相关费用,3181000
760,00700.HK,00700,腾讯控股,10009066,2005-12-31 00:00:00,001,12-31,2005-01-01 00:00:00,007008,回购股份,123086000
761,00700.HK,00700,腾讯控股,10009066,2005-12-31 00:00:00,001,12-31,2005-01-01 00:00:00,007999,融资业务现金净额,-247039000
762,00700.HK,00700,腾讯控股,10009066,2005-12-31 00:00:00,001,12-31,2005-01-01 00:00:00,010999,现金净额,735916000
763,00700.HK,00700,腾讯控股,10009066,2005-12-31 00:00:00,001,12-31,2005-01-01 00:00:00,011001,期初现金,859841000
764,00700.HK,00700,腾讯控股,10009066,2005-12-31 00:00:00,001,12-31,2005-01-01 00:00:00,011997,期间变动其他项目,-19713000
765,00700.HK,00700,腾讯控股,10009066,2005-12-31 00:00:00,001,12-31,2005-01-01 00:00:00,011999,期末现金,1576044000
766,00700.HK,00700,腾讯控股,10009066,2004-12-31 00:00:00,001,12-31,2004-01-01 00:00:00,001001,除税前溢利(业务利润),441119000
767,00700.HK,00700,腾讯控股,10009066,2004-12-31 00:00:00,001,12-31,2004-01-01 00:00:00,001002,减:利息收入,14876000
768,00700.HK,00700,腾讯控股,10009066,2004-12-31 00:00:00,001,12-31,2004-01-01 00:00:00,001007,减:重估盈余,3788000
769,00700.HK,00700,腾讯控股,10009066,2004-12-31 00:00:00,001,12-31,2004-01-01 00:00:00,001008,减:出售资产之溢利,2000
770,00700.HK,00700,腾讯控股,10009066,2004-12-31 00:00:00,001,12-31,2004-01-01 00:00:00,001009,加:折旧及摊销,27809000
771,00700.HK,00700,腾讯控股,10009066,2004-12-31 00:00:00,001,12-31,2004-01-01 00:00:00,001997,加:经营调整其他项目,28117000
772,00700.HK,00700,腾讯控股,10009066,2004-12-31 00:00:00,001,12-31,2004-01-01 00:00:00,001999,营运资金变动前经营溢利,478379000
773,00700.HK,00700,腾讯控股,10009066,2004-12-31 00:00:00,001,12-31,2004-01-01 00:00:00,002002,应收帐款减少,-92999000
774,00700.HK,00700,腾讯控股,10009066,2004-12-31 00:00:00,001,12-31,2004-01-01 00:00:00,002004,应付帐款及应计费用增加(减少),2506000
775,00700.HK,00700,腾讯控股,10009066,2004-12-31 00:00:00,001,12-31,2004-01-01 00:00:00,002007,预付款项、按金及其他应收款项减少(增加),-11307000
776,00700.HK,00700,腾讯控股,10009066,2004-12-31 00:00:00,001,12-31,2004-01-01 00:00:00,002008,预收账款、按金及其他应付款增加(减少),44400000
777,00700.HK,00700,腾讯控股,10009066,2004-12-31 00:00:00,001,12-31,2004-01-01 00:00:00,002009,递延收入(增加)减少,59546000
778,00700.HK,00700,腾讯控股,10009066,2004-12-31 00:00:00,001,12-31,2004-01-01 00:00:00,002013,持作买卖投资(增加)减少,-663112000
779,00700.HK,00700,腾讯控股,10009066,2004-12-31 00:00:00,001,12-31,2004-01-01 00:00:00,002999,经营产生现金,-182587000
780,00700.HK,00700,腾讯控股,10009066,2004-12-31 00:00:00,001,12-31,2004-01-01 00:00:00,003003,已付税项,24989000
781,00700.HK,00700,腾讯控股,10009066,2004-12-31 00:00:00,001,12-31,2004-01-01 00:00:00,003999,经营业务现金净额,-207576000
782,00700.HK,00700,腾讯控股,10009066,2004-12-31 00:00:00,001,12-31,2004-01-01 00:00:00,005001,已收利息(投资),10113000
783,00700.HK,00700,腾讯控股,10009066,2004-12-31 00:00:00,001,12-31,2004-01-01 00:00:00,005003,存款减少(增加),-760743000
784,00700.HK,00700,腾讯控股,10009066,2004-12-31 00:00:00,001,12-31,2004-01-01 00:00:00,005004,处置固定资产,788000
785,00700.HK,00700,腾讯控股,10009066,2004-12-31 00:00:00,001,12-31,2004-01-01 00:00:00,005005,购建固定资产,90536000
786,00700.HK,00700,腾讯控股,10009066,2004-12-31 00:00:00,001,12-31,2004-01-01 00:00:00,005011,投资支付现金,165778000
787,00700.HK,00700,腾讯控股,10009066,2004-12-31 00:00:00,001,12-31,2004-01-01 00:00:00,005997,投资业务其他项目,11000000
788,00700.HK,00700,腾讯控股,10009066,2004-12-31 00:00:00,001,12-31,2004-01-01 00:00:00,005999,投资业务现金净额,-995156000
789,00700.HK,00700,腾讯控股,10009066,2004-12-31 00:00:00,001,12-31,2004-01-01 00:00:00,007004,已付股息(融资),28790000
790,00700.HK,00700,腾讯控股,10009066,2004-12-31 00:00:00,001,12-31,2004-01-01 00:00:00,007006,发行股份,1914020000
791,00700.HK,00700,腾讯控股,10009066,2004-12-31 00:00:00,001,12-31,2004-01-01 00:00:00,007007,发行相关费用,148325000
792,00700.HK,00700,腾讯控股,10009066,2004-12-31 00:00:00,001,12-31,2004-01-01 00:00:00,007997,融资业务其他项目,82000
793,00700.HK,00700,腾讯控股,10009066,2004-12-31 00:00:00,001,12-31,2004-01-01 00:00:00,007999,融资业务现金净额,1736987000
794,00700.HK,00700,腾讯控股,10009066,2004-12-31 00:00:00,001,12-31,2004-01-01 00:00:00,010999,现金净额,534255000
795,00700.HK,00700,腾讯控股,10009066,2004-12-31 00:00:00,001,12-31,2004-01-01 00:00:00,011001,期初现金,325586000
796,00700.HK,00700,腾讯控股,10009066,2004-12-31 00:00:00,001,12-31,2004-01-01 00:00:00,011999,期末现金,859841000
797,00700.HK,00700,腾讯控股,10009066,2003-12-31 00:00:00,001,12-31,2003-01-01 00:00:00,001001,除税前溢利(业务利润),338209000
798,00700.HK,00700,腾讯控股,10009066,2003-12-31 00:00:00,001,12-31,2003-01-01 00:00:00,001002,减:利息收入,2572000
799,00700.HK,00700,腾讯控股,10009066,2003-12-31 00:00:00,001,12-31,2003-01-01 00:00:00,001008,减:出售资产之溢利,-983000
800,00700.HK,00700,腾讯控股,10009066,2003-12-31 00:00:00,001,12-31,2003-01-01 00:00:00,001009,加:折旧及摊销,17188000
801,00700.HK,00700,腾讯控股,10009066,2003-12-31 00:00:00,001,12-31,2003-01-01 00:00:00,001999,营运资金变动前经营溢利,353808000
802,00700.HK,00700,腾讯控股,10009066,2003-12-31 00:00:00,001,12-31,2003-01-01 00:00:00,002002,应收帐款减少,-40632000
803,00700.HK,00700,腾讯控股,10009066,2003-12-31 00:00:00,001,12-31,2003-01-01 00:00:00,002005,应付关联方款项增加(减少),-1499000
804,00700.HK,00700,腾讯控股,10009066,2003-12-31 00:00:00,001,12-31,2003-01-01 00:00:00,002007,预付款项、按金及其他应收款项减少(增加),-32797000
805,00700.HK,00700,腾讯控股,10009066,2003-12-31 00:00:00,001,12-31,2003-01-01 00:00:00,002008,预收账款、按金及其他应付款增加(减少),81344000
806,00700.HK,00700,腾讯控股,10009066,2003-12-31 00:00:00,001,12-31,2003-01-01 00:00:00,002009,递延收入(增加)减少,3153000
807,00700.HK,00700,腾讯控股,10009066,2003-12-31 00:00:00,001,12-31,2003-01-01 00:00:00,002999,经营产生现金,363377000
808,00700.HK,00700,腾讯控股,10009066,2003-12-31 00:00:00,001,12-31,2003-01-01 00:00:00,003003,已付税项,10968000
809,00700.HK,00700,腾讯控股,10009066,2003-12-31 00:00:00,001,12-31,2003-01-01 00:00:00,003999,经营业务现金净额,352409000
810,00700.HK,00700,腾讯控股,10009066,2003-12-31 00:00:00,001,12-31,2003-01-01 00:00:00,005001,已收利息(投资),2442000
811,00700.HK,00700,腾讯控股,10009066,2003-12-31 00:00:00,001,12-31,2003-01-01 00:00:00,005003,存款减少(增加),44129000
812,00700.HK,00700,腾讯控股,10009066,2003-12-31 00:00:00,001,12-31,2003-01-01 00:00:00,005005,购建固定资产,59459000
813,00700.HK,00700,腾讯控股,10009066,2003-12-31 00:00:00,001,12-31,2003-01-01 00:00:00,005009,收购附属公司,11000000
814,00700.HK,00700,腾讯控股,10009066,2003-12-31 00:00:00,001,12-31,2003-01-01 00:00:00,005999,投资业务现金净额,-23888000
815,00700.HK,00700,腾讯控股,10009066,2003-12-31 00:00:00,001,12-31,2003-01-01 00:00:00,007004,已付股息(融资),10334000
816,00700.HK,00700,腾讯控股,10009066,2003-12-31 00:00:00,001,12-31,2003-01-01 00:00:00,007008,回购股份,37855000
817,00700.HK,00700,腾讯控股,10009066,2003-12-31 00:00:00,001,12-31,2003-01-01 00:00:00,007999,融资业务现金净额,-48189000
818,00700.HK,00700,腾讯控股,10009066,2003-12-31 00:00:00,001,12-31,2003-01-01 00:00:00,010999,现金净额,280332000
819,00700.HK,00700,腾讯控股,10009066,2003-12-31 00:00:00,001,12-31,2003-01-01 00:00:00,011001,期初现金,45254000
820,00700.HK,00700,腾讯控股,10009066,2003-12-31 00:00:00,001,12-31,2003-01-01 00:00:00,011999,期末现金,325586000
821,00700.HK,00700,腾讯控股,10009066,2002-12-31 00:00:00,001,12-31,2002-01-01 00:00:00,001001,除税前溢利(业务利润),143765000
822,00700.HK,00700,腾讯控股,10009066,2002-12-31 00:00:00,001,12-31,2002-01-01 00:00:00,001002,减:利息收入,936000
823,00700.HK,00700,腾讯控股,10009066,2002-12-31 00:00:00,001,12-31,2002-01-01 00:00:00,001008,减:出售资产之溢利,-18000
824,00700.HK,00700,腾讯控股,10009066,2002-12-31 00:00:00,001,12-31,2002-01-01 00:00:00,001009,加:折旧及摊销,6155000
825,00700.HK,00700,腾讯控股,10009066,2002-12-31 00:00:00,001,12-31,2002-01-01 00:00:00,001999,营运资金变动前经营溢利,149002000
826,00700.HK,00700,腾讯控股,10009066,2002-12-31 00:00:00,001,12-31,2002-01-01 00:00:00,002002,应收帐款减少,-50594000
827,00700.HK,00700,腾讯控股,10009066,2002-12-31 00:00:00,001,12-31,2002-01-01 00:00:00,002005,应付关联方款项增加(减少),-7420000
828,00700.HK,00700,腾讯控股,10009066,2002-12-31 00:00:00,001,12-31,2002-01-01 00:00:00,002007,预付款项、按金及其他应收款项减少(增加),-2089000
829,00700.HK,00700,腾讯控股,10009066,2002-12-31 00:00:00,001,12-31,2002-01-01 00:00:00,002008,预收账款、按金及其他应付款增加(减少),2337000
830,00700.HK,00700,腾讯控股,10009066,2002-12-31 00:00:00,001,12-31,2002-01-01 00:00:00,002009,递延收入(增加)减少,523000
831,00700.HK,00700,腾讯控股,10009066,2002-12-31 00:00:00,001,12-31,2002-01-01 00:00:00,002999,经营产生现金,91759000
832,00700.HK,00700,腾讯控股,10009066,2002-12-31 00:00:00,001,12-31,2002-01-01 00:00:00,003999,经营业务现金净额,91759000
833,00700.HK,00700,腾讯控股,10009066,2002-12-31 00:00:00,001,12-31,2002-01-01 00:00:00,005001,已收利息(投资),449000
834,00700.HK,00700,腾讯控股,10009066,2002-12-31 00:00:00,001,12-31,2002-01-01 00:00:00,005003,存款减少(增加),-67440000
835,00700.HK,00700,腾讯控股,10009066,2002-12-31 00:00:00,001,12-31,2002-01-01 00:00:00,005005,购建固定资产,28156000
836,00700.HK,00700,腾讯控股,10009066,2002-12-31 00:00:00,001,12-31,2002-01-01 00:00:00,005999,投资业务现金净额,-95147000
837,00700.HK,00700,腾讯控股,10009066,2002-12-31 00:00:00,001,12-31,2002-01-01 00:00:00,007006,发行股份,8919000
838,00700.HK,00700,腾讯控股,10009066,2002-12-31 00:00:00,001,12-31,2002-01-01 00:00:00,007999,融资业务现金净额,8919000
839,00700.HK,00700,腾讯控股,10009066,2002-12-31 00:00:00,001,12-31,2002-01-01 00:00:00,010999,现金净额,5531000
840,00700.HK,00700,腾讯控股,10009066,2002-12-31 00:00:00,001,12-31,2002-01-01 00:00:00,011001,期初现金,39723000
841,00700.HK,00700,腾讯控股,10009066,2002-12-31 00:00:00,001,12-31,2002-01-01 00:00:00,011999,期末现金,45254000
842,00700.HK,00700,腾讯控股,10009066,2001-12-31 00:00:00,001,12-31,2001-01-01 00:00:00,001001,除税前溢利(业务利润),10216000
843,00700.HK,00700,腾讯控股,10009066,2001-12-31 00:00:00,001,12-31,2001-01-01 00:00:00,001002,减:利息收入,395000
844,00700.HK,00700,腾讯控股,10009066,2001-12-31 00:00:00,001,12-31,2001-01-01 00:00:00,001003,加:利息支出,617000
845,00700.HK,00700,腾讯控股,10009066,2001-12-31 00:00:00,001,12-31,2001-01-01 00:00:00,001009,加:折旧及摊销,2448000
846,00700.HK,00700,腾讯控股,10009066,2001-12-31 00:00:00,001,12-31,2001-01-01 00:00:00,001999,营运资金变动前经营溢利,12886000
847,00700.HK,00700,腾讯控股,10009066,2001-12-31 00:00:00,001,12-31,2001-01-01 00:00:00,002002,应收帐款减少,-8500000
848,00700.HK,00700,腾讯控股,10009066,2001-12-31 00:00:00,001,12-31,2001-01-01 00:00:00,002005,应付关联方款项增加(减少),8919000
849,00700.HK,00700,腾讯控股,10009066,2001-12-31 00:00:00,001,12-31,2001-01-01 00:00:00,002007,预付款项、按金及其他应收款项减少(增加),112000
850,00700.HK,00700,腾讯控股,10009066,2001-12-31 00:00:00,001,12-31,2001-01-01 00:00:00,002008,预收账款、按金及其他应付款增加(减少),7343000
851,00700.HK,00700,腾讯控股,10009066,2001-12-31 00:00:00,001,12-31,2001-01-01 00:00:00,002999,经营产生现金,20760000
852,00700.HK,00700,腾讯控股,10009066,2001-12-31 00:00:00,001,12-31,2001-01-01 00:00:00,003002,已付利息(经营),4000
853,00700.HK,00700,腾讯控股,10009066,2001-12-31 00:00:00,001,12-31,2001-01-01 00:00:00,003999,经营业务现金净额,20756000
854,00700.HK,00700,腾讯控股,10009066,2001-12-31 00:00:00,001,12-31,2001-01-01 00:00:00,005001,已收利息(投资),395000
855,00700.HK,00700,腾讯控股,10009066,2001-12-31 00:00:00,001,12-31,2001-01-01 00:00:00,005005,购建固定资产,11456000
856,00700.HK,00700,腾讯控股,10009066,2001-12-31 00:00:00,001,12-31,2001-01-01 00:00:00,005999,投资业务现金净额,-11061000
857,00700.HK,00700,腾讯控股,10009066,2001-12-31 00:00:00,001,12-31,2001-01-01 00:00:00,007002,偿还借款,800000
858,00700.HK,00700,腾讯控股,10009066,2001-12-31 00:00:00,001,12-31,2001-01-01 00:00:00,007006,发行股份,8919000
859,00700.HK,00700,腾讯控股,10009066,2001-12-31 00:00:00,001,12-31,2001-01-01 00:00:00,007999,融资业务现金净额,8119000
860,00700.HK,00700,腾讯控股,10009066,2001-12-31 00:00:00,001,12-31,2001-01-01 00:00:00,010999,现金净额,17814000
861,00700.HK,00700,腾讯控股,10009066,2001-12-31 00:00:00,001,12-31,2001-01-01 00:00:00,011001,期初现金,21909000
862,00700.HK,00700,腾讯控股,10009066,2001-12-31 00:00:00,001,12-31,2001-01-01 00:00:00,011999,期末现金,39723000
